source,source_url,name_or_title,category,price,currency,rating,author,tags,description,availability,scraped_at
Books to Scrape,https://books.toscrape.com/catalogue/its-only-the-himalayas_981/index.html,It's Only the Himalayas,Travel,45.17,GBP,2,,,,In stock,2026-10-06T07:03:53+00:00
Books to Scrape,https://books.toscrape.com/catalogue/full-moon-over-noahs-ark-an-odyssey-to-mount-ararat-and-beyond_811/index.html,Full Moon over Noah’s Ark: An Odyssey to Mount Ararat and Beyond,Travel,49.43,GBP,4,,,,In stock,2026-10-06T07:03:53+00:00
Books to Scrape,https://books.toscrape.com/catalogue/see-america-a-celebration-of-our-national-parks-treasured-sites_732/index.html,See America: A Celebration of Our National Parks & Treasured Sites,Travel,48.87,GBP,3,,,,In stock,2026-10-06T07:03:53+00:00
Books to Scrape,https://books.toscrape.com/catalogue/vagabonding-an-uncommon-guide-to-the-art-of-long-term-world-travel_552/index.html,Vagabonding: An Uncommon Guide to the Art of Long-Term World Travel,Travel,36.94,GBP,2,,,,In stock,2026-10-06T07:03:53+00:00
Books to Scrape,https://books.toscrape.com/catalogue/under-the-tuscan-sun_504/index.html,Under the Tuscan Sun,Travel,37.33,GBP,3,,,,In stock,2026-10-06T07:03:53+00:00
Books to Scrape,https://books.toscrape.com/catalogue/a-summer-in-europe_458/index.html,A Summer In Europe,Travel,44.34,GBP,2,,,,In stock,2026-10-06T07:03:53+00:00
Books to Scrape,https://books.toscrape.com/catalogue/the-great-railway-bazaar_446/index.html,The Great Railway Bazaar,Travel,30.54,GBP,1,,,,In stock,2026-10-06T07:03:53+00:00
Books to Scrape,https://books.toscrape.com/catalogue/a-year-in-provence-provence-1_421/index.html,A Year in Provence (Provence #1),Travel,56.88,GBP,4,,,,In stock,2026-10-06T07:03:53+00:00
Books to Scrape,https://books.toscrape.com/catalogue/the-road-to-little-dribbling-adventures-of-an-american-in-britain-notes-from-a-small-island-2_277/index.html,The Road to Little Dribbling: Adventures of an American in Britain (Notes From a Small Island #2),Travel,23.21,GBP,1,,,,In stock,2026-10-06T07:03:53+00:00
Books to Scrape,https://books.toscrape.com/catalogue/neither-here-nor-there-travels-in-europe_198/index.html,Neither Here nor There: Travels in Europe,Travel,38.95,GBP,3,,,,In stock,2026-10-06T07:03:53+00:00
Books to Scrape,https://books.toscrape.com/catalogue/1000-places-to-see-before-you-die_1/index.html,"1,000 Places to See Before You Die",Travel,26.08,GBP,5,,,,In stock,2026-10-06T07:03:53+00:00
Books to Scrape,https://books.toscrape.com/catalogue/sharp-objects_997/index.html,Sharp Objects,Mystery,47.82,GBP,4,,,,In stock,2026-10-06T07:03:53+00:00
Books to Scrape,https://books.toscrape.com/catalogue/in-a-dark-dark-wood_963/index.html,"In a Dark, Dark Wood",Mystery,19.63,GBP,1,,,,In stock,2026-10-06T07:03:53+00:00
Books to Scrape,https://books.toscrape.com/catalogue/the-past-never-ends_942/index.html,The Past Never Ends,Mystery,56.5,GBP,4,,,,In stock,2026-10-06T07:03:53+00:00
Books to Scrape,https://books.toscrape.com/catalogue/a-murder-in-time_877/index.html,A Murder in Time,Mystery,16.64,GBP,1,,,,In stock,2026-10-06T07:03:53+00:00
Books to Scrape,https://books.toscrape.com/catalogue/the-murder-of-roger-ackroyd-hercule-poirot-4_852/index.html,The Murder of Roger Ackroyd (Hercule Poirot #4),Mystery,44.1,GBP,4,,,,In stock,2026-10-06T07:03:53+00:00
Books to Scrape,https://books.toscrape.com/catalogue/the-last-mile-amos-decker-2_754/index.html,The Last Mile (Amos Decker #2),Mystery,54.21,GBP,2,,,,In stock,2026-10-06T07:03:53+00:00
Books to Scrape,https://books.toscrape.com/catalogue/that-darkness-gardiner-and-renner-1_743/index.html,That Darkness (Gardiner and Renner #1),Mystery,13.92,GBP,1,,,,In stock,2026-10-06T07:03:53+00:00
Books to Scrape,https://books.toscrape.com/catalogue/tastes-like-fear-di-marnie-rome-3_742/index.html,Tastes Like Fear (DI Marnie Rome #3),Mystery,10.69,GBP,1,,,,In stock,2026-10-06T07:03:53+00:00
Books to Scrape,https://books.toscrape.com/catalogue/a-time-of-torment-charlie-parker-14_657/index.html,A Time of Torment (Charlie Parker #14),Mystery,48.35,GBP,5,,,,In stock,2026-10-06T07:03:53+00:00
Books to Scrape,https://books.toscrape.com/catalogue/a-study-in-scarlet-sherlock-holmes-1_656/index.html,A Study in Scarlet (Sherlock Holmes #1),Mystery,16.73,GBP,2,,,,In stock,2026-10-06T07:03:53+00:00
Books to Scrape,https://books.toscrape.com/catalogue/poisonous-max-revere-novels-3_627/index.html,Poisonous (Max Revere Novels #3),Mystery,26.8,GBP,3,,,,In stock,2026-10-06T07:03:53+00:00
Books to Scrape,https://books.toscrape.com/catalogue/murder-at-the-42nd-street-library-raymond-ambler-1_624/index.html,Murder at the 42nd Street Library (Raymond Ambler #1),Mystery,54.36,GBP,4,,,,In stock,2026-10-06T07:03:53+00:00
Books to Scrape,https://books.toscrape.com/catalogue/most-wanted_623/index.html,Most Wanted,Mystery,35.28,GBP,3,,,,In stock,2026-10-06T07:03:53+00:00
Books to Scrape,https://books.toscrape.com/catalogue/hide-away-eve-duncan-20_620/index.html,Hide Away (Eve Duncan #20),Mystery,11.84,GBP,1,,,,In stock,2026-10-06T07:03:53+00:00
Books to Scrape,https://books.toscrape.com/catalogue/boar-island-anna-pigeon-19_613/index.html,Boar Island (Anna Pigeon #19),Mystery,59.48,GBP,3,,,,In stock,2026-10-06T07:03:53+00:00
Books to Scrape,https://books.toscrape.com/catalogue/the-widow_609/index.html,The Widow,Mystery,27.26,GBP,2,,,,In stock,2026-10-06T07:03:53+00:00
Books to Scrape,https://books.toscrape.com/catalogue/playing-with-fire_602/index.html,Playing with Fire,Mystery,13.71,GBP,3,,,,In stock,2026-10-06T07:03:53+00:00
Books to Scrape,https://books.toscrape.com/catalogue/what-happened-on-beale-street-secrets-of-the-south-mysteries-2_506/index.html,What Happened on Beale Street (Secrets of the South Mysteries #2),Mystery,25.37,GBP,5,,,,In stock,2026-10-06T07:03:53+00:00
Books to Scrape,https://books.toscrape.com/catalogue/the-bachelor-girls-guide-to-murder-herringford-and-watts-mysteries-1_491/index.html,The Bachelor Girl's Guide to Murder (Herringford and Watts Mysteries #1),Mystery,52.3,GBP,5,,,,In stock,2026-10-06T07:03:53+00:00
Books to Scrape,https://books.toscrape.com/catalogue/delivering-the-truth-quaker-midwife-mystery-1_464/index.html,Delivering the Truth (Quaker Midwife Mystery #1),Mystery,20.89,GBP,4,,,,In stock,2026-10-06T07:03:53+00:00
Books to Scrape,https://books.toscrape.com/catalogue/the-mysterious-affair-at-styles-hercule-poirot-1_452/index.html,The Mysterious Affair at Styles (Hercule Poirot #1),Mystery,24.8,GBP,4,,,,In stock,2026-10-06T07:03:53+00:00
Books to Scrape,https://books.toscrape.com/catalogue/in-the-woods-dublin-murder-squad-1_433/index.html,In the Woods (Dublin Murder Squad #1),Mystery,38.38,GBP,2,,,,In stock,2026-10-06T07:03:53+00:00
Books to Scrape,https://books.toscrape.com/catalogue/the-silkworm-cormoran-strike-2_280/index.html,The Silkworm (Cormoran Strike #2),Mystery,23.05,GBP,5,,,,In stock,2026-10-06T07:03:53+00:00
Books to Scrape,https://books.toscrape.com/catalogue/the-exiled_247/index.html,The Exiled,Mystery,43.45,GBP,3,,,,In stock,2026-10-06T07:03:53+00:00
Books to Scrape,https://books.toscrape.com/catalogue/the-cuckoos-calling-cormoran-strike-1_239/index.html,The Cuckoo's Calling (Cormoran Strike #1),Mystery,19.21,GBP,1,,,,In stock,2026-10-06T07:03:53+00:00
Books to Scrape,https://books.toscrape.com/catalogue/extreme-prey-lucas-davenport-26_154/index.html,Extreme Prey (Lucas Davenport #26),Mystery,25.4,GBP,3,,,,In stock,2026-10-06T07:03:53+00:00
Books to Scrape,https://books.toscrape.com/catalogue/career-of-evil-cormoran-strike-3_137/index.html,Career of Evil (Cormoran Strike #3),Mystery,24.72,GBP,2,,,,In stock,2026-10-06T07:03:53+00:00
Books to Scrape,https://books.toscrape.com/catalogue/the-no-1-ladies-detective-agency-no-1-ladies-detective-agency-1_76/index.html,The No. 1 Ladies' Detective Agency (No. 1 Ladies' Detective Agency #1),Mystery,57.7,GBP,4,,,,In stock,2026-10-06T07:03:53+00:00
Books to Scrape,https://books.toscrape.com/catalogue/the-girl-you-lost_66/index.html,The Girl You Lost,Mystery,12.29,GBP,5,,,,In stock,2026-10-06T07:03:53+00:00
Books to Scrape,https://books.toscrape.com/catalogue/the-girl-in-the-ice-dci-erika-foster-1_65/index.html,The Girl In The Ice (DCI Erika Foster #1),Mystery,15.85,GBP,3,,,,In stock,2026-10-06T07:03:53+00:00
Books to Scrape,https://books.toscrape.com/catalogue/blood-defense-samantha-brinkman-1_8/index.html,Blood Defense (Samantha Brinkman #1),Mystery,20.3,GBP,3,,,,In stock,2026-10-06T07:03:53+00:00
Books to Scrape,https://books.toscrape.com/catalogue/1st-to-die-womens-murder-club-1_2/index.html,1st to Die (Women's Murder Club #1),Mystery,53.98,GBP,1,,,,In stock,2026-10-06T07:03:53+00:00
Books to Scrape,https://books.toscrape.com/catalogue/tipping-the-velvet_999/index.html,Tipping the Velvet,Historical Fiction,53.74,GBP,1,,,,In stock,2026-10-06T07:03:53+00:00
Books to Scrape,https://books.toscrape.com/catalogue/forever-and-forever-the-courtship-of-henry-longfellow-and-fanny-appleton_894/index.html,Forever and Forever: The Courtship of Henry Longfellow and Fanny Appleton,Historical Fiction,29.69,GBP,3,,,,In stock,2026-10-06T07:03:53+00:00
Books to Scrape,https://books.toscrape.com/catalogue/a-flight-of-arrows-the-pathfinders-2_876/index.html,A Flight of Arrows (The Pathfinders #2),Historical Fiction,55.53,GBP,5,,,,In stock,2026-10-06T07:03:53+00:00
Books to Scrape,https://books.toscrape.com/catalogue/the-house-by-the-lake_846/index.html,The House by the Lake,Historical Fiction,36.95,GBP,1,,,,In stock,2026-10-06T07:03:53+00:00
Books to Scrape,https://books.toscrape.com/catalogue/mrs-houdini_821/index.html,Mrs. Houdini,Historical Fiction,30.25,GBP,5,,,,In stock,2026-10-06T07:03:53+00:00
Books to Scrape,https://books.toscrape.com/catalogue/the-marriage-of-opposites_759/index.html,The Marriage of Opposites,Historical Fiction,28.08,GBP,4,,,,In stock,2026-10-06T07:03:53+00:00
Books to Scrape,https://books.toscrape.com/catalogue/glory-over-everything-beyond-the-kitchen-house_696/index.html,Glory over Everything: Beyond The Kitchen House,Historical Fiction,45.84,GBP,3,,,,In stock,2026-10-06T07:03:53+00:00
Books to Scrape,https://books.toscrape.com/catalogue/love-lies-and-spies_622/index.html,"Love, Lies and Spies",Historical Fiction,20.55,GBP,2,,,,In stock,2026-10-06T07:03:53+00:00
Books to Scrape,https://books.toscrape.com/catalogue/a-paris-apartment_612/index.html,A Paris Apartment,Historical Fiction,39.01,GBP,4,,,,In stock,2026-10-06T07:03:53+00:00
Books to Scrape,https://books.toscrape.com/catalogue/lilac-girls_597/index.html,Lilac Girls,Historical Fiction,17.28,GBP,2,,,,In stock,2026-10-06T07:03:53+00:00
Books to Scrape,https://books.toscrape.com/catalogue/the-constant-princess-the-tudor-court-1_493/index.html,The Constant Princess (The Tudor Court #1),Historical Fiction,16.62,GBP,3,,,,In stock,2026-10-06T07:03:53+00:00
Books to Scrape,https://books.toscrape.com/catalogue/the-invention-of-wings_448/index.html,The Invention of Wings,Historical Fiction,37.34,GBP,1,,,,In stock,2026-10-06T07:03:53+00:00
Books to Scrape,https://books.toscrape.com/catalogue/world-without-end-the-pillars-of-the-earth-2_420/index.html,World Without End (The Pillars of the Earth #2),Historical Fiction,32.97,GBP,4,,,,In stock,2026-10-06T07:03:53+00:00
Books to Scrape,https://books.toscrape.com/catalogue/the-passion-of-dolssa_351/index.html,The Passion of Dolssa,Historical Fiction,28.32,GBP,5,,,,In stock,2026-10-06T07:03:53+00:00
Books to Scrape,https://books.toscrape.com/catalogue/girl-with-a-pearl-earring_322/index.html,Girl With a Pearl Earring,Historical Fiction,26.77,GBP,1,,,,In stock,2026-10-06T07:03:53+00:00
Books to Scrape,https://books.toscrape.com/catalogue/voyager-outlander-3_299/index.html,Voyager (Outlander #3),Historical Fiction,21.07,GBP,5,,,,In stock,2026-10-06T07:03:53+00:00
Books to Scrape,https://books.toscrape.com/catalogue/the-red-tent_273/index.html,The Red Tent,Historical Fiction,35.66,GBP,5,,,,In stock,2026-10-06T07:03:53+00:00
Books to Scrape,https://books.toscrape.com/catalogue/the-last-painting-of-sara-de-vos_259/index.html,The Last Painting of Sara de Vos,Historical Fiction,55.55,GBP,2,,,,In stock,2026-10-06T07:03:53+00:00
Books to Scrape,https://books.toscrape.com/catalogue/the-guernsey-literary-and-potato-peel-pie-society_253/index.html,The Guernsey Literary and Potato Peel Pie Society,Historical Fiction,49.53,GBP,1,,,,In stock,2026-10-06T07:03:53+00:00
Books to Scrape,https://books.toscrape.com/catalogue/girl-in-the-blue-coat_160/index.html,Girl in the Blue Coat,Historical Fiction,46.83,GBP,2,,,,In stock,2026-10-06T07:03:53+00:00
Books to Scrape,https://books.toscrape.com/catalogue/between-shades-of-gray_128/index.html,Between Shades of Gray,Historical Fiction,20.79,GBP,5,,,,In stock,2026-10-06T07:03:53+00:00
Books to Scrape,https://books.toscrape.com/catalogue/while-you-were-mine_97/index.html,While You Were Mine,Historical Fiction,41.32,GBP,5,,,,In stock,2026-10-06T07:03:53+00:00
Books to Scrape,https://books.toscrape.com/catalogue/the-secret-healer_80/index.html,The Secret Healer,Historical Fiction,34.56,GBP,3,,,,In stock,2026-10-06T07:03:53+00:00
Books to Scrape,https://books.toscrape.com/catalogue/starlark_56/index.html,Starlark,Historical Fiction,25.83,GBP,3,,,,In stock,2026-10-06T07:03:53+00:00
Books to Scrape,https://books.toscrape.com/catalogue/lost-among-the-living_31/index.html,Lost Among the Living,Historical Fiction,27.7,GBP,4,,,,In stock,2026-10-06T07:03:53+00:00
Books to Scrape,https://books.toscrape.com/catalogue/a-spys-devotion-the-regency-spies-of-london-1_3/index.html,A Spy's Devotion (The Regency Spies of London #1),Historical Fiction,16.97,GBP,5,,,,In stock,2026-10-06T07:03:53+00:00
Books to Scrape,https://books.toscrape.com/catalogue/scott-pilgrims-precious-little-life-scott-pilgrim-1_987/index.html,Scott Pilgrim's Precious Little Life (Scott Pilgrim #1),Sequential Art,52.29,GBP,5,,,,In stock,2026-10-06T07:03:53+00:00
Books to Scrape,https://books.toscrape.com/catalogue/tsubasa-world-chronicle-2-tsubasa-world-chronicle-2_949/index.html,Tsubasa: WoRLD CHRoNiCLE 2 (Tsubasa WoRLD CHRoNiCLE #2),Sequential Art,16.28,GBP,1,,,,In stock,2026-10-06T07:03:53+00:00
Books to Scrape,https://books.toscrape.com/catalogue/this-one-summer_947/index.html,This One Summer,Sequential Art,19.49,GBP,4,,,,In stock,2026-10-06T07:03:53+00:00
Books to Scrape,https://books.toscrape.com/catalogue/the-nameless-city-the-nameless-city-1_940/index.html,The Nameless City (The Nameless City #1),Sequential Art,38.16,GBP,4,,,,In stock,2026-10-06T07:03:53+00:00
Books to Scrape,https://books.toscrape.com/catalogue/saga-volume-5-saga-collected-editions-5_923/index.html,"Saga, Volume 5 (Saga (Collected Editions) #5)",Sequential Art,51.04,GBP,2,,,,In stock,2026-10-06T07:03:53+00:00
Books to Scrape,https://books.toscrape.com/catalogue/rat-queens-vol-3-demons-rat-queens-collected-editions-11-15_921/index.html,"Rat Queens, Vol. 3: Demons (Rat Queens (Collected Editions) #11-15)",Sequential Art,50.4,GBP,3,,,,In stock,2026-10-06T07:03:53+00:00
Books to Scrape,https://books.toscrape.com/catalogue/princess-jellyfish-2-in-1-omnibus-vol-01-princess-jellyfish-2-in-1-omnibus-1_920/index.html,"Princess Jellyfish 2-in-1 Omnibus, Vol. 01 (Princess Jellyfish 2-in-1 Omnibus #1)",Sequential Art,13.61,GBP,5,,,,In stock,2026-10-06T07:03:53+00:00
Books to Scrape,https://books.toscrape.com/catalogue/pop-gun-war-volume-1-gift_918/index.html,"Pop Gun War, Volume 1: Gift",Sequential Art,18.97,GBP,1,,,,In stock,2026-10-06T07:03:53+00:00
Books to Scrape,https://books.toscrape.com/catalogue/patience_916/index.html,Patience,Sequential Art,10.16,GBP,3,,,,In stock,2026-10-06T07:03:53+00:00
Books to Scrape,https://books.toscrape.com/catalogue/outcast-vol-1-a-darkness-surrounds-him-outcast-1_915/index.html,"Outcast, Vol. 1: A Darkness Surrounds Him (Outcast #1)",Sequential Art,15.44,GBP,4,,,,In stock,2026-10-06T07:03:53+00:00
Books to Scrape,https://books.toscrape.com/catalogue/orange-the-complete-collection-1-orange-the-complete-collection-1_914/index.html,orange: The Complete Collection 1 (orange: The Complete Collection #1),Sequential Art,48.41,GBP,1,,,,In stock,2026-10-06T07:03:53+00:00
Books to Scrape,https://books.toscrape.com/catalogue/lumberjanes-vol-2-friendship-to-the-max-lumberjanes-5-8_907/index.html,"Lumberjanes, Vol. 2: Friendship to the Max (Lumberjanes #5-8)",Sequential Art,46.91,GBP,2,,,,In stock,2026-10-06T07:03:53+00:00
Books to Scrape,https://books.toscrape.com/catalogue/lumberjanes-vol-1-beware-the-kitten-holy-lumberjanes-1-4_906/index.html,"Lumberjanes, Vol. 1: Beware the Kitten Holy (Lumberjanes #1-4)",Sequential Art,45.61,GBP,3,,,,In stock,2026-10-06T07:03:53+00:00
Books to Scrape,https://books.toscrape.com/catalogue/lumberjanes-vol-3-a-terrible-plan-lumberjanes-9-12_905/index.html,Lumberjanes Vol. 3: A Terrible Plan (Lumberjanes #9-12),Sequential Art,19.92,GBP,2,,,,In stock,2026-10-06T07:03:53+00:00
Books to Scrape,https://books.toscrape.com/catalogue/i-hate-fairyland-vol-1-madly-ever-after-i-hate-fairyland-compilations-1-5_899/index.html,"I Hate Fairyland, Vol. 1: Madly Ever After (I Hate Fairyland (Compilations) #1-5)",Sequential Art,29.17,GBP,2,,,,In stock,2026-10-06T07:03:53+00:00
Books to Scrape,https://books.toscrape.com/catalogue/i-am-a-hero-omnibus-volume-1_898/index.html,I am a Hero Omnibus Volume 1,Sequential Art,54.63,GBP,3,,,,In stock,2026-10-06T07:03:53+00:00
Books to Scrape,https://books.toscrape.com/catalogue/giant-days-vol-2-giant-days-5-8_895/index.html,"Giant Days, Vol. 2 (Giant Days #5-8)",Sequential Art,22.11,GBP,2,,,,In stock,2026-10-06T07:03:53+00:00
Books to Scrape,https://books.toscrape.com/catalogue/danganronpa-volume-1_889/index.html,Danganronpa Volume 1,Sequential Art,51.99,GBP,4,,,,In stock,2026-10-06T07:03:53+00:00
Books to Scrape,https://books.toscrape.com/catalogue/codename-baboushka-volume-1-the-conclave-of-death_887/index.html,"Codename Baboushka, Volume 1: The Conclave of Death",Sequential Art,36.72,GBP,4,,,,In stock,2026-10-06T07:03:53+00:00
Books to Scrape,https://books.toscrape.com/catalogue/camp-midnight_886/index.html,Camp Midnight,Sequential Art,17.08,GBP,4,,,,In stock,2026-10-06T07:03:53+00:00
Books to Scrape,https://books.toscrape.com/catalogue/bitch-planet-vol-1-extraordinary-machine-bitch-planet-collected-editions_882/index.html,"Bitch Planet, Vol. 1: Extraordinary Machine (Bitch Planet (Collected Editions))",Sequential Art,37.92,GBP,2,,,,In stock,2026-10-06T07:03:53+00:00
Books to Scrape,https://books.toscrape.com/catalogue/the-shadow-hero-the-shadow-hero_860/index.html,The Shadow Hero (The Shadow Hero),Sequential Art,33.14,GBP,1,,,,In stock,2026-10-06T07:03:53+00:00
Books to Scrape,https://books.toscrape.com/catalogue/fables-vol-1-legends-in-exile-fables-1_806/index.html,"Fables, Vol. 1: Legends in Exile (Fables #1)",Sequential Art,41.62,GBP,4,,,,In stock,2026-10-06T07:03:53+00:00
Books to Scrape,https://books.toscrape.com/catalogue/batman-the-long-halloween-batman_793/index.html,Batman: The Long Halloween (Batman),Sequential Art,36.5,GBP,2,,,,In stock,2026-10-06T07:03:53+00:00
Books to Scrape,https://books.toscrape.com/catalogue/batman-the-dark-knight-returns-batman_792/index.html,Batman: The Dark Knight Returns (Batman),Sequential Art,15.38,GBP,5,,,,In stock,2026-10-06T07:03:53+00:00
Books to Scrape,https://books.toscrape.com/catalogue/wonder-woman-earth-one-volume-one-wonder-woman-earth-one-1_783/index.html,"Wonder Woman: Earth One, Volume One (Wonder Woman: Earth One #1)",Sequential Art,37.34,GBP,4,,,,In stock,2026-10-06T07:03:53+00:00
Books to Scrape,https://books.toscrape.com/catalogue/we-are-robin-vol-1-the-vigilante-business-we-are-robin-1_778/index.html,"We Are Robin, Vol. 1: The Vigilante Business (We Are Robin #1)",Sequential Art,53.9,GBP,1,,,,In stock,2026-10-06T07:03:53+00:00
Books to Scrape,https://books.toscrape.com/catalogue/through-the-woods_772/index.html,Through the Woods,Sequential Art,25.38,GBP,2,,,,In stock,2026-10-06T07:03:53+00:00
Books to Scrape,https://books.toscrape.com/catalogue/superman-vol-1-before-truth-superman-by-gene-luen-yang-1_739/index.html,Superman Vol. 1: Before Truth (Superman by Gene Luen Yang #1),Sequential Art,11.89,GBP,5,,,,In stock,2026-10-06T07:03:53+00:00
Books to Scrape,https://books.toscrape.com/catalogue/so-cute-it-hurts-vol-6-so-cute-it-hurts-6_734/index.html,"So Cute It Hurts!!, Vol. 6 (So Cute It Hurts!! #6)",Sequential Art,35.43,GBP,4,,,,In stock,2026-10-06T07:03:53+00:00
Books to Scrape,https://books.toscrape.com/catalogue/robin-war_730/index.html,Robin War,Sequential Art,47.82,GBP,3,,,,In stock,2026-10-06T07:03:53+00:00
Books to Scrape,https://books.toscrape.com/catalogue/red-hoodarsenal-vol-1-open-for-business-red-hoodarsenal-1_729/index.html,"Red Hood/Arsenal, Vol. 1: Open for Business (Red Hood/Arsenal #1)",Sequential Art,25.48,GBP,2,,,,In stock,2026-10-06T07:03:53+00:00
Books to Scrape,https://books.toscrape.com/catalogue/naruto-3-in-1-edition-vol-14-includes-vols-40-41-42-naruto-omnibus-14_721/index.html,"Naruto (3-in-1 Edition), Vol. 14: Includes Vols. 40, 41 & 42 (Naruto: Omnibus #14)",Sequential Art,38.39,GBP,2,,,,In stock,2026-10-06T07:03:53+00:00
Books to Scrape,https://books.toscrape.com/catalogue/lowriders-to-the-center-of-the-earth-lowriders-in-space-2_712/index.html,Lowriders to the Center of the Earth (Lowriders in Space #2),Sequential Art,51.51,GBP,2,,,,In stock,2026-10-06T07:03:53+00:00
Books to Scrape,https://books.toscrape.com/catalogue/el-deafo_691/index.html,El Deafo,Sequential Art,57.62,GBP,5,,,,In stock,2026-10-06T07:03:53+00:00
Books to Scrape,https://books.toscrape.com/catalogue/batman-europa_668/index.html,Batman: Europa,Sequential Art,32.01,GBP,2,,,,In stock,2026-10-06T07:03:53+00:00
Books to Scrape,https://books.toscrape.com/catalogue/art-ops-vol-1_664/index.html,Art Ops Vol. 1,Sequential Art,48.8,GBP,3,,,,In stock,2026-10-06T07:03:53+00:00
Books to Scrape,https://books.toscrape.com/catalogue/adulthood-is-a-myth-a-sarahs-scribbles-collection_659/index.html,"Adulthood Is a Myth: A ""Sarah's Scribbles"" Collection",Sequential Art,10.9,GBP,2,,,,In stock,2026-10-06T07:03:53+00:00
Books to Scrape,https://books.toscrape.com/catalogue/fruits-basket-vol-9-fruits-basket-9_563/index.html,"Fruits Basket, Vol. 9 (Fruits Basket #9)",Sequential Art,33.95,GBP,4,,,,In stock,2026-10-06T07:03:53+00:00
Books to Scrape,https://books.toscrape.com/catalogue/roller-girl_540/index.html,Roller Girl,Sequential Art,14.1,GBP,5,,,,In stock,2026-10-06T07:03:53+00:00
Books to Scrape,https://books.toscrape.com/catalogue/fruits-basket-vol-7-fruits-basket-7_468/index.html,"Fruits Basket, Vol. 7 (Fruits Basket #7)",Sequential Art,19.57,GBP,1,,,,In stock,2026-10-06T07:03:53+00:00
Books to Scrape,https://books.toscrape.com/catalogue/fruits-basket-vol-6-fruits-basket-6_427/index.html,"Fruits Basket, Vol. 6 (Fruits Basket #6)",Sequential Art,20.96,GBP,4,,,,In stock,2026-10-06T07:03:53+00:00
Books to Scrape,https://books.toscrape.com/catalogue/death-note-vol-6-give-and-take-death-note-6_425/index.html,"Death Note, Vol. 6: Give-and-Take (Death Note #6)",Sequential Art,36.39,GBP,3,,,,In stock,2026-10-06T07:03:53+00:00
Books to Scrape,https://books.toscrape.com/catalogue/fruits-basket-vol-5-fruits-basket-5_376/index.html,"Fruits Basket, Vol. 5 (Fruits Basket #5)",Sequential Art,16.33,GBP,1,,,,In stock,2026-10-06T07:03:53+00:00
Books to Scrape,https://books.toscrape.com/catalogue/death-note-vol-5-whiteout-death-note-5_368/index.html,"Death Note, Vol. 5: Whiteout (Death Note #5)",Sequential Art,52.41,GBP,1,,,,In stock,2026-10-06T07:03:53+00:00
Books to Scrape,https://books.toscrape.com/catalogue/the-demon-prince-of-momochi-house-vol-4-the-demon-prince-of-momochi-house-4_344/index.html,"The Demon Prince of Momochi House, Vol. 4 (The Demon Prince of Momochi House #4)",Sequential Art,27.88,GBP,2,,,,In stock,2026-10-06T07:03:53+00:00
Books to Scrape,https://books.toscrape.com/catalogue/fruits-basket-vol-4-fruits-basket-4_321/index.html,"Fruits Basket, Vol. 4 (Fruits Basket #4)",Sequential Art,50.44,GBP,4,,,,In stock,2026-10-06T07:03:53+00:00
Books to Scrape,https://books.toscrape.com/catalogue/the-wicked-the-divine-vol-3-commercial-suicide-the-wicked-the-divine_287/index.html,"The Wicked + The Divine, Vol. 3: Commercial Suicide (The Wicked + The Divine)",Sequential Art,14.41,GBP,3,,,,In stock,2026-10-06T07:03:53+00:00
Books to Scrape,https://books.toscrape.com/catalogue/the-sandman-vol-3-dream-country-the-sandman-volumes-3_279/index.html,"The Sandman, Vol. 3: Dream Country (The Sandman (volumes) #3)",Sequential Art,55.55,GBP,5,,,,In stock,2026-10-06T07:03:53+00:00
Books to Scrape,https://books.toscrape.com/catalogue/saga-volume-3-saga-collected-editions-3_216/index.html,"Saga, Volume 3 (Saga (Collected Editions) #3)",Sequential Art,21.57,GBP,5,,,,In stock,2026-10-06T07:03:53+00:00
Books to Scrape,https://books.toscrape.com/catalogue/prodigy-the-graphic-novel-legend-the-graphic-novel-2_207/index.html,Prodigy: The Graphic Novel (Legend: The Graphic Novel #2),Sequential Art,43.63,GBP,3,,,,In stock,2026-10-06T07:03:53+00:00
Books to Scrape,https://books.toscrape.com/catalogue/persepolis-the-story-of-a-childhood-persepolis-1-2_206/index.html,Persepolis: The Story of a Childhood (Persepolis #1-2),Sequential Art,39.13,GBP,1,,,,In stock,2026-10-06T07:03:53+00:00
Books to Scrape,https://books.toscrape.com/catalogue/original-fake_203/index.html,Original Fake,Sequential Art,31.45,GBP,3,,,,In stock,2026-10-06T07:03:53+00:00
Books to Scrape,https://books.toscrape.com/catalogue/grayson-vol-3-nemesis-grayson-3_164/index.html,"Grayson, Vol 3: Nemesis (Grayson #3)",Sequential Art,42.72,GBP,1,,,,In stock,2026-10-06T07:03:53+00:00
Books to Scrape,https://books.toscrape.com/catalogue/fruits-basket-vol-3-fruits-basket-3_159/index.html,"Fruits Basket, Vol. 3 (Fruits Basket #3)",Sequential Art,45.17,GBP,2,,,,In stock,2026-10-06T07:03:53+00:00
Books to Scrape,https://books.toscrape.com/catalogue/black-butler-vol-1-black-butler-1_130/index.html,"Black Butler, Vol. 1 (Black Butler #1)",Sequential Art,49.31,GBP,1,,,,In stock,2026-10-06T07:03:53+00:00
Books to Scrape,https://books.toscrape.com/catalogue/awkward_124/index.html,Awkward,Sequential Art,38.02,GBP,2,,,,In stock,2026-10-06T07:03:53+00:00
Books to Scrape,https://books.toscrape.com/catalogue/the-sandman-vol-2-the-dolls-house-the-sandman-volumes-2_110/index.html,"The Sandman, Vol. 2: The Doll's House (The Sandman (volumes) #2)",Sequential Art,54.81,GBP,1,,,,In stock,2026-10-06T07:03:53+00:00
Books to Scrape,https://books.toscrape.com/catalogue/saga-volume-2-saga-collected-editions-2_107/index.html,"Saga, Volume 2 (Saga (Collected Editions) #2)",Sequential Art,11.75,GBP,3,,,,In stock,2026-10-06T07:03:53+00:00
Books to Scrape,https://books.toscrape.com/catalogue/fruits-basket-vol-2-fruits-basket-2_100/index.html,"Fruits Basket, Vol. 2 (Fruits Basket #2)",Sequential Art,11.64,GBP,5,,,,In stock,2026-10-06T07:03:53+00:00
Books to Scrape,https://books.toscrape.com/catalogue/y-the-last-man-vol-1-unmanned-y-the-last-man-1_98/index.html,"Y: The Last Man, Vol. 1: Unmanned (Y: The Last Man #1)",Sequential Art,18.51,GBP,4,,,,In stock,2026-10-06T07:03:53+00:00
Books to Scrape,https://books.toscrape.com/catalogue/the-wicked-the-divine-vol-1-the-faust-act-the-wicked-the-divine_86/index.html,"The Wicked + The Divine, Vol. 1: The Faust Act (The Wicked + The Divine)",Sequential Art,36.52,GBP,2,,,,In stock,2026-10-06T07:03:53+00:00
Books to Scrape,https://books.toscrape.com/catalogue/the-sandman-vol-1-preludes-and-nocturnes-the-sandman-volumes-1_79/index.html,"The Sandman, Vol. 1: Preludes and Nocturnes (The Sandman (volumes) #1)",Sequential Art,54.12,GBP,3,,,,In stock,2026-10-06T07:03:53+00:00
Books to Scrape,https://books.toscrape.com/catalogue/the-complete-maus-maus-1-2_62/index.html,The Complete Maus (Maus #1-2),Sequential Art,10.64,GBP,3,,,,In stock,2026-10-06T07:03:53+00:00
Books to Scrape,https://books.toscrape.com/catalogue/skip-beat-vol-01-skip-beat-1_55/index.html,"Skip Beat!, Vol. 01 (Skip Beat! #1)",Sequential Art,42.12,GBP,3,,,,In stock,2026-10-06T07:03:53+00:00
Books to Scrape,https://books.toscrape.com/catalogue/saga-volume-1-saga-collected-editions-1_48/index.html,"Saga, Volume 1 (Saga (Collected Editions) #1)",Sequential Art,28.48,GBP,1,,,,In stock,2026-10-06T07:03:53+00:00
Books to Scrape,https://books.toscrape.com/catalogue/rat-queens-vol-1-sass-sorcery-rat-queens-collected-editions-1-5_46/index.html,"Rat Queens, Vol. 1: Sass & Sorcery (Rat Queens (Collected Editions) #1-5)",Sequential Art,46.96,GBP,5,,,,In stock,2026-10-06T07:03:53+00:00
Books to Scrape,https://books.toscrape.com/catalogue/paper-girls-vol-1-paper-girls-1-5_44/index.html,"Paper Girls, Vol. 1 (Paper Girls #1-5)",Sequential Art,21.71,GBP,4,,,,In stock,2026-10-06T07:03:53+00:00
Books to Scrape,https://books.toscrape.com/catalogue/ouran-high-school-host-club-vol-1-ouran-high-school-host-club-1_43/index.html,"Ouran High School Host Club, Vol. 1 (Ouran High School Host Club #1)",Sequential Art,29.87,GBP,3,,,,In stock,2026-10-06T07:03:53+00:00
Books to Scrape,https://books.toscrape.com/catalogue/ms-marvel-vol-1-no-normal-ms-marvel-2014-2015-1_34/index.html,"Ms. Marvel, Vol. 1: No Normal (Ms. Marvel (2014-2015) #1)",Sequential Art,39.39,GBP,4,,,,In stock,2026-10-06T07:03:53+00:00
Books to Scrape,https://books.toscrape.com/catalogue/hawkeye-vol-1-my-life-as-a-weapon-hawkeye-1_24/index.html,"Hawkeye, Vol. 1: My Life as a Weapon (Hawkeye #1)",Sequential Art,45.24,GBP,3,,,,In stock,2026-10-06T07:03:53+00:00
Books to Scrape,https://books.toscrape.com/catalogue/giant-days-vol-1-giant-days-1-4_22/index.html,"Giant Days, Vol. 1 (Giant Days #1-4)",Sequential Art,56.76,GBP,4,,,,In stock,2026-10-06T07:03:53+00:00
Books to Scrape,https://books.toscrape.com/catalogue/fruits-basket-vol-1-fruits-basket-1_21/index.html,"Fruits Basket, Vol. 1 (Fruits Basket #1)",Sequential Art,40.28,GBP,5,,,,In stock,2026-10-06T07:03:53+00:00
Books to Scrape,https://books.toscrape.com/catalogue/bleach-vol-1-strawberry-and-the-soul-reapers-bleach-1_7/index.html,"Bleach, Vol. 1: Strawberry and the Soul Reapers (Bleach #1)",Sequential Art,34.65,GBP,5,,,,In stock,2026-10-06T07:03:53+00:00
Books to Scrape,https://books.toscrape.com/catalogue/ajin-demi-human-volume-1-ajin-demi-human-1_4/index.html,"Ajin: Demi-Human, Volume 1 (Ajin: Demi-Human #1)",Sequential Art,57.06,GBP,4,,,,In stock,2026-10-06T07:03:53+00:00
Books to Scrape,https://books.toscrape.com/catalogue/the-secret-garden_413/index.html,The Secret Garden,Classics,15.08,GBP,4,,,,In stock,2026-10-06T07:03:53+00:00
Books to Scrape,https://books.toscrape.com/catalogue/the-metamorphosis_409/index.html,The Metamorphosis,Classics,28.58,GBP,1,,,,In stock,2026-10-06T07:03:53+00:00
Books to Scrape,https://books.toscrape.com/catalogue/the-pilgrims-progress_353/index.html,The Pilgrim's Progress,Classics,50.26,GBP,2,,,,In stock,2026-10-06T07:03:53+00:00
Books to Scrape,https://books.toscrape.com/catalogue/the-hound-of-the-baskervilles-sherlock-holmes-5_348/index.html,The Hound of the Baskervilles (Sherlock Holmes #5),Classics,14.82,GBP,2,,,,In stock,2026-10-06T07:03:53+00:00
Books to Scrape,https://books.toscrape.com/catalogue/little-women-little-women-1_331/index.html,Little Women (Little Women #1),Classics,28.07,GBP,4,,,,In stock,2026-10-06T07:03:53+00:00
Books to Scrape,https://books.toscrape.com/catalogue/gone-with-the-wind_324/index.html,Gone with the Wind,Classics,32.49,GBP,3,,,,In stock,2026-10-06T07:03:53+00:00
Books to Scrape,https://books.toscrape.com/catalogue/candide_316/index.html,Candide,Classics,58.63,GBP,3,,,,In stock,2026-10-06T07:03:53+00:00
Books to Scrape,https://books.toscrape.com/catalogue/animal-farm_313/index.html,Animal Farm,Classics,57.22,GBP,3,,,,In stock,2026-10-06T07:03:53+00:00
Books to Scrape,https://books.toscrape.com/catalogue/wuthering-heights_307/index.html,Wuthering Heights,Classics,17.73,GBP,3,,,,In stock,2026-10-06T07:03:53+00:00
Books to Scrape,https://books.toscrape.com/catalogue/the-picture-of-dorian-gray_270/index.html,The Picture of Dorian Gray,Classics,29.7,GBP,2,,,,In stock,2026-10-06T07:03:53+00:00
Books to Scrape,https://books.toscrape.com/catalogue/the-complete-stories-and-poems-the-works-of-edgar-allan-poe-cameo-edition_238/index.html,The Complete Stories and Poems (The Works of Edgar Allan Poe [Cameo Edition]),Classics,26.78,GBP,4,,,,In stock,2026-10-06T07:03:53+00:00
Books to Scrape,https://books.toscrape.com/catalogue/beowulf_126/index.html,Beowulf,Classics,38.35,GBP,2,,,,In stock,2026-10-06T07:03:53+00:00
Books to Scrape,https://books.toscrape.com/catalogue/and-then-there-were-none_119/index.html,And Then There Were None,Classics,35.01,GBP,2,,,,In stock,2026-10-06T07:03:53+00:00
Books to Scrape,https://books.toscrape.com/catalogue/the-story-of-hong-gildong_84/index.html,The Story of Hong Gildong,Classics,43.19,GBP,4,,,,In stock,2026-10-06T07:03:53+00:00
Books to Scrape,https://books.toscrape.com/catalogue/the-little-prince_72/index.html,The Little Prince,Classics,45.42,GBP,2,,,,In stock,2026-10-06T07:03:53+00:00
Books to Scrape,https://books.toscrape.com/catalogue/sense-and-sensibility_49/index.html,Sense and Sensibility,Classics,37.46,GBP,1,,,,In stock,2026-10-06T07:03:53+00:00
Books to Scrape,https://books.toscrape.com/catalogue/of-mice-and-men_37/index.html,Of Mice and Men,Classics,47.11,GBP,2,,,,In stock,2026-10-06T07:03:53+00:00
Books to Scrape,https://books.toscrape.com/catalogue/emma_17/index.html,Emma,Classics,32.93,GBP,2,,,,In stock,2026-10-06T07:03:53+00:00
Books to Scrape,https://books.toscrape.com/catalogue/alice-in-wonderland-alices-adventures-in-wonderland-1_5/index.html,Alice in Wonderland (Alice's Adventures in Wonderland #1),Classics,55.53,GBP,1,,,,In stock,2026-10-06T07:03:53+00:00
Books to Scrape,https://books.toscrape.com/catalogue/sophies-world_966/index.html,Sophie's World,Philosophy,15.94,GBP,5,,,,In stock,2026-10-06T07:03:53+00:00
Books to Scrape,https://books.toscrape.com/catalogue/the-death-of-humanity-and-the-case-for-life_932/index.html,The Death of Humanity: and the Case for Life,Philosophy,58.11,GBP,4,,,,In stock,2026-10-06T07:03:53+00:00
Books to Scrape,https://books.toscrape.com/catalogue/the-stranger_861/index.html,The Stranger,Philosophy,17.44,GBP,4,,,,In stock,2026-10-06T07:03:53+00:00
Books to Scrape,https://books.toscrape.com/catalogue/proofs-of-god-classical-arguments-from-tertullian-to-barth_538/index.html,Proofs of God: Classical Arguments from Tertullian to Barth,Philosophy,54.21,GBP,1,,,,In stock,2026-10-06T07:03:53+00:00
Books to Scrape,https://books.toscrape.com/catalogue/kierkegaard-a-christian-missionary-to-christians_527/index.html,Kierkegaard: A Christian Missionary to Christians,Philosophy,47.13,GBP,1,,,,In stock,2026-10-06T07:03:53+00:00
Books to Scrape,https://books.toscrape.com/catalogue/at-the-existentialist-cafe-freedom-being-and-apricot-cocktails-with-jean-paul-sartre-simone-de-beauvoir-albert-camus-martin-heidegger-edmund-husserl-karl-jaspers-maurice-merleau-ponty-and-others_459/index.html,"At The Existentialist Café: Freedom, Being, and apricot cocktails with: Jean-Paul Sartre, Simone de Beauvoir, Albert Camus, Martin Heidegger, Edmund Husserl, Karl Jaspers, Maurice Merleau-Ponty and others",Philosophy,29.93,GBP,5,,,,In stock,2026-10-06T07:03:53+00:00
Books to Scrape,https://books.toscrape.com/catalogue/critique-of-pure-reason_366/index.html,Critique of Pure Reason,Philosophy,20.75,GBP,1,,,,In stock,2026-10-06T07:03:53+00:00
Books to Scrape,https://books.toscrape.com/catalogue/run-spot-run-the-ethics-of-keeping-pets_106/index.html,"Run, Spot, Run: The Ethics of Keeping Pets",Philosophy,20.02,GBP,1,,,,In stock,2026-10-06T07:03:53+00:00
Books to Scrape,https://books.toscrape.com/catalogue/the-nicomachean-ethics_75/index.html,The Nicomachean Ethics,Philosophy,36.34,GBP,1,,,,In stock,2026-10-06T07:03:53+00:00
Books to Scrape,https://books.toscrape.com/catalogue/meditations_33/index.html,Meditations,Philosophy,25.89,GBP,2,,,,In stock,2026-10-06T07:03:53+00:00
Books to Scrape,https://books.toscrape.com/catalogue/beyond-good-and-evil_6/index.html,Beyond Good and Evil,Philosophy,43.38,GBP,1,,,,In stock,2026-10-06T07:03:53+00:00
Books to Scrape,https://books.toscrape.com/catalogue/chase-me-paris-nights-2_977/index.html,Chase Me (Paris Nights #2),Romance,25.27,GBP,5,,,,In stock,2026-10-06T07:03:53+00:00
Books to Scrape,https://books.toscrape.com/catalogue/black-dust_976/index.html,Black Dust,Romance,34.53,GBP,5,,,,In stock,2026-10-06T07:03:53+00:00
Books to Scrape,https://books.toscrape.com/catalogue/her-backup-boyfriend-the-sorensen-family-1_896/index.html,Her Backup Boyfriend (The Sorensen Family #1),Romance,33.97,GBP,1,,,,In stock,2026-10-06T07:03:53+00:00
Books to Scrape,https://books.toscrape.com/catalogue/first-and-first-five-boroughs-3_893/index.html,First and First (Five Boroughs #3),Romance,15.97,GBP,4,,,,In stock,2026-10-06T07:03:53+00:00
Books to Scrape,https://books.toscrape.com/catalogue/fifty-shades-darker-fifty-shades-2_892/index.html,Fifty Shades Darker (Fifty Shades #2),Romance,21.96,GBP,1,,,,In stock,2026-10-06T07:03:53+00:00
Books to Scrape,https://books.toscrape.com/catalogue/the-wedding-dress_864/index.html,The Wedding Dress,Romance,24.12,GBP,1,,,,In stock,2026-10-06T07:03:53+00:00
Books to Scrape,https://books.toscrape.com/catalogue/suddenly-in-love-lake-haven-1_835/index.html,Suddenly in Love (Lake Haven #1),Romance,55.99,GBP,2,,,,In stock,2026-10-06T07:03:53+00:00
Books to Scrape,https://books.toscrape.com/catalogue/something-more-than-this_834/index.html,Something More Than This,Romance,16.24,GBP,4,,,,In stock,2026-10-06T07:03:53+00:00
Books to Scrape,https://books.toscrape.com/catalogue/doing-it-over-most-likely-to-1_802/index.html,Doing It Over (Most Likely To #1),Romance,35.61,GBP,3,,,,In stock,2026-10-06T07:03:53+00:00
Books to Scrape,https://books.toscrape.com/catalogue/the-wedding-pact-the-omalleys-2_767/index.html,The Wedding Pact (The O'Malleys #2),Romance,32.61,GBP,3,,,,In stock,2026-10-06T07:03:53+00:00
Books to Scrape,https://books.toscrape.com/catalogue/hold-your-breath-search-and-rescue-1_700/index.html,Hold Your Breath (Search and Rescue #1),Romance,28.82,GBP,1,,,,In stock,2026-10-06T07:03:53+00:00
Books to Scrape,https://books.toscrape.com/catalogue/dirty-dive-bar-1_615/index.html,Dirty (Dive Bar #1),Romance,40.83,GBP,4,,,,In stock,2026-10-06T07:03:53+00:00
Books to Scrape,https://books.toscrape.com/catalogue/take-me-home-tonight-rock-star-romance-3_605/index.html,Take Me Home Tonight (Rock Star Romance #3),Romance,53.98,GBP,3,,,,In stock,2026-10-06T07:03:53+00:00
Books to Scrape,https://books.toscrape.com/catalogue/off-the-hook-fishing-for-trouble-1_601/index.html,Off the Hook (Fishing for Trouble #1),Romance,47.67,GBP,3,,,,In stock,2026-10-06T07:03:53+00:00
Books to Scrape,https://books.toscrape.com/catalogue/a-gentlemans-position-society-of-gentlemen-3_584/index.html,A Gentleman's Position (Society of Gentlemen #3),Romance,14.75,GBP,5,,,,In stock,2026-10-06T07:03:53+00:00
Books to Scrape,https://books.toscrape.com/catalogue/sit-stay-love_486/index.html,"Sit, Stay, Love",Romance,20.9,GBP,3,,,,In stock,2026-10-06T07:03:53+00:00
Books to Scrape,https://books.toscrape.com/catalogue/a-girls-guide-to-moving-on-new-beginnings-2_359/index.html,A Girl's Guide to Moving On (New Beginnings #2),Romance,31.3,GBP,1,,,,In stock,2026-10-06T07:03:53+00:00
Books to Scrape,https://books.toscrape.com/catalogue/the-perfect-play-play-by-play-1_352/index.html,The Perfect Play (Play by Play #1),Romance,59.99,GBP,3,,,,In stock,2026-10-06T07:03:53+00:00
Books to Scrape,https://books.toscrape.com/catalogue/dark-lover-black-dagger-brotherhood-1_319/index.html,Dark Lover (Black Dagger Brotherhood #1),Romance,12.87,GBP,1,,,,In stock,2026-10-06T07:03:53+00:00
Books to Scrape,https://books.toscrape.com/catalogue/changing-the-game-play-by-play-2_317/index.html,Changing the Game (Play by Play #2),Romance,13.38,GBP,3,,,,In stock,2026-10-06T07:03:53+00:00
Books to Scrape,https://books.toscrape.com/catalogue/a-walk-to-remember_312/index.html,A Walk to Remember,Romance,56.43,GBP,1,,,,In stock,2026-10-06T07:03:53+00:00
Books to Scrape,https://books.toscrape.com/catalogue/the-purest-hook-second-circle-tattoos-3_271/index.html,The Purest Hook (Second Circle Tattoos #3),Romance,12.25,GBP,1,,,,In stock,2026-10-06T07:03:53+00:00
Books to Scrape,https://books.toscrape.com/catalogue/the-obsession_268/index.html,The Obsession,Romance,45.43,GBP,1,,,,In stock,2026-10-06T07:03:53+00:00
Books to Scrape,https://books.toscrape.com/catalogue/reservations-for-two_211/index.html,Reservations for Two,Romance,11.1,GBP,3,,,,In stock,2026-10-06T07:03:53+00:00
Books to Scrape,https://books.toscrape.com/catalogue/best-of-my-love-fools-gold-20_127/index.html,Best of My Love (Fool's Gold #20),Romance,27.41,GBP,2,,,,In stock,2026-10-06T07:03:53+00:00
Books to Scrape,https://books.toscrape.com/catalogue/where-lightning-strikes-bleeding-stars-3_96/index.html,Where Lightning Strikes (Bleeding Stars #3),Romance,39.77,GBP,3,,,,In stock,2026-10-06T07:03:53+00:00
Books to Scrape,https://books.toscrape.com/catalogue/this-one-moment-pushing-limits-1_88/index.html,This One Moment (Pushing Limits #1),Romance,48.71,GBP,1,,,,In stock,2026-10-06T07:03:53+00:00
Books to Scrape,https://books.toscrape.com/catalogue/rhythm-chord-malykhin_47/index.html,"Rhythm, Chord & Malykhin",Romance,28.34,GBP,2,,,,In stock,2026-10-06T07:03:53+00:00
Books to Scrape,https://books.toscrape.com/catalogue/my-perfect-mistake-over-the-top-1_35/index.html,My Perfect Mistake (Over the Top #1),Romance,38.92,GBP,2,,,,In stock,2026-10-06T07:03:53+00:00
Books to Scrape,https://books.toscrape.com/catalogue/listen-to-me-fusion-1_29/index.html,Listen to Me (Fusion #1),Romance,58.99,GBP,3,,,,In stock,2026-10-06T07:03:53+00:00
Books to Scrape,https://books.toscrape.com/catalogue/imperfect-harmony_26/index.html,Imperfect Harmony,Romance,34.74,GBP,4,,,,In stock,2026-10-06T07:03:53+00:00
Books to Scrape,https://books.toscrape.com/catalogue/fighting-fate-fighting-6_18/index.html,Fighting Fate (Fighting #6),Romance,39.24,GBP,3,,,,In stock,2026-10-06T07:03:53+00:00
Books to Scrape,https://books.toscrape.com/catalogue/deep-under-walker-security-1_15/index.html,Deep Under (Walker Security #1),Romance,47.09,GBP,5,,,,In stock,2026-10-06T07:03:53+00:00
Books to Scrape,https://books.toscrape.com/catalogue/charitys-cross-charles-towne-belles-4_12/index.html,Charity's Cross (Charles Towne Belles #4),Romance,41.24,GBP,1,,,,In stock,2026-10-06T07:03:53+00:00
Books to Scrape,https://books.toscrape.com/catalogue/bounty-colorado-mountain-7_9/index.html,Bounty (Colorado Mountain #7),Romance,37.26,GBP,4,,,,In stock,2026-10-06T07:03:53+00:00
Books to Scrape,https://books.toscrape.com/catalogue/i-had-a-nice-time-and-other-lies-how-to-find-love-sht-like-that_814/index.html,I Had a Nice Time And Other Lies...: How to find love & sh*t like that,Womens Fiction,57.36,GBP,4,,,,In stock,2026-10-06T07:03:53+00:00
Books to Scrape,https://books.toscrape.com/catalogue/will-you-wont-you-want-me_644/index.html,Will You Won't You Want Me?,Womens Fiction,13.86,GBP,3,,,,In stock,2026-10-06T07:03:53+00:00
Books to Scrape,https://books.toscrape.com/catalogue/keep-me-posted_594/index.html,Keep Me Posted,Womens Fiction,20.46,GBP,4,,,,In stock,2026-10-06T07:03:53+00:00
Books to Scrape,https://books.toscrape.com/catalogue/grey-fifty-shades-4_592/index.html,Grey (Fifty Shades #4),Womens Fiction,48.49,GBP,4,,,,In stock,2026-10-06T07:03:53+00:00
Books to Scrape,https://books.toscrape.com/catalogue/meternity_478/index.html,Meternity,Womens Fiction,43.58,GBP,3,,,,In stock,2026-10-06T07:03:53+00:00
Books to Scrape,https://books.toscrape.com/catalogue/some-women_341/index.html,Some Women,Womens Fiction,13.73,GBP,5,,,,In stock,2026-10-06T07:03:53+00:00
Books to Scrape,https://books.toscrape.com/catalogue/shopaholic-ties-the-knot-shopaholic-3_340/index.html,Shopaholic Ties the Knot (Shopaholic #3),Womens Fiction,48.39,GBP,5,,,,In stock,2026-10-06T07:03:53+00:00
Books to Scrape,https://books.toscrape.com/catalogue/can-you-keep-a-secret_315/index.html,Can You Keep a Secret?,Womens Fiction,21.94,GBP,1,,,,In stock,2026-10-06T07:03:53+00:00
Books to Scrape,https://books.toscrape.com/catalogue/twenties-girl_292/index.html,Twenties Girl,Womens Fiction,42.8,GBP,2,,,,In stock,2026-10-06T07:03:53+00:00
Books to Scrape,https://books.toscrape.com/catalogue/the-undomestic-goddess_286/index.html,The Undomestic Goddess,Womens Fiction,45.75,GBP,4,,,,In stock,2026-10-06T07:03:53+00:00
Books to Scrape,https://books.toscrape.com/catalogue/the-nanny-diaries-nanny-1_265/index.html,The Nanny Diaries (Nanny #1),Womens Fiction,52.53,GBP,5,,,,In stock,2026-10-06T07:03:53+00:00
Books to Scrape,https://books.toscrape.com/catalogue/the-devil-wears-prada-the-devil-wears-prada-1_243/index.html,The Devil Wears Prada (The Devil Wears Prada #1),Womens Fiction,44.29,GBP,1,,,,In stock,2026-10-06T07:03:53+00:00
Books to Scrape,https://books.toscrape.com/catalogue/something-borrowed-darcy-rachel-1_224/index.html,Something Borrowed (Darcy & Rachel #1),Womens Fiction,48.96,GBP,5,,,,In stock,2026-10-06T07:03:53+00:00
Books to Scrape,https://books.toscrape.com/catalogue/something-blue-darcy-rachel-2_223/index.html,Something Blue (Darcy & Rachel #2),Womens Fiction,54.62,GBP,1,,,,In stock,2026-10-06T07:03:53+00:00
Books to Scrape,https://books.toscrape.com/catalogue/ive-got-your-number_173/index.html,I've Got Your Number,Womens Fiction,19.69,GBP,1,,,,In stock,2026-10-06T07:03:53+00:00
Books to Scrape,https://books.toscrape.com/catalogue/the-edge-of-reason-bridget-jones-2_63/index.html,The Edge of Reason (Bridget Jones #2),Womens Fiction,19.18,GBP,4,,,,In stock,2026-10-06T07:03:53+00:00
Books to Scrape,https://books.toscrape.com/catalogue/bridget-joness-diary-bridget-jones-1_10/index.html,Bridget Jones's Diary (Bridget Jones #1),Womens Fiction,29.82,GBP,1,,,,In stock,2026-10-06T07:03:53+00:00
Books to Scrape,https://books.toscrape.com/catalogue/soumission_998/index.html,Soumission,Fiction,50.1,GBP,1,,,,In stock,2026-10-06T07:03:53+00:00
Books to Scrape,https://books.toscrape.com/catalogue/private-paris-private-10_958/index.html,Private Paris (Private #10),Fiction,47.61,GBP,5,,,,In stock,2026-10-06T07:03:53+00:00
Books to Scrape,https://books.toscrape.com/catalogue/we-love-you-charlie-freeman_954/index.html,"We Love You, Charlie Freeman",Fiction,50.27,GBP,5,,,,In stock,2026-10-06T07:03:53+00:00
Books to Scrape,https://books.toscrape.com/catalogue/thirst_946/index.html,Thirst,Fiction,17.27,GBP,5,,,,In stock,2026-10-06T07:03:53+00:00
Books to Scrape,https://books.toscrape.com/catalogue/the-murder-that-never-was-forensic-instincts-5_939/index.html,The Murder That Never Was (Forensic Instincts #5),Fiction,54.11,GBP,3,,,,In stock,2026-10-06T07:03:53+00:00
Books to Scrape,https://books.toscrape.com/catalogue/tuesday-nights-in-1980_870/index.html,Tuesday Nights in 1980,Fiction,21.04,GBP,2,,,,In stock,2026-10-06T07:03:53+00:00
Books to Scrape,https://books.toscrape.com/catalogue/the-vacationers_863/index.html,The Vacationers,Fiction,42.15,GBP,4,,,,In stock,2026-10-06T07:03:53+00:00
Books to Scrape,https://books.toscrape.com/catalogue/the-regional-office-is-under-attack_858/index.html,The Regional Office Is Under Attack!,Fiction,51.36,GBP,5,,,,In stock,2026-10-06T07:03:53+00:00
Books to Scrape,https://books.toscrape.com/catalogue/finders-keepers-bill-hodges-trilogy-2_807/index.html,Finders Keepers (Bill Hodges Trilogy #2),Fiction,53.53,GBP,5,,,,In stock,2026-10-06T07:03:53+00:00
Books to Scrape,https://books.toscrape.com/catalogue/the-time-keeper_766/index.html,The Time Keeper,Fiction,27.88,GBP,5,,,,In stock,2026-10-06T07:03:53+00:00
Books to Scrape,https://books.toscrape.com/catalogue/the-testament-of-mary_765/index.html,The Testament of Mary,Fiction,52.67,GBP,4,,,,In stock,2026-10-06T07:03:53+00:00
Books to Scrape,https://books.toscrape.com/catalogue/the-first-hostage-jb-collins-2_749/index.html,The First Hostage (J.B. Collins #2),Fiction,25.85,GBP,3,,,,In stock,2026-10-06T07:03:53+00:00
Books to Scrape,https://books.toscrape.com/catalogue/take-me-with-you_741/index.html,Take Me with You,Fiction,45.21,GBP,3,,,,In stock,2026-10-06T07:03:53+00:00
Books to Scrape,https://books.toscrape.com/catalogue/still-life-with-bread-crumbs_738/index.html,Still Life with Bread Crumbs,Fiction,26.41,GBP,3,,,,In stock,2026-10-06T07:03:53+00:00
Books to Scrape,https://books.toscrape.com/catalogue/shtum_733/index.html,Shtum,Fiction,55.84,GBP,4,,,,In stock,2026-10-06T07:03:53+00:00
Books to Scrape,https://books.toscrape.com/catalogue/my-name-is-lucy-barton_720/index.html,My Name Is Lucy Barton,Fiction,41.56,GBP,1,,,,In stock,2026-10-06T07:03:53+00:00
Books to Scrape,https://books.toscrape.com/catalogue/my-mrs-brown_719/index.html,My Mrs. Brown,Fiction,24.48,GBP,3,,,,In stock,2026-10-06T07:03:53+00:00
Books to Scrape,https://books.toscrape.com/catalogue/mr-mercedes-bill-hodges-trilogy-1_717/index.html,Mr. Mercedes (Bill Hodges Trilogy #1),Fiction,28.9,GBP,1,,,,In stock,2026-10-06T07:03:53+00:00
Books to Scrape,https://books.toscrape.com/catalogue/i-am-pilgrim-pilgrim-1_703/index.html,I Am Pilgrim (Pilgrim #1),Fiction,10.6,GBP,4,,,,In stock,2026-10-06T07:03:53+00:00
Books to Scrape,https://books.toscrape.com/catalogue/eligible-the-austen-project-4_692/index.html,Eligible (The Austen Project #4),Fiction,27.09,GBP,3,,,,In stock,2026-10-06T07:03:53+00:00
Books to Scrape,https://books.toscrape.com/catalogue/eight-hundred-grapes_690/index.html,Eight Hundred Grapes,Fiction,14.39,GBP,4,,,,In stock,2026-10-06T07:03:53+00:00
Books to Scrape,https://books.toscrape.com/catalogue/dear-mr-knightley_684/index.html,Dear Mr. Knightley,Fiction,11.21,GBP,5,,,,In stock,2026-10-06T07:03:53+00:00
Books to Scrape,https://books.toscrape.com/catalogue/cometh-the-hour-the-clifton-chronicles-6_681/index.html,Cometh the Hour (The Clifton Chronicles #6),Fiction,25.01,GBP,3,,,,In stock,2026-10-06T07:03:53+00:00
Books to Scrape,https://books.toscrape.com/catalogue/balloon-animals_665/index.html,Balloon Animals,Fiction,17.03,GBP,3,,,,In stock,2026-10-06T07:03:53+00:00
Books to Scrape,https://books.toscrape.com/catalogue/a-man-called-ove_653/index.html,A Man Called Ove,Fiction,39.72,GBP,1,,,,In stock,2026-10-06T07:03:53+00:00
Books to Scrape,https://books.toscrape.com/catalogue/the-silent-sister-riley-macpherson-1_641/index.html,The Silent Sister (Riley MacPherson #1),Fiction,46.29,GBP,5,,,,In stock,2026-10-06T07:03:53+00:00
Books to Scrape,https://books.toscrape.com/catalogue/the-dinner-party_635/index.html,The Dinner Party,Fiction,56.54,GBP,2,,,,In stock,2026-10-06T07:03:53+00:00
Books to Scrape,https://books.toscrape.com/catalogue/the-improbability-of-love_607/index.html,The Improbability of Love,Fiction,59.45,GBP,1,,,,In stock,2026-10-06T07:03:53+00:00
Books to Scrape,https://books.toscrape.com/catalogue/mothering-sunday_600/index.html,Mothering Sunday,Fiction,13.34,GBP,2,,,,In stock,2026-10-06T07:03:53+00:00
Books to Scrape,https://books.toscrape.com/catalogue/lies-and-other-acts-of-love_596/index.html,Lies and Other Acts of Love,Fiction,45.14,GBP,1,,,,In stock,2026-10-06T07:03:53+00:00
Books to Scrape,https://books.toscrape.com/catalogue/daredevils_590/index.html,Daredevils,Fiction,16.34,GBP,3,,,,In stock,2026-10-06T07:03:53+00:00
Books to Scrape,https://books.toscrape.com/catalogue/112263_583/index.html,11/22/63,Fiction,48.48,GBP,3,,,,In stock,2026-10-06T07:03:53+00:00
Books to Scrape,https://books.toscrape.com/catalogue/the-shack_576/index.html,The Shack,Fiction,28.03,GBP,1,,,,In stock,2026-10-06T07:03:53+00:00
Books to Scrape,https://books.toscrape.com/catalogue/the-high-mountains-of-portugal_547/index.html,The High Mountains of Portugal,Fiction,51.15,GBP,1,,,,In stock,2026-10-06T07:03:53+00:00
Books to Scrape,https://books.toscrape.com/catalogue/millers-valley_534/index.html,Miller's Valley,Fiction,58.54,GBP,2,,,,In stock,2026-10-06T07:03:53+00:00
Books to Scrape,https://books.toscrape.com/catalogue/hystopia-a-novel_523/index.html,Hystopia: A Novel,Fiction,21.96,GBP,4,,,,In stock,2026-10-06T07:03:53+00:00
Books to Scrape,https://books.toscrape.com/catalogue/the-bourne-identity-jason-bourne-1_492/index.html,The Bourne Identity (Jason Bourne #1),Fiction,42.78,GBP,4,,,,In stock,2026-10-06T07:03:53+00:00
Books to Scrape,https://books.toscrape.com/catalogue/sister-dear_485/index.html,Sister Dear,Fiction,40.2,GBP,4,,,,In stock,2026-10-06T07:03:53+00:00
Books to Scrape,https://books.toscrape.com/catalogue/memoirs-of-a-geisha_477/index.html,Memoirs of a Geisha,Fiction,49.67,GBP,3,,,,In stock,2026-10-06T07:03:53+00:00
Books to Scrape,https://books.toscrape.com/catalogue/me-before-you-me-before-you-1_434/index.html,Me Before You (Me Before You #1),Fiction,19.02,GBP,1,,,,In stock,2026-10-06T07:03:53+00:00
Books to Scrape,https://books.toscrape.com/catalogue/deception-point_426/index.html,Deception Point,Fiction,40.32,GBP,4,,,,In stock,2026-10-06T07:03:53+00:00
Books to Scrape,https://books.toscrape.com/catalogue/the-little-paris-bookshop_407/index.html,The Little Paris Bookshop,Fiction,24.73,GBP,3,,,,In stock,2026-10-06T07:03:53+00:00
Books to Scrape,https://books.toscrape.com/catalogue/the-firm_404/index.html,The Firm,Fiction,45.56,GBP,3,,,,In stock,2026-10-06T07:03:53+00:00
Books to Scrape,https://books.toscrape.com/catalogue/the-expatriates_401/index.html,The Expatriates,Fiction,44.58,GBP,2,,,,In stock,2026-10-06T07:03:53+00:00
Books to Scrape,https://books.toscrape.com/catalogue/siddhartha_393/index.html,Siddhartha,Fiction,34.22,GBP,5,,,,In stock,2026-10-06T07:03:53+00:00
Books to Scrape,https://books.toscrape.com/catalogue/last-one-home-new-beginnings-1_383/index.html,Last One Home (New Beginnings #1),Fiction,59.98,GBP,3,,,,In stock,2026-10-06T07:03:53+00:00
Books to Scrape,https://books.toscrape.com/catalogue/digital-fortress_369/index.html,Digital Fortress,Fiction,58.0,GBP,5,,,,In stock,2026-10-06T07:03:53+00:00
Books to Scrape,https://books.toscrape.com/catalogue/atlas-shrugged_314/index.html,Atlas Shrugged,Fiction,26.58,GBP,5,,,,In stock,2026-10-06T07:03:53+00:00
Books to Scrape,https://books.toscrape.com/catalogue/three-martini-lunch_290/index.html,Three-Martini Lunch,Fiction,23.21,GBP,3,,,,In stock,2026-10-06T07:03:53+00:00
Books to Scrape,https://books.toscrape.com/catalogue/the-nightingale_267/index.html,The Nightingale,Fiction,26.26,GBP,4,,,,In stock,2026-10-06T07:03:53+00:00
Books to Scrape,https://books.toscrape.com/catalogue/the-infinities_257/index.html,The Infinities,Fiction,27.41,GBP,1,,,,In stock,2026-10-06T07:03:53+00:00
Books to Scrape,https://books.toscrape.com/catalogue/the-husbands-secret_256/index.html,The Husband's Secret,Fiction,52.51,GBP,5,,,,In stock,2026-10-06T07:03:53+00:00
Books to Scrape,https://books.toscrape.com/catalogue/the-da-vinci-code-robert-langdon-2_240/index.html,The Da Vinci Code (Robert Langdon #2),Fiction,22.96,GBP,2,,,,In stock,2026-10-06T07:03:53+00:00
Books to Scrape,https://books.toscrape.com/catalogue/the-art-of-fielding_228/index.html,The Art of Fielding,Fiction,22.1,GBP,1,,,,In stock,2026-10-06T07:03:53+00:00
Books to Scrape,https://books.toscrape.com/catalogue/lila-gilead-3_190/index.html,Lila (Gilead #3),Fiction,12.47,GBP,3,,,,In stock,2026-10-06T07:03:53+00:00
Books to Scrape,https://books.toscrape.com/catalogue/jurassic-park-jurassic-park-1_180/index.html,Jurassic Park (Jurassic Park #1),Fiction,44.97,GBP,1,,,,In stock,2026-10-06T07:03:53+00:00
Books to Scrape,https://books.toscrape.com/catalogue/inferno-robert-langdon-4_176/index.html,Inferno (Robert Langdon #4),Fiction,41.0,GBP,5,,,,In stock,2026-10-06T07:03:53+00:00
Books to Scrape,https://books.toscrape.com/catalogue/crazy-rich-asians-crazy-rich-asians-1_143/index.html,Crazy Rich Asians (Crazy Rich Asians #1),Fiction,49.13,GBP,5,,,,In stock,2026-10-06T07:03:53+00:00
Books to Scrape,https://books.toscrape.com/catalogue/big-little-lies_129/index.html,Big Little Lies,Fiction,22.11,GBP,1,,,,In stock,2026-10-06T07:03:53+00:00
Books to Scrape,https://books.toscrape.com/catalogue/the-course-of-love_109/index.html,The Course of Love,Fiction,16.78,GBP,3,,,,In stock,2026-10-06T07:03:53+00:00
Books to Scrape,https://books.toscrape.com/catalogue/when-im-gone_95/index.html,When I'm Gone,Fiction,51.96,GBP,3,,,,In stock,2026-10-06T07:03:53+00:00
Books to Scrape,https://books.toscrape.com/catalogue/the-silent-wife_83/index.html,The Silent Wife,Fiction,12.34,GBP,5,,,,In stock,2026-10-06T07:03:53+00:00
Books to Scrape,https://books.toscrape.com/catalogue/the-bette-davis-club_59/index.html,The Bette Davis Club,Fiction,30.66,GBP,3,,,,In stock,2026-10-06T07:03:53+00:00
Books to Scrape,https://books.toscrape.com/catalogue/kitchens-of-the-great-midwest_28/index.html,Kitchens of the Great Midwest,Fiction,57.2,GBP,5,,,,In stock,2026-10-06T07:03:53+00:00
Books to Scrape,https://books.toscrape.com/catalogue/bright-lines_11/index.html,Bright Lines,Fiction,39.07,GBP,5,,,,In stock,2026-10-06T07:03:53+00:00
Books to Scrape,https://books.toscrape.com/catalogue/birdsong-a-story-in-pictures_975/index.html,Birdsong: A Story in Pictures,Childrens,54.64,GBP,3,,,,In stock,2026-10-06T07:03:53+00:00
Books to Scrape,https://books.toscrape.com/catalogue/the-bear-and-the-piano_967/index.html,The Bear and the Piano,Childrens,36.89,GBP,1,,,,In stock,2026-10-06T07:03:53+00:00
Books to Scrape,https://books.toscrape.com/catalogue/the-secret-of-dreadwillow-carse_944/index.html,The Secret of Dreadwillow Carse,Childrens,56.13,GBP,1,,,,In stock,2026-10-06T07:03:53+00:00
Books to Scrape,https://books.toscrape.com/catalogue/the-white-cat-and-the-monk-a-retelling-of-the-poem-pangur-ban_865/index.html,The White Cat and the Monk: A Retelling of the Poem “Pangur Bán”,Childrens,58.08,GBP,4,,,,In stock,2026-10-06T07:03:53+00:00
Books to Scrape,https://books.toscrape.com/catalogue/little-red_817/index.html,Little Red,Childrens,13.47,GBP,3,,,,In stock,2026-10-06T07:03:53+00:00
Books to Scrape,https://books.toscrape.com/catalogue/walt-disneys-alice-in-wonderland_777/index.html,Walt Disney's Alice in Wonderland,Childrens,12.96,GBP,5,,,,In stock,2026-10-06T07:03:53+00:00
Books to Scrape,https://books.toscrape.com/catalogue/twenty-yawns_773/index.html,Twenty Yawns,Childrens,22.08,GBP,2,,,,In stock,2026-10-06T07:03:53+00:00
Books to Scrape,https://books.toscrape.com/catalogue/rain-fish_728/index.html,Rain Fish,Childrens,23.57,GBP,3,,,,In stock,2026-10-06T07:03:53+00:00
Books to Scrape,https://books.toscrape.com/catalogue/once-was-a-time_724/index.html,Once Was a Time,Childrens,18.28,GBP,2,,,,In stock,2026-10-06T07:03:53+00:00
Books to Scrape,https://books.toscrape.com/catalogue/luis-paints-the-world_714/index.html,Luis Paints the World,Childrens,53.95,GBP,3,,,,In stock,2026-10-06T07:03:53+00:00
Books to Scrape,https://books.toscrape.com/catalogue/nap-a-roo_567/index.html,Nap-a-Roo,Childrens,25.08,GBP,1,,,,In stock,2026-10-06T07:03:53+00:00
Books to Scrape,https://books.toscrape.com/catalogue/the-whale_501/index.html,The Whale,Childrens,35.96,GBP,4,,,,In stock,2026-10-06T07:03:53+00:00
Books to Scrape,https://books.toscrape.com/catalogue/shrunken-treasures-literary-classics-short-sweet-and-silly_484/index.html,"Shrunken Treasures: Literary Classics, Short, Sweet, and Silly",Childrens,52.87,GBP,3,,,,In stock,2026-10-06T07:03:53+00:00
Books to Scrape,https://books.toscrape.com/catalogue/raymie-nightingale_482/index.html,Raymie Nightingale,Childrens,34.41,GBP,2,,,,In stock,2026-10-06T07:03:53+00:00
Books to Scrape,https://books.toscrape.com/catalogue/playing-from-the-heart_481/index.html,Playing from the Heart,Childrens,32.38,GBP,1,,,,In stock,2026-10-06T07:03:53+00:00
Books to Scrape,https://books.toscrape.com/catalogue/maybe-something-beautiful-how-art-transformed-a-neighborhood_386/index.html,Maybe Something Beautiful: How Art Transformed a Neighborhood,Childrens,22.54,GBP,1,,,,In stock,2026-10-06T07:03:53+00:00
Books to Scrape,https://books.toscrape.com/catalogue/the-wild-robot_288/index.html,The Wild Robot,Childrens,56.07,GBP,3,,,,In stock,2026-10-06T07:03:53+00:00
Books to Scrape,https://books.toscrape.com/catalogue/the-thing-about-jellyfish_283/index.html,The Thing About Jellyfish,Childrens,48.77,GBP,1,,,,In stock,2026-10-06T07:03:53+00:00
Books to Scrape,https://books.toscrape.com/catalogue/the-lonely-ones_261/index.html,The Lonely Ones,Childrens,43.59,GBP,5,,,,In stock,2026-10-06T07:03:53+00:00
Books to Scrape,https://books.toscrape.com/catalogue/the-day-the-crayons-came-home-crayons_241/index.html,The Day the Crayons Came Home (Crayons),Childrens,26.33,GBP,5,,,,In stock,2026-10-06T07:03:53+00:00
Books to Scrape,https://books.toscrape.com/catalogue/the-cat-in-the-hat-beginner-books-b-1_235/index.html,The Cat in the Hat (Beginner Books B-1),Childrens,16.26,GBP,2,,,,In stock,2026-10-06T07:03:53+00:00
Books to Scrape,https://books.toscrape.com/catalogue/red-the-true-story-of-red-riding-hood_210/index.html,Red: The True Story of Red Riding Hood,Childrens,28.54,GBP,3,,,,In stock,2026-10-06T07:03:53+00:00
Books to Scrape,https://books.toscrape.com/catalogue/horrible-bear_168/index.html,Horrible Bear!,Childrens,37.52,GBP,2,,,,In stock,2026-10-06T07:03:53+00:00
Books to Scrape,https://books.toscrape.com/catalogue/green-eggs-and-ham-beginner-books-b-16_165/index.html,Green Eggs and Ham (Beginner Books B-16),Childrens,10.79,GBP,4,,,,In stock,2026-10-06T07:03:53+00:00
Books to Scrape,https://books.toscrape.com/catalogue/counting-thyme_142/index.html,Counting Thyme,Childrens,10.62,GBP,1,,,,In stock,2026-10-06T07:03:53+00:00
Books to Scrape,https://books.toscrape.com/catalogue/are-we-there-yet_122/index.html,Are We There Yet?,Childrens,10.66,GBP,3,,,,In stock,2026-10-06T07:03:53+00:00
Books to Scrape,https://books.toscrape.com/catalogue/diary-of-a-minecraft-zombie-book-1-a-scare-of-a-dare-an-unofficial-minecraft-book_99/index.html,Diary of a Minecraft Zombie Book 1: A Scare of a Dare (An Unofficial Minecraft Book),Childrens,52.88,GBP,4,,,,In stock,2026-10-06T07:03:53+00:00
Books to Scrape,https://books.toscrape.com/catalogue/matilda_32/index.html,Matilda,Childrens,28.34,GBP,1,,,,In stock,2026-10-06T07:03:53+00:00
Books to Scrape,https://books.toscrape.com/catalogue/charlie-and-the-chocolate-factory-charlie-bucket-1_13/index.html,Charlie and the Chocolate Factory (Charlie Bucket #1),Childrens,22.85,GBP,3,,,,In stock,2026-10-06T07:03:53+00:00
Books to Scrape,https://books.toscrape.com/catalogue/dont-be-a-jerk-and-other-practical-advice-from-dogen-japans-greatest-zen-master_890/index.html,"Don't Be a Jerk: And Other Practical Advice from Dogen, Japan's Greatest Zen Master",Religion,37.97,GBP,2,,,,In stock,2026-10-06T07:03:53+00:00
Books to Scrape,https://books.toscrape.com/catalogue/you-are-what-you-love-the-spiritual-power-of-habit_872/index.html,You Are What You Love: The Spiritual Power of Habit,Religion,21.87,GBP,4,,,,In stock,2026-10-06T07:03:53+00:00
Books to Scrape,https://books.toscrape.com/catalogue/god-the-most-unpleasant-character-in-all-fiction_697/index.html,God: The Most Unpleasant Character in All Fiction,Religion,30.03,GBP,5,,,,In stock,2026-10-06T07:03:53+00:00
Books to Scrape,https://books.toscrape.com/catalogue/the-book-of-mormon_571/index.html,The Book of Mormon,Religion,24.57,GBP,3,,,,In stock,2026-10-06T07:03:53+00:00
Books to Scrape,https://books.toscrape.com/catalogue/a-history-of-god-the-4000-year-quest-of-judaism-christianity-and-islam_310/index.html,"A History of God: The 4,000-Year Quest of Judaism, Christianity, and Islam",Religion,27.62,GBP,1,,,,In stock,2026-10-06T07:03:53+00:00
Books to Scrape,https://books.toscrape.com/catalogue/the-bhagavad-gita_60/index.html,The Bhagavad Gita,Religion,57.49,GBP,3,,,,In stock,2026-10-06T07:03:53+00:00
Books to Scrape,https://books.toscrape.com/catalogue/choosing-our-religion-the-spiritual-lives-of-americas-nones_14/index.html,Choosing Our Religion: The Spiritual Lives of America's Nones,Religion,28.42,GBP,4,,,,In stock,2026-10-06T07:03:53+00:00
Books to Scrape,https://books.toscrape.com/catalogue/worlds-elsewhere-journeys-around-shakespeares-globe_972/index.html,Worlds Elsewhere: Journeys Around Shakespeare’s Globe,Nonfiction,40.3,GBP,5,,,,In stock,2026-10-06T07:03:53+00:00
Books to Scrape,https://books.toscrape.com/catalogue/the-five-love-languages-how-to-express-heartfelt-commitment-to-your-mate_969/index.html,The Five Love Languages: How to Express Heartfelt Commitment to Your Mate,Nonfiction,31.05,GBP,3,,,,In stock,2026-10-06T07:03:53+00:00
Books to Scrape,https://books.toscrape.com/catalogue/reasons-to-stay-alive_959/index.html,Reasons to Stay Alive,Nonfiction,26.41,GBP,2,,,,In stock,2026-10-06T07:03:53+00:00
Books to Scrape,https://books.toscrape.com/catalogue/higherselfie-wake-up-your-life-free-your-soul-find-your-tribe_957/index.html,#HigherSelfie: Wake Up Your Life. Free Your Soul. Find Your Tribe.,Nonfiction,23.11,GBP,5,,,,In stock,2026-10-06T07:03:53+00:00
Books to Scrape,https://books.toscrape.com/catalogue/unseen-city-the-majesty-of-pigeons-the-discreet-charm-of-snails-other-wonders-of-the-urban-wilderness_952/index.html,"Unseen City: The Majesty of Pigeons, the Discreet Charm of Snails & Other Wonders of the Urban Wilderness",Nonfiction,44.18,GBP,4,,,,In stock,2026-10-06T07:03:53+00:00
Books to Scrape,https://books.toscrape.com/catalogue/throwing-rocks-at-the-google-bus-how-growth-became-the-enemy-of-prosperity_948/index.html,Throwing Rocks at the Google Bus: How Growth Became the Enemy of Prosperity,Nonfiction,31.12,GBP,3,,,,In stock,2026-10-06T07:03:53+00:00
Books to Scrape,https://books.toscrape.com/catalogue/the-life-changing-magic-of-tidying-up-the-japanese-art-of-decluttering-and-organizing_936/index.html,The Life-Changing Magic of Tidying Up: The Japanese Art of Decluttering and Organizing,Nonfiction,16.77,GBP,3,,,,In stock,2026-10-06T07:03:53+00:00
Books to Scrape,https://books.toscrape.com/catalogue/the-gutsy-girl-escapades-for-your-life-of-epic-adventure_934/index.html,The Gutsy Girl: Escapades for Your Life of Epic Adventure,Nonfiction,37.13,GBP,1,,,,In stock,2026-10-06T07:03:53+00:00
Books to Scrape,https://books.toscrape.com/catalogue/the-electric-pencil-drawings-from-inside-state-hospital-no-3_933/index.html,The Electric Pencil: Drawings from Inside State Hospital No. 3,Nonfiction,56.06,GBP,1,,,,In stock,2026-10-06T07:03:53+00:00
Books to Scrape,https://books.toscrape.com/catalogue/spark-joy-an-illustrated-master-class-on-the-art-of-organizing-and-tidying-up_927/index.html,Spark Joy: An Illustrated Master Class on the Art of Organizing and Tidying Up,Nonfiction,41.83,GBP,4,,,,In stock,2026-10-06T07:03:53+00:00
Books to Scrape,https://books.toscrape.com/catalogue/reskilling-america-learning-to-labor-in-the-twenty-first-century_922/index.html,Reskilling America: Learning to Labor in the Twenty-First Century,Nonfiction,19.83,GBP,2,,,,In stock,2026-10-06T07:03:53+00:00
Books to Scrape,https://books.toscrape.com/catalogue/in-the-country-we-love-my-family-divided_901/index.html,In the Country We Love: My Family Divided,Nonfiction,22.0,GBP,4,,,,In stock,2026-10-06T07:03:53+00:00
Books to Scrape,https://books.toscrape.com/catalogue/everydata-the-misinformation-hidden-in-the-little-data-you-consume-every-day_891/index.html,Everydata: The Misinformation Hidden in the Little Data You Consume Every Day,Nonfiction,54.35,GBP,2,,,,In stock,2026-10-06T07:03:53+00:00
Books to Scrape,https://books.toscrape.com/catalogue/call-the-nurse-true-stories-of-a-country-nurse-on-a-scottish-isle_885/index.html,Call the Nurse: True Stories of a Country Nurse on a Scottish Isle,Nonfiction,29.14,GBP,5,,,,In stock,2026-10-06T07:03:53+00:00
Books to Scrape,https://books.toscrape.com/catalogue/algorithms-to-live-by-the-computer-science-of-human-decisions_880/index.html,Algorithms to Live By: The Computer Science of Human Decisions,Nonfiction,30.81,GBP,1,,,,In stock,2026-10-06T07:03:53+00:00
Books to Scrape,https://books.toscrape.com/catalogue/the-power-of-now-a-guide-to-spiritual-enlightenment_855/index.html,The Power of Now: A Guide to Spiritual Enlightenment,Nonfiction,43.54,GBP,2,,,,In stock,2026-10-06T07:03:53+00:00
Books to Scrape,https://books.toscrape.com/catalogue/the-omnivores-dilemma-a-natural-history-of-four-meals_854/index.html,The Omnivore's Dilemma: A Natural History of Four Meals,Nonfiction,38.21,GBP,2,,,,In stock,2026-10-06T07:03:53+00:00
Books to Scrape,https://books.toscrape.com/catalogue/the-genius-of-birds_843/index.html,The Genius of Birds,Nonfiction,17.24,GBP,1,,,,In stock,2026-10-06T07:03:53+00:00
Books to Scrape,https://books.toscrape.com/catalogue/the-artists-way-a-spiritual-path-to-higher-creativity_839/index.html,The Artist's Way: A Spiritual Path to Higher Creativity,Nonfiction,38.49,GBP,5,,,,In stock,2026-10-06T07:03:53+00:00
Books to Scrape,https://books.toscrape.com/catalogue/so-youve-been-publicly-shamed_832/index.html,So You've Been Publicly Shamed,Nonfiction,12.23,GBP,2,,,,In stock,2026-10-06T07:03:53+00:00
Books to Scrape,https://books.toscrape.com/catalogue/daring-greatly-how-the-courage-to-be-vulnerable-transforms-the-way-we-live-love-parent-and-lead_799/index.html,"Daring Greatly: How the Courage to Be Vulnerable Transforms the Way We Live, Love, Parent, and Lead",Nonfiction,19.43,GBP,3,,,,In stock,2026-10-06T07:03:53+00:00
Books to Scrape,https://books.toscrape.com/catalogue/big-magic-creative-living-beyond-fear_796/index.html,Big Magic: Creative Living Beyond Fear,Nonfiction,30.8,GBP,3,,,,In stock,2026-10-06T07:03:53+00:00
Books to Scrape,https://books.toscrape.com/catalogue/becoming-wise-an-inquiry-into-the-mystery-and-art-of-living_795/index.html,Becoming Wise: An Inquiry into the Mystery and Art of Living,Nonfiction,27.43,GBP,2,,,,In stock,2026-10-06T07:03:53+00:00
Books to Scrape,https://books.toscrape.com/catalogue/agnostic-a-spirited-manifesto_786/index.html,Agnostic: A Spirited Manifesto,Nonfiction,12.51,GBP,5,,,,In stock,2026-10-06T07:03:53+00:00
Books to Scrape,https://books.toscrape.com/catalogue/whole-lotta-creativity-going-on-60-fun-and-unusual-exercises-to-awaken-and-strengthen-your-creativity_780/index.html,Whole Lotta Creativity Going On: 60 Fun and Unusual Exercises to Awaken and Strengthen Your Creativity,Nonfiction,38.2,GBP,4,,,,In stock,2026-10-06T07:03:53+00:00
Books to Scrape,https://books.toscrape.com/catalogue/whats-it-like-in-space-stories-from-astronauts-whove-been-there_779/index.html,What's It Like in Space?: Stories from Astronauts Who've Been There,Nonfiction,19.6,GBP,2,,,,In stock,2026-10-06T07:03:53+00:00
Books to Scrape,https://books.toscrape.com/catalogue/the-year-of-magical-thinking_770/index.html,The Year of Magical Thinking,Nonfiction,43.04,GBP,2,,,,In stock,2026-10-06T07:03:53+00:00
Books to Scrape,https://books.toscrape.com/catalogue/the-literature-book-big-ideas-simply-explained_755/index.html,The Literature Book (Big Ideas Simply Explained),Nonfiction,17.43,GBP,3,,,,In stock,2026-10-06T07:03:53+00:00
Books to Scrape,https://books.toscrape.com/catalogue/the-bad-ass-librarians-of-timbuktu-and-their-race-to-save-the-worlds-most-precious-manuscripts_745/index.html,The Bad-Ass Librarians of Timbuktu: And Their Race to Save the World’s Most Precious Manuscripts,Nonfiction,15.77,GBP,1,,,,In stock,2026-10-06T07:03:53+00:00
Books to Scrape,https://books.toscrape.com/catalogue/swell-a-year-of-waves_740/index.html,Swell: A Year of Waves,Nonfiction,45.58,GBP,1,,,,In stock,2026-10-06T07:03:53+00:00
Books to Scrape,https://books.toscrape.com/catalogue/no-dream-is-too-high-life-lessons-from-a-man-who-walked-on-the-moon_722/index.html,No Dream Is Too High: Life Lessons From a Man Who Walked on the Moon,Nonfiction,21.95,GBP,2,,,,In stock,2026-10-06T07:03:53+00:00
Books to Scrape,https://books.toscrape.com/catalogue/looking-for-lovely-collecting-the-moments-that-matter_710/index.html,Looking for Lovely: Collecting the Moments that Matter,Nonfiction,29.14,GBP,5,,,,In stock,2026-10-06T07:03:53+00:00
Books to Scrape,https://books.toscrape.com/catalogue/let-it-out-a-journey-through-journaling_708/index.html,Let It Out: A Journey Through Journaling,Nonfiction,26.79,GBP,5,,,,In stock,2026-10-06T07:03:53+00:00
Books to Scrape,https://books.toscrape.com/catalogue/hamilton-the-revolution_699/index.html,Hamilton: The Revolution,Nonfiction,58.79,GBP,3,,,,In stock,2026-10-06T07:03:53+00:00
Books to Scrape,https://books.toscrape.com/catalogue/far-away-places-on-the-brink-of-change-seven-continents-twenty-five-years_694/index.html,"Far & Away: Places on the Brink of Change: Seven Continents, Twenty-Five Years",Nonfiction,15.06,GBP,4,,,,In stock,2026-10-06T07:03:53+00:00
Books to Scrape,https://books.toscrape.com/catalogue/eaternity-more-than-150-deliciously-easy-vegan-recipes-for-a-long-healthy-satisfied-joyful-life_689/index.html,"Eaternity: More than 150 Deliciously Easy Vegan Recipes for a Long, Healthy, Satisfied, Joyful Life",Nonfiction,51.75,GBP,5,,,,In stock,2026-10-06T07:03:53+00:00
Books to Scrape,https://books.toscrape.com/catalogue/buying-in-the-secret-dialogue-between-what-we-buy-and-who-we-are_670/index.html,Buying In: The Secret Dialogue Between What We Buy and Who We Are,Nonfiction,37.8,GBP,4,,,,In stock,2026-10-06T07:03:53+00:00
Books to Scrape,https://books.toscrape.com/catalogue/brain-on-fire-my-month-of-madness_669/index.html,Brain on Fire: My Month of Madness,Nonfiction,49.32,GBP,5,,,,In stock,2026-10-06T07:03:53+00:00
Books to Scrape,https://books.toscrape.com/catalogue/abstract-city_658/index.html,Abstract City,Nonfiction,56.37,GBP,5,,,,In stock,2026-10-06T07:03:53+00:00
Books to Scrape,https://books.toscrape.com/catalogue/13-hours-the-inside-account-of-what-really-happened-in-benghazi_645/index.html,13 Hours: The Inside Account of What Really Happened In Benghazi,Nonfiction,27.06,GBP,1,,,,In stock,2026-10-06T07:03:53+00:00
Books to Scrape,https://books.toscrape.com/catalogue/the-lonely-city-adventures-in-the-art-of-being-alone_639/index.html,The Lonely City: Adventures in the Art of Being Alone,Nonfiction,33.26,GBP,2,,,,In stock,2026-10-06T07:03:53+00:00
Books to Scrape,https://books.toscrape.com/catalogue/the-diary-of-a-young-girl_634/index.html,The Diary of a Young Girl,Nonfiction,59.9,GBP,3,,,,In stock,2026-10-06T07:03:53+00:00
Books to Scrape,https://books.toscrape.com/catalogue/snatched-how-a-drug-queen-went-undercover-for-the-dea-and-was-kidnapped-by-colombian-guerillas_631/index.html,Snatched: How A Drug Queen Went Undercover for the DEA and Was Kidnapped By Colombian Guerillas,Nonfiction,21.21,GBP,3,,,,In stock,2026-10-06T07:03:53+00:00
Books to Scrape,https://books.toscrape.com/catalogue/furiously-happy-a-funny-book-about-horrible-things_619/index.html,Furiously Happy: A Funny Book About Horrible Things,Nonfiction,41.46,GBP,4,,,,In stock,2026-10-06T07:03:53+00:00
Books to Scrape,https://books.toscrape.com/catalogue/the-sleep-revolution-transforming-your-life-one-night-at-a-time_608/index.html,"The Sleep Revolution: Transforming Your Life, One Night at a Time",Nonfiction,11.68,GBP,4,,,,In stock,2026-10-06T07:03:53+00:00
Books to Scrape,https://books.toscrape.com/catalogue/mother-can-you-not_599/index.html,"Mother, Can You Not?",Nonfiction,16.89,GBP,5,,,,In stock,2026-10-06T07:03:53+00:00
Books to Scrape,https://books.toscrape.com/catalogue/a-mothers-reckoning-living-in-the-aftermath-of-tragedy_585/index.html,A Mother's Reckoning: Living in the Aftermath of Tragedy,Nonfiction,19.53,GBP,3,,,,In stock,2026-10-06T07:03:53+00:00
Books to Scrape,https://books.toscrape.com/catalogue/10-happier-how-i-tamed-the-voice-in-my-head-reduced-stress-without-losing-my-edge-and-found-self-help-that-actually-works_582/index.html,"10% Happier: How I Tamed the Voice in My Head, Reduced Stress Without Losing My Edge, and Found Self-Help That Actually Works",Nonfiction,24.57,GBP,2,,,,In stock,2026-10-06T07:03:53+00:00
Books to Scrape,https://books.toscrape.com/catalogue/chernobyl-012340-the-incredible-true-story-of-the-worlds-worst-nuclear-disaster_560/index.html,Chernobyl 01:23:40: The Incredible True Story of the World's Worst Nuclear Disaster,Nonfiction,35.92,GBP,2,,,,In stock,2026-10-06T07:03:53+00:00
Books to Scrape,https://books.toscrape.com/catalogue/zero-to-one-notes-on-startups-or-how-to-build-the-future_555/index.html,"Zero to One: Notes on Startups, or How to Build the Future",Nonfiction,34.06,GBP,3,,,,In stock,2026-10-06T07:03:53+00:00
Books to Scrape,https://books.toscrape.com/catalogue/why-not-me_554/index.html,Why Not Me?,Nonfiction,17.76,GBP,1,,,,In stock,2026-10-06T07:03:53+00:00
Books to Scrape,https://books.toscrape.com/catalogue/when-breath-becomes-air_553/index.html,When Breath Becomes Air,Nonfiction,39.36,GBP,2,,,,In stock,2026-10-06T07:03:53+00:00
Books to Scrape,https://books.toscrape.com/catalogue/the-midnight-assassin-panic-scandal-and-the-hunt-for-americas-first-serial-killer_549/index.html,"The Midnight Assassin: Panic, Scandal, and the Hunt for America's First Serial Killer",Nonfiction,28.45,GBP,4,,,,In stock,2026-10-06T07:03:53+00:00
Books to Scrape,https://books.toscrape.com/catalogue/smarter-faster-better-the-secrets-of-being-productive-in-life-and-business_543/index.html,Smarter Faster Better: The Secrets of Being Productive in Life and Business,Nonfiction,38.89,GBP,5,,,,In stock,2026-10-06T07:03:53+00:00
Books to Scrape,https://books.toscrape.com/catalogue/rising-strong_539/index.html,Rising Strong,Nonfiction,21.82,GBP,3,,,,In stock,2026-10-06T07:03:53+00:00
Books to Scrape,https://books.toscrape.com/catalogue/mans-search-for-meaning_533/index.html,Man's Search for Meaning,Nonfiction,29.48,GBP,3,,,,In stock,2026-10-06T07:03:53+00:00
Books to Scrape,https://books.toscrape.com/catalogue/love-that-boy-what-two-presidents-eight-road-trips-and-my-son-taught-me-about-a-parents-expectations_532/index.html,"Love That Boy: What Two Presidents, Eight Road Trips, and My Son Taught Me About a Parent's Expectations",Nonfiction,25.06,GBP,2,,,,In stock,2026-10-06T07:03:53+00:00
Books to Scrape,https://books.toscrape.com/catalogue/living-forward-a-proven-plan-to-stop-drifting-and-get-the-life-you-want_531/index.html,Living Forward: A Proven Plan to Stop Drifting and Get the Life You Want,Nonfiction,12.55,GBP,3,,,,In stock,2026-10-06T07:03:53+00:00
Books to Scrape,https://books.toscrape.com/catalogue/i-will-find-you_524/index.html,I Will Find You,Nonfiction,44.21,GBP,1,,,,In stock,2026-10-06T07:03:53+00:00
Books to Scrape,https://books.toscrape.com/catalogue/brazen-the-courage-to-find-the-you-thats-been-hiding_514/index.html,Brazen: The Courage to Find the You That's Been Hiding,Nonfiction,19.22,GBP,2,,,,In stock,2026-10-06T07:03:53+00:00
Books to Scrape,https://books.toscrape.com/catalogue/between-the-world-and-me_513/index.html,Between the World and Me,Nonfiction,56.91,GBP,4,,,,In stock,2026-10-06T07:03:53+00:00
Books to Scrape,https://books.toscrape.com/catalogue/being-mortal-medicine-and-what-matters-in-the-end_512/index.html,Being Mortal: Medicine and What Matters in the End,Nonfiction,55.06,GBP,4,,,,In stock,2026-10-06T07:03:53+00:00
Books to Scrape,https://books.toscrape.com/catalogue/a-murder-over-a-girl-justice-gender-junior-high_511/index.html,"A Murder Over a Girl: Justice, Gender, Junior High",Nonfiction,13.2,GBP,3,,,,In stock,2026-10-06T07:03:53+00:00
Books to Scrape,https://books.toscrape.com/catalogue/for-the-love-fighting-for-grace-in-a-world-of-impossible-standards_467/index.html,For the Love: Fighting for Grace in a World of Impossible Standards,Nonfiction,45.13,GBP,3,,,,In stock,2026-10-06T07:03:53+00:00
Books to Scrape,https://books.toscrape.com/catalogue/finding-god-in-the-ruins-how-god-redeems-pain_466/index.html,Finding God in the Ruins: How God Redeems Pain,Nonfiction,46.64,GBP,2,,,,In stock,2026-10-06T07:03:53+00:00
Books to Scrape,https://books.toscrape.com/catalogue/the-man-who-mistook-his-wife-for-a-hat-and-other-clinical-tales_451/index.html,The Man Who Mistook His Wife for a Hat and Other Clinical Tales,Nonfiction,59.45,GBP,4,,,,In stock,2026-10-06T07:03:53+00:00
Books to Scrape,https://books.toscrape.com/catalogue/in-cold-blood_432/index.html,In Cold Blood,Nonfiction,49.98,GBP,4,,,,In stock,2026-10-06T07:03:53+00:00
Books to Scrape,https://books.toscrape.com/catalogue/girl-interrupted_429/index.html,"Girl, Interrupted",Nonfiction,42.14,GBP,3,,,,In stock,2026-10-06T07:03:53+00:00
Books to Scrape,https://books.toscrape.com/catalogue/why-save-the-bankers-and-other-essays-on-our-economic-and-political-crisis_418/index.html,Why Save the Bankers?: And Other Essays on Our Economic and Political Crisis,Nonfiction,48.67,GBP,2,,,,In stock,2026-10-06T07:03:53+00:00
Books to Scrape,https://books.toscrape.com/catalogue/talking-to-girls-about-duran-duran-one-young-mans-quest-for-true-love-and-a-cooler-haircut_394/index.html,Talking to Girls About Duran Duran: One Young Man's Quest for True Love and a Cooler Haircut,Nonfiction,25.15,GBP,4,,,,In stock,2026-10-06T07:03:53+00:00
Books to Scrape,https://books.toscrape.com/catalogue/my-mother-was-nuts_388/index.html,My Mother Was Nuts,Nonfiction,31.63,GBP,4,,,,In stock,2026-10-06T07:03:53+00:00
Books to Scrape,https://books.toscrape.com/catalogue/data-a-love-story-how-i-gamed-online-dating-to-meet-my-match_367/index.html,"Data, A Love Story: How I Gamed Online Dating to Meet My Match",Nonfiction,32.35,GBP,3,,,,In stock,2026-10-06T07:03:53+00:00
Books to Scrape,https://books.toscrape.com/catalogue/the-jazz-of-physics-the-secret-link-between-music-and-the-structure-of-the-universe_350/index.html,The Jazz of Physics: The Secret Link Between Music and the Structure of the Universe,Nonfiction,38.71,GBP,3,,,,In stock,2026-10-06T07:03:53+00:00
Books to Scrape,https://books.toscrape.com/catalogue/the-gunning-of-america-business-and-the-making-of-american-gun-culture_347/index.html,The Gunning of America: Business and the Making of American Gun Culture,Nonfiction,16.81,GBP,4,,,,In stock,2026-10-06T07:03:53+00:00
Books to Scrape,https://books.toscrape.com/catalogue/the-geography-of-bliss-one-grumps-search-for-the-happiest-places-in-the-world_346/index.html,The Geography of Bliss: One Grump's Search for the Happiest Places in the World,Nonfiction,28.23,GBP,2,,,,In stock,2026-10-06T07:03:53+00:00
Books to Scrape,https://books.toscrape.com/catalogue/god-is-not-great-how-religion-poisons-everything_323/index.html,God Is Not Great: How Religion Poisons Everything,Nonfiction,27.8,GBP,1,,,,In stock,2026-10-06T07:03:53+00:00
Books to Scrape,https://books.toscrape.com/catalogue/we-the-people-the-modern-day-figures-who-have-reshaped-and-affirmed-the-founding-fathers-vision-of-america_302/index.html,We the People: The Modern-Day Figures Who Have Reshaped and Affirmed the Founding Fathers' Vision of America,Nonfiction,31.95,GBP,3,,,,In stock,2026-10-06T07:03:53+00:00
Books to Scrape,https://books.toscrape.com/catalogue/very-good-lives-the-fringe-benefits-of-failure-and-the-importance-of-imagination_298/index.html,Very Good Lives: The Fringe Benefits of Failure and the Importance of Imagination,Nonfiction,50.66,GBP,3,,,,In stock,2026-10-06T07:03:53+00:00
Books to Scrape,https://books.toscrape.com/catalogue/unstuffed-decluttering-your-home-mind-and-soul_296/index.html,"Unstuffed: Decluttering Your Home, Mind, and Soul",Nonfiction,58.09,GBP,1,,,,In stock,2026-10-06T07:03:53+00:00
Books to Scrape,https://books.toscrape.com/catalogue/under-the-banner-of-heaven-a-story-of-violent-faith_295/index.html,Under the Banner of Heaven: A Story of Violent Faith,Nonfiction,30.0,GBP,1,,,,In stock,2026-10-06T07:03:53+00:00
Books to Scrape,https://books.toscrape.com/catalogue/trespassing-across-america-one-mans-epic-never-done-before-and-sort-of-illegal-hike-across-the-heartland_291/index.html,"Trespassing Across America: One Man's Epic, Never-Done-Before (and Sort of Illegal) Hike Across the Heartland",Nonfiction,53.51,GBP,1,,,,In stock,2026-10-06T07:03:53+00:00
Books to Scrape,https://books.toscrape.com/catalogue/the-name-of-god-is-mercy_264/index.html,The Name of God is Mercy,Nonfiction,37.25,GBP,2,,,,In stock,2026-10-06T07:03:53+00:00
Books to Scrape,https://books.toscrape.com/catalogue/stiff-the-curious-lives-of-human-cadavers_226/index.html,Stiff: The Curious Lives of Human Cadavers,Nonfiction,36.74,GBP,3,,,,In stock,2026-10-06T07:03:53+00:00
Books to Scrape,https://books.toscrape.com/catalogue/spilled-milk-based-on-a-true-story_225/index.html,Spilled Milk: Based on a True Story,Nonfiction,49.51,GBP,1,,,,In stock,2026-10-06T07:03:53+00:00
Books to Scrape,https://books.toscrape.com/catalogue/rise-of-the-rocket-girls-the-women-who-propelled-us-from-missiles-to-the-moon-to-mars_213/index.html,"Rise of the Rocket Girls: The Women Who Propelled Us, from Missiles to the Moon to Mars",Nonfiction,41.67,GBP,4,,,,In stock,2026-10-06T07:03:53+00:00
Books to Scrape,https://books.toscrape.com/catalogue/outliers-the-story-of-success_204/index.html,Outliers: The Story of Success,Nonfiction,14.16,GBP,1,,,,In stock,2026-10-06T07:03:53+00:00
Books to Scrape,https://books.toscrape.com/catalogue/notes-from-a-small-island-notes-from-a-small-island-1_200/index.html,Notes from a Small Island (Notes From a Small Island #1),Nonfiction,40.17,GBP,1,,,,In stock,2026-10-06T07:03:53+00:00
Books to Scrape,https://books.toscrape.com/catalogue/night-the-night-trilogy-1_199/index.html,Night (The Night Trilogy #1),Nonfiction,13.51,GBP,1,,,,In stock,2026-10-06T07:03:53+00:00
Books to Scrape,https://books.toscrape.com/catalogue/miracles-from-heaven-a-little-girl-her-journey-to-heaven-and-her-amazing-story-of-healing_195/index.html,"Miracles from Heaven: A Little Girl, Her Journey to Heaven, and Her Amazing Story of Healing",Nonfiction,57.83,GBP,1,,,,In stock,2026-10-06T07:03:53+00:00
Books to Scrape,https://books.toscrape.com/catalogue/letter-to-a-christian-nation_186/index.html,Letter to a Christian Nation,Nonfiction,22.2,GBP,1,,,,In stock,2026-10-06T07:03:53+00:00
Books to Scrape,https://books.toscrape.com/catalogue/lets-pretend-this-never-happened-a-mostly-true-memoir_185/index.html,Let's Pretend This Never Happened: A Mostly True Memoir,Nonfiction,45.11,GBP,1,,,,In stock,2026-10-06T07:03:53+00:00
Books to Scrape,https://books.toscrape.com/catalogue/its-never-too-late-to-begin-again-discovering-creativity-and-meaning-at-midlife-and-beyond_179/index.html,It's Never Too Late to Begin Again: Discovering Creativity and Meaning at Midlife and Beyond,Nonfiction,42.38,GBP,1,,,,In stock,2026-10-06T07:03:53+00:00
Books to Scrape,https://books.toscrape.com/catalogue/into-the-wild_177/index.html,Into the Wild,Nonfiction,56.7,GBP,5,,,,In stock,2026-10-06T07:03:53+00:00
Books to Scrape,https://books.toscrape.com/catalogue/in-the-garden-of-beasts-love-terror-and-an-american-family-in-hitlers-berlin_175/index.html,"In the Garden of Beasts: Love, Terror, and an American Family in Hitler's Berlin",Nonfiction,28.85,GBP,3,,,,In stock,2026-10-06T07:03:53+00:00
Books to Scrape,https://books.toscrape.com/catalogue/i-am-malala-the-girl-who-stood-up-for-education-and-was-shot-by-the-taliban_172/index.html,I Am Malala: The Girl Who Stood Up for Education and Was Shot by the Taliban,Nonfiction,28.88,GBP,2,,,,In stock,2026-10-06T07:03:53+00:00
Books to Scrape,https://books.toscrape.com/catalogue/gratitude_163/index.html,Gratitude,Nonfiction,26.66,GBP,5,,,,In stock,2026-10-06T07:03:53+00:00
Books to Scrape,https://books.toscrape.com/catalogue/disrupted-my-misadventure-in-the-start-up-bubble_148/index.html,Disrupted: My Misadventure in the Start-Up Bubble,Nonfiction,15.28,GBP,5,,,,In stock,2026-10-06T07:03:53+00:00
Books to Scrape,https://books.toscrape.com/catalogue/brave-enough_135/index.html,Brave Enough,Nonfiction,51.32,GBP,5,,,,In stock,2026-10-06T07:03:53+00:00
Books to Scrape,https://books.toscrape.com/catalogue/born-to-run-a-hidden-tribe-superathletes-and-the-greatest-race-the-world-has-never-seen_133/index.html,"Born to Run: A Hidden Tribe, Superathletes, and the Greatest Race the World Has Never Seen",Nonfiction,27.35,GBP,2,,,,In stock,2026-10-06T07:03:53+00:00
Books to Scrape,https://books.toscrape.com/catalogue/blink-the-power-of-thinking-without-thinking_132/index.html,Blink: The Power of Thinking Without Thinking,Nonfiction,21.74,GBP,5,,,,In stock,2026-10-06T07:03:53+00:00
Books to Scrape,https://books.toscrape.com/catalogue/black-flags-the-rise-of-isis_131/index.html,Black Flags: The Rise of ISIS,Nonfiction,40.87,GBP,1,,,,In stock,2026-10-06T07:03:53+00:00
Books to Scrape,https://books.toscrape.com/catalogue/are-we-smart-enough-to-know-how-smart-animals-are_121/index.html,Are We Smart Enough to Know How Smart Animals Are?,Nonfiction,56.58,GBP,1,,,,In stock,2026-10-06T07:03:53+00:00
Books to Scrape,https://books.toscrape.com/catalogue/a-walk-in-the-woods-rediscovering-america-on-the-appalachian-trail_118/index.html,A Walk in the Woods: Rediscovering America on the Appalachian Trail,Nonfiction,30.48,GBP,4,,,,In stock,2026-10-06T07:03:53+00:00
Books to Scrape,https://books.toscrape.com/catalogue/the-suffragettes-little-black-classics-96_112/index.html,"The Suffragettes (Little Black Classics, #96)",Nonfiction,11.89,GBP,2,,,,In stock,2026-10-06T07:03:53+00:00
Books to Scrape,https://books.toscrape.com/catalogue/kindle-paperwhite-users-guide_103/index.html,Kindle Paperwhite User's Guide,Nonfiction,34.0,GBP,3,,,,In stock,2026-10-06T07:03:53+00:00
Books to Scrape,https://books.toscrape.com/catalogue/h-is-for-hawk_102/index.html,H is for Hawk,Nonfiction,57.42,GBP,5,,,,In stock,2026-10-06T07:03:53+00:00
Books to Scrape,https://books.toscrape.com/catalogue/travels-with-charley-in-search-of-america_90/index.html,Travels with Charley: In Search of America,Nonfiction,57.82,GBP,5,,,,In stock,2026-10-06T07:03:53+00:00
Books to Scrape,https://books.toscrape.com/catalogue/the-tumor_85/index.html,The Tumor,Nonfiction,41.56,GBP,5,,,,In stock,2026-10-06T07:03:53+00:00
Books to Scrape,https://books.toscrape.com/catalogue/the-end-of-the-jesus-era-an-investigation-1_64/index.html,The End of the Jesus Era (An Investigation #1),Nonfiction,14.4,GBP,1,,,,In stock,2026-10-06T07:03:53+00:00
Books to Scrape,https://books.toscrape.com/catalogue/eat-pray-love_16/index.html,"Eat, Pray, Love",Nonfiction,51.32,GBP,3,,,,In stock,2026-10-06T07:03:53+00:00
Books to Scrape,https://books.toscrape.com/catalogue/rip-it-up-and-start-again_986/index.html,Rip it Up and Start Again,Music,35.02,GBP,5,,,,In stock,2026-10-06T07:03:53+00:00
Books to Scrape,https://books.toscrape.com/catalogue/our-band-could-be-your-life-scenes-from-the-american-indie-underground-1981-1991_985/index.html,"Our Band Could Be Your Life: Scenes from the American Indie Underground, 1981-1991",Music,57.25,GBP,3,,,,In stock,2026-10-06T07:03:53+00:00
Books to Scrape,https://books.toscrape.com/catalogue/how-music-works_979/index.html,How Music Works,Music,37.32,GBP,2,,,,In stock,2026-10-06T07:03:53+00:00
Books to Scrape,https://books.toscrape.com/catalogue/love-is-a-mix-tape-music-1_711/index.html,Love Is a Mix Tape (Music #1),Music,18.03,GBP,1,,,,In stock,2026-10-06T07:03:53+00:00
Books to Scrape,https://books.toscrape.com/catalogue/please-kill-me-the-uncensored-oral-history-of-punk_537/index.html,Please Kill Me: The Uncensored Oral History of Punk,Music,31.19,GBP,4,,,,In stock,2026-10-06T07:03:53+00:00
Books to Scrape,https://books.toscrape.com/catalogue/kill-em-and-leave-searching-for-james-brown-and-the-american-soul_528/index.html,Kill 'Em and Leave: Searching for James Brown and the American Soul,Music,45.05,GBP,5,,,,In stock,2026-10-06T07:03:53+00:00
Books to Scrape,https://books.toscrape.com/catalogue/chronicles-vol-1_462/index.html,"Chronicles, Vol. 1",Music,52.6,GBP,2,,,,In stock,2026-10-06T07:03:53+00:00
Books to Scrape,https://books.toscrape.com/catalogue/this-is-your-brain-on-music-the-science-of-a-human-obsession_414/index.html,This Is Your Brain on Music: The Science of a Human Obsession,Music,38.4,GBP,1,,,,In stock,2026-10-06T07:03:53+00:00
Books to Scrape,https://books.toscrape.com/catalogue/orchestra-of-exiles-the-story-of-bronislaw-huberman-the-israel-philharmonic-and-the-one-thousand-jews-he-saved-from-nazi-horrors_337/index.html,"Orchestra of Exiles: The Story of Bronislaw Huberman, the Israel Philharmonic, and the One Thousand Jews He Saved from Nazi Horrors",Music,12.36,GBP,3,,,,In stock,2026-10-06T07:03:53+00:00
Books to Scrape,https://books.toscrape.com/catalogue/no-one-here-gets-out-alive_336/index.html,No One Here Gets Out Alive,Music,20.02,GBP,5,,,,In stock,2026-10-06T07:03:53+00:00
Books to Scrape,https://books.toscrape.com/catalogue/life_104/index.html,Life,Music,31.58,GBP,5,,,,In stock,2026-10-06T07:03:53+00:00
Books to Scrape,https://books.toscrape.com/catalogue/old-records-never-die-one-mans-quest-for-his-vinyl-and-his-past_39/index.html,Old Records Never Die: One Man's Quest for His Vinyl and His Past,Music,55.66,GBP,2,,,,In stock,2026-10-06T07:03:53+00:00
Books to Scrape,https://books.toscrape.com/catalogue/forever-rockers-the-rocker-12_19/index.html,Forever Rockers (The Rocker #12),Music,28.8,GBP,3,,,,In stock,2026-10-06T07:03:53+00:00
Books to Scrape,https://books.toscrape.com/catalogue/the-coming-woman-a-novel-based-on-the-life-of-the-infamous-feminist-victoria-woodhull_993/index.html,"The Coming Woman: A Novel Based on the Life of the Infamous Feminist, Victoria Woodhull",Default,17.93,GBP,3,,,,In stock,2026-10-06T07:03:53+00:00
Books to Scrape,https://books.toscrape.com/catalogue/the-boys-in-the-boat-nine-americans-and-their-epic-quest-for-gold-at-the-1936-berlin-olympics_992/index.html,The Boys in the Boat: Nine Americans and Their Epic Quest for Gold at the 1936 Berlin Olympics,Default,22.6,GBP,4,,,,In stock,2026-10-06T07:03:53+00:00
Books to Scrape,https://books.toscrape.com/catalogue/starving-hearts-triangular-trade-trilogy-1_990/index.html,"Starving Hearts (Triangular Trade Trilogy, #1)",Default,13.99,GBP,2,,,,In stock,2026-10-06T07:03:53+00:00
Books to Scrape,https://books.toscrape.com/catalogue/americas-cradle-of-quarterbacks-western-pennsylvanias-football-factory-from-johnny-unitas-to-joe-montana_974/index.html,America's Cradle of Quarterbacks: Western Pennsylvania's Football Factory from Johnny Unitas to Joe Montana,Default,22.5,GBP,3,,,,In stock,2026-10-06T07:03:53+00:00
Books to Scrape,https://books.toscrape.com/catalogue/aladdin-and-his-wonderful-lamp_973/index.html,Aladdin and His Wonderful Lamp,Default,53.13,GBP,3,,,,In stock,2026-10-06T07:03:53+00:00
Books to Scrape,https://books.toscrape.com/catalogue/penny-maybe_965/index.html,Penny Maybe,Default,33.29,GBP,3,,,,In stock,2026-10-06T07:03:53+00:00
Books to Scrape,https://books.toscrape.com/catalogue/maude-1883-1993she-grew-up-with-the-country_964/index.html,Maude (1883-1993):She Grew Up with the country,Default,18.02,GBP,2,,,,In stock,2026-10-06T07:03:53+00:00
Books to Scrape,https://books.toscrape.com/catalogue/the-inefficiency-assassin-time-management-tactics-for-working-smarter-not-longer_935/index.html,"The Inefficiency Assassin: Time Management Tactics for Working Smarter, Not Longer",Default,20.59,GBP,5,,,,In stock,2026-10-06T07:03:53+00:00
Books to Scrape,https://books.toscrape.com/catalogue/soul-reader_926/index.html,Soul Reader,Default,39.58,GBP,2,,,,In stock,2026-10-06T07:03:53+00:00
Books to Scrape,https://books.toscrape.com/catalogue/bossypants_883/index.html,Bossypants,Default,49.46,GBP,2,,,,In stock,2026-10-06T07:03:53+00:00
Books to Scrape,https://books.toscrape.com/catalogue/a-world-of-flavor-your-gluten-free-passport_879/index.html,A World of Flavor: Your Gluten Free Passport,Default,42.95,GBP,1,,,,In stock,2026-10-06T07:03:53+00:00
Books to Scrape,https://books.toscrape.com/catalogue/a-piece-of-sky-a-grain-of-rice-a-memoir-in-four-meditations_878/index.html,"A Piece of Sky, a Grain of Rice: A Memoir in Four Meditations",Default,56.76,GBP,5,,,,In stock,2026-10-06T07:03:53+00:00
Books to Scrape,https://books.toscrape.com/catalogue/tracing-numbers-on-a-train_869/index.html,Tracing Numbers on a Train,Default,41.6,GBP,3,,,,In stock,2026-10-06T07:03:53+00:00
Books to Scrape,https://books.toscrape.com/catalogue/thirteen-reasons-why_866/index.html,Thirteen Reasons Why,Default,52.72,GBP,1,,,,In stock,2026-10-06T07:03:53+00:00
Books to Scrape,https://books.toscrape.com/catalogue/the-secret-the-secret-1_859/index.html,The Secret (The Secret #1),Default,27.37,GBP,4,,,,In stock,2026-10-06T07:03:53+00:00
Books to Scrape,https://books.toscrape.com/catalogue/the-psychopath-test-a-journey-through-the-madness-industry_857/index.html,The Psychopath Test: A Journey Through the Madness Industry,Default,36.0,GBP,2,,,,In stock,2026-10-06T07:03:53+00:00
Books to Scrape,https://books.toscrape.com/catalogue/the-kite-runner_847/index.html,The Kite Runner,Default,41.82,GBP,4,,,,In stock,2026-10-06T07:03:53+00:00
Books to Scrape,https://books.toscrape.com/catalogue/the-girl-on-the-train_844/index.html,The Girl on the Train,Default,55.02,GBP,2,,,,In stock,2026-10-06T07:03:53+00:00
Books to Scrape,https://books.toscrape.com/catalogue/the-emerald-mystery_842/index.html,The Emerald Mystery,Default,23.15,GBP,2,,,,In stock,2026-10-06T07:03:53+00:00
Books to Scrape,https://books.toscrape.com/catalogue/the-bridge-to-consciousness-im-writing-the-bridge-between-science-and-our-old-and-new-beliefs_840/index.html,The Bridge to Consciousness: I'm Writing the Bridge Between Science and Our Old and New Beliefs.,Default,32.0,GBP,3,,,,In stock,2026-10-06T07:03:53+00:00
Books to Scrape,https://books.toscrape.com/catalogue/the-art-of-war_838/index.html,The Art of War,Default,33.34,GBP,5,,,,In stock,2026-10-06T07:03:53+00:00
Books to Scrape,https://books.toscrape.com/catalogue/secrets-and-lace-fatal-hearts-1_829/index.html,Secrets and Lace (Fatal Hearts #1),Default,20.27,GBP,1,,,,In stock,2026-10-06T07:03:53+00:00
Books to Scrape,https://books.toscrape.com/catalogue/romero-and-juliet-a-tragic-tale-of-love-and-zombies_827/index.html,Romero and Juliet: A Tragic Tale of Love and Zombies,Default,36.94,GBP,1,,,,In stock,2026-10-06T07:03:53+00:00
Books to Scrape,https://books.toscrape.com/catalogue/poses-for-artists-volume-1-dynamic-and-sitting-poses-an-essential-reference-for-figure-drawing-and-the-human-form_825/index.html,Poses for Artists Volume 1 - Dynamic and Sitting Poses: An Essential Reference for Figure Drawing and the Human Form,Default,41.06,GBP,1,,,,In stock,2026-10-06T07:03:53+00:00
Books to Scrape,https://books.toscrape.com/catalogue/miss-peregrines-home-for-peculiar-children-miss-peregrines-peculiar-children-1_819/index.html,Miss Peregrine’s Home for Peculiar Children (Miss Peregrine’s Peculiar Children #1),Default,10.76,GBP,1,,,,In stock,2026-10-06T07:03:53+00:00
Books to Scrape,https://books.toscrape.com/catalogue/large-print-heart-of-the-pride_815/index.html,Large Print Heart of the Pride,Default,19.15,GBP,2,,,,In stock,2026-10-06T07:03:53+00:00
Books to Scrape,https://books.toscrape.com/catalogue/grumbles_812/index.html,Grumbles,Default,22.16,GBP,2,,,,In stock,2026-10-06T07:03:53+00:00
Books to Scrape,https://books.toscrape.com/catalogue/first-steps-for-new-christians-print-edition_808/index.html,First Steps for New Christians (Print Edition),Default,29.0,GBP,1,,,,In stock,2026-10-06T07:03:53+00:00
Books to Scrape,https://books.toscrape.com/catalogue/eureka-trivia-60_805/index.html,Eureka Trivia 6.0,Default,54.59,GBP,4,,,,In stock,2026-10-06T07:03:53+00:00
Books to Scrape,https://books.toscrape.com/catalogue/drive-the-surprising-truth-about-what-motivates-us_804/index.html,Drive: The Surprising Truth About What Motivates Us,Default,34.95,GBP,4,,,,In stock,2026-10-06T07:03:53+00:00
Books to Scrape,https://books.toscrape.com/catalogue/done-rubbed-out-reightman-bailey-1_803/index.html,Done Rubbed Out (Reightman & Bailey #1),Default,37.72,GBP,5,,,,In stock,2026-10-06T07:03:53+00:00
Books to Scrape,https://books.toscrape.com/catalogue/beauty-restored-riley-family-legacy-novellas-3_794/index.html,Beauty Restored (Riley Family Legacy Novellas #3),Default,11.11,GBP,2,,,,In stock,2026-10-06T07:03:53+00:00
Books to Scrape,https://books.toscrape.com/catalogue/ayumis-violin_791/index.html,Ayumi's Violin,Default,15.48,GBP,2,,,,In stock,2026-10-06T07:03:53+00:00
Books to Scrape,https://books.toscrape.com/catalogue/anonymous_790/index.html,Anonymous,Default,46.82,GBP,4,,,,In stock,2026-10-06T07:03:53+00:00
Books to Scrape,https://books.toscrape.com/catalogue/amy-meets-the-saints-and-sages_789/index.html,Amy Meets the Saints and Sages,Default,18.46,GBP,3,,,,In stock,2026-10-06T07:03:53+00:00
Books to Scrape,https://books.toscrape.com/catalogue/amatus_787/index.html,Amatus,Default,50.54,GBP,5,,,,In stock,2026-10-06T07:03:53+00:00
Books to Scrape,https://books.toscrape.com/catalogue/v-for-vendetta-v-for-vendetta-complete_776/index.html,V for Vendetta (V for Vendetta Complete),Default,37.1,GBP,4,,,,In stock,2026-10-06T07:03:53+00:00
Books to Scrape,https://books.toscrape.com/catalogue/unbroken-a-world-war-ii-story-of-survival-resilience-and-redemption_774/index.html,"Unbroken: A World War II Story of Survival, Resilience, and Redemption",Default,45.95,GBP,2,,,,In stock,2026-10-06T07:03:53+00:00
Books to Scrape,https://books.toscrape.com/catalogue/the-wright-brothers_769/index.html,The Wright Brothers,Default,56.8,GBP,4,,,,In stock,2026-10-06T07:03:53+00:00
Books to Scrape,https://books.toscrape.com/catalogue/the-songs-of-the-gods_763/index.html,The Songs of the Gods,Default,44.48,GBP,5,,,,In stock,2026-10-06T07:03:53+00:00
Books to Scrape,https://books.toscrape.com/catalogue/the-rosie-project-don-tillman-1_761/index.html,The Rosie Project (Don Tillman #1),Default,54.04,GBP,1,,,,In stock,2026-10-06T07:03:53+00:00
Books to Scrape,https://books.toscrape.com/catalogue/the-power-of-habit-why-we-do-what-we-do-in-life-and-business_760/index.html,The Power of Habit: Why We Do What We Do in Life and Business,Default,16.88,GBP,3,,,,In stock,2026-10-06T07:03:53+00:00
Books to Scrape,https://books.toscrape.com/catalogue/steve-jobs_737/index.html,Steve Jobs,Default,39.5,GBP,5,,,,In stock,2026-10-06T07:03:53+00:00
Books to Scrape,https://books.toscrape.com/catalogue/luckiest-girl-alive_713/index.html,Luckiest Girl Alive,Default,49.83,GBP,3,,,,In stock,2026-10-06T07:03:53+00:00
Books to Scrape,https://books.toscrape.com/catalogue/living-leadership-by-insight-a-good-leader-achieves-a-great-leader-builds-monuments_709/index.html,"Living Leadership by Insight: A Good Leader Achieves, a Great Leader Builds Monuments",Default,46.91,GBP,4,,,,In stock,2026-10-06T07:03:53+00:00
Books to Scrape,https://books.toscrape.com/catalogue/lady-midnight-the-dark-artifices-1_707/index.html,Lady Midnight (The Dark Artifices #1),Default,16.28,GBP,5,,,,In stock,2026-10-06T07:03:53+00:00
Books to Scrape,https://books.toscrape.com/catalogue/hush-hush-hush-hush-1_701/index.html,"Hush, Hush (Hush, Hush #1)",Default,47.02,GBP,3,,,,In stock,2026-10-06T07:03:53+00:00
Books to Scrape,https://books.toscrape.com/catalogue/greek-mythic-history_698/index.html,Greek Mythic History,Default,10.23,GBP,5,,,,In stock,2026-10-06T07:03:53+00:00
Books to Scrape,https://books.toscrape.com/catalogue/every-last-word_693/index.html,Every Last Word,Default,46.47,GBP,3,,,,In stock,2026-10-06T07:03:53+00:00
Books to Scrape,https://books.toscrape.com/catalogue/daily-fantasy-sports_683/index.html,Daily Fantasy Sports,Default,36.58,GBP,1,,,,In stock,2026-10-06T07:03:53+00:00
Books to Scrape,https://books.toscrape.com/catalogue/clockwork-angel-the-infernal-devices-1_679/index.html,Clockwork Angel (The Infernal Devices #1),Default,44.14,GBP,1,,,,In stock,2026-10-06T07:03:53+00:00
Books to Scrape,https://books.toscrape.com/catalogue/city-of-fallen-angels-the-mortal-instruments-4_677/index.html,City of Fallen Angels (The Mortal Instruments #4),Default,11.23,GBP,4,,,,In stock,2026-10-06T07:03:53+00:00
Books to Scrape,https://books.toscrape.com/catalogue/city-of-bones-the-mortal-instruments-1_676/index.html,City of Bones (The Mortal Instruments #1),Default,43.28,GBP,1,,,,In stock,2026-10-06T07:03:53+00:00
Books to Scrape,https://books.toscrape.com/catalogue/city-of-ashes-the-mortal-instruments-2_675/index.html,City of Ashes (The Mortal Instruments #2),Default,47.27,GBP,1,,,,In stock,2026-10-06T07:03:53+00:00
Books to Scrape,https://books.toscrape.com/catalogue/carry-on-warrior-thoughts-on-life-unarmed_672/index.html,"Carry On, Warrior: Thoughts on Life Unarmed",Default,31.85,GBP,3,,,,In stock,2026-10-06T07:03:53+00:00
Books to Scrape,https://books.toscrape.com/catalogue/carrie_671/index.html,Carrie,Default,46.23,GBP,2,,,,In stock,2026-10-06T07:03:53+00:00
Books to Scrape,https://books.toscrape.com/catalogue/angels-demons-robert-langdon-1_661/index.html,Angels & Demons (Robert Langdon #1),Default,51.48,GBP,3,,,,In stock,2026-10-06T07:03:53+00:00
Books to Scrape,https://books.toscrape.com/catalogue/the-three-searches-meaning-and-the-story_649/index.html,"The Three Searches, Meaning, and the Story",Default,13.33,GBP,3,,,,In stock,2026-10-06T07:03:53+00:00
Books to Scrape,https://books.toscrape.com/catalogue/raspberry-pi-electronics-projects-for-the-evil-genius_630/index.html,Raspberry Pi Electronics Projects for the Evil Genius,Default,49.67,GBP,4,,,,In stock,2026-10-06T07:03:53+00:00
Books to Scrape,https://books.toscrape.com/catalogue/how-to-speak-golf-an-illustrated-guide-to-links-lingo_621/index.html,How to Speak Golf: An Illustrated Guide to Links Lingo,Default,58.32,GBP,5,,,,In stock,2026-10-06T07:03:53+00:00
Books to Scrape,https://books.toscrape.com/catalogue/eleanor-park_616/index.html,Eleanor & Park,Default,56.51,GBP,5,,,,In stock,2026-10-06T07:03:53+00:00
Books to Scrape,https://books.toscrape.com/catalogue/troublemaker-surviving-hollywood-and-scientology_610/index.html,Troublemaker: Surviving Hollywood and Scientology,Default,48.39,GBP,2,,,,In stock,2026-10-06T07:03:53+00:00
Books to Scrape,https://books.toscrape.com/catalogue/adultery_586/index.html,Adultery,Default,20.88,GBP,5,,,,In stock,2026-10-06T07:03:53+00:00
Books to Scrape,https://books.toscrape.com/catalogue/unlimited-intuition-now_578/index.html,Unlimited Intuition Now,Default,58.87,GBP,4,,,,In stock,2026-10-06T07:03:53+00:00
Books to Scrape,https://books.toscrape.com/catalogue/underlying-notes_577/index.html,Underlying Notes,Default,11.82,GBP,2,,,,In stock,2026-10-06T07:03:53+00:00
Books to Scrape,https://books.toscrape.com/catalogue/the-new-brand-you-your-new-image-makes-the-sale-for-you_575/index.html,The New Brand You: Your New Image Makes the Sale for You,Default,44.05,GBP,5,,,,In stock,2026-10-06T07:03:53+00:00
Books to Scrape,https://books.toscrape.com/catalogue/the-flowers-lied_573/index.html,The Flowers Lied,Default,16.68,GBP,2,,,,In stock,2026-10-06T07:03:53+00:00
Books to Scrape,https://books.toscrape.com/catalogue/nano-what-now-finding-your-editing-process-revising-your-nanowrimo-book-and-building-a-writing-career-through-publishing-and-beyond_566/index.html,"NaNo What Now? Finding your editing process, revising your NaNoWriMo book and building a writing career through publishing and beyond",Default,10.41,GBP,4,,,,In stock,2026-10-06T07:03:53+00:00
Books to Scrape,https://books.toscrape.com/catalogue/modern-day-fables_565/index.html,Modern Day Fables,Default,47.44,GBP,2,,,,In stock,2026-10-06T07:03:53+00:00
Books to Scrape,https://books.toscrape.com/catalogue/the-unlikely-pilgrimage-of-harold-fry-harold-fry-1_551/index.html,The Unlikely Pilgrimage of Harold Fry (Harold Fry #1),Default,43.62,GBP,5,,,,In stock,2026-10-06T07:03:53+00:00
Books to Scrape,https://books.toscrape.com/catalogue/the-martian-the-martian-1_548/index.html,The Martian (The Martian #1),Default,41.39,GBP,2,,,,In stock,2026-10-06T07:03:53+00:00
Books to Scrape,https://books.toscrape.com/catalogue/left-behind-left-behind-1_529/index.html,Left Behind (Left Behind #1),Default,40.72,GBP,2,,,,In stock,2026-10-06T07:03:53+00:00
Books to Scrape,https://books.toscrape.com/catalogue/john-vassos-industrial-design-for-modern-life_526/index.html,John Vassos: Industrial Design for Modern Life,Default,20.22,GBP,4,,,,In stock,2026-10-06T07:03:53+00:00
Books to Scrape,https://books.toscrape.com/catalogue/ill-give-you-the-sun_525/index.html,I'll Give You the Sun,Default,56.48,GBP,1,,,,In stock,2026-10-06T07:03:53+00:00
Books to Scrape,https://books.toscrape.com/catalogue/heaven-is-for-real-a-little-boys-astounding-story-of-his-trip-to-heaven-and-back_520/index.html,Heaven is for Real: A Little Boy's Astounding Story of His Trip to Heaven and Back,Default,52.86,GBP,2,,,,In stock,2026-10-06T07:03:53+00:00
Books to Scrape,https://books.toscrape.com/catalogue/enders-game-the-ender-quintet-1_518/index.html,Ender's Game (The Ender Quintet #1),Default,43.64,GBP,1,,,,In stock,2026-10-06T07:03:53+00:00
Books to Scrape,https://books.toscrape.com/catalogue/death-by-leisure-a-cautionary-tale_516/index.html,Death by Leisure: A Cautionary Tale,Default,37.51,GBP,4,,,,In stock,2026-10-06T07:03:53+00:00
Books to Scrape,https://books.toscrape.com/catalogue/wildlife-of-new-york-a-five-borough-coloring-book_507/index.html,Wildlife of New York: A Five-Borough Coloring Book,Default,22.14,GBP,2,,,,In stock,2026-10-06T07:03:53+00:00
Books to Scrape,https://books.toscrape.com/catalogue/the-year-of-living-biblically-one-mans-humble-quest-to-follow-the-bible-as-literally-as-possible_502/index.html,The Year of Living Biblically: One Man's Humble Quest to Follow the Bible as Literally as Possible,Default,34.72,GBP,1,,,,In stock,2026-10-06T07:03:53+00:00
Books to Scrape,https://books.toscrape.com/catalogue/the-great-gatsby_498/index.html,The Great Gatsby,Default,36.05,GBP,4,,,,In stock,2026-10-06T07:03:53+00:00
Books to Scrape,https://books.toscrape.com/catalogue/the-good-girl_497/index.html,The Good Girl,Default,49.03,GBP,3,,,,In stock,2026-10-06T07:03:53+00:00
Books to Scrape,https://books.toscrape.com/catalogue/the-7-habits-of-highly-effective-people-powerful-lessons-in-personal-change_489/index.html,The 7 Habits of Highly Effective People: Powerful Lessons in Personal Change,Default,33.17,GBP,4,,,,In stock,2026-10-06T07:03:53+00:00
Books to Scrape,https://books.toscrape.com/catalogue/steal-like-an-artist-10-things-nobody-told-you-about-being-creative_487/index.html,Steal Like an Artist: 10 Things Nobody Told You About Being Creative,Default,20.9,GBP,2,,,,In stock,2026-10-06T07:03:53+00:00
Books to Scrape,https://books.toscrape.com/catalogue/life-of-pi_475/index.html,Life of Pi,Default,13.22,GBP,4,,,,In stock,2026-10-06T07:03:53+00:00
Books to Scrape,https://books.toscrape.com/catalogue/the-sound-of-love_455/index.html,The Sound Of Love,Default,57.84,GBP,5,,,,In stock,2026-10-06T07:03:53+00:00
Books to Scrape,https://books.toscrape.com/catalogue/the-perks-of-being-a-wallflower_453/index.html,The Perks of Being a Wallflower,Default,55.02,GBP,3,,,,In stock,2026-10-06T07:03:53+00:00
Books to Scrape,https://books.toscrape.com/catalogue/the-makings-of-a-fatherless-child_450/index.html,The Makings of a Fatherless Child,Default,31.58,GBP,2,,,,In stock,2026-10-06T07:03:53+00:00
Books to Scrape,https://books.toscrape.com/catalogue/the-hobbit-middle-earth-universe_447/index.html,The Hobbit (Middle-Earth Universe),Default,17.8,GBP,5,,,,In stock,2026-10-06T07:03:53+00:00
Books to Scrape,https://books.toscrape.com/catalogue/the-fellowship-of-the-ring-the-lord-of-the-rings-1_442/index.html,The Fellowship of the Ring (The Lord of the Rings #1),Default,10.27,GBP,2,,,,In stock,2026-10-06T07:03:53+00:00
Books to Scrape,https://books.toscrape.com/catalogue/ship-leaves-harbor-essays-on-travel-by-a-recovering-journeyman_438/index.html,Ship Leaves Harbor: Essays on Travel by a Recovering Journeyman,Default,30.6,GBP,3,,,,In stock,2026-10-06T07:03:53+00:00
Books to Scrape,https://books.toscrape.com/catalogue/musicophilia-tales-of-music-and-the-brain_436/index.html,Musicophilia: Tales of Music and the Brain,Default,46.58,GBP,1,,,,In stock,2026-10-06T07:03:53+00:00
Books to Scrape,https://books.toscrape.com/catalogue/what-if-serious-scientific-answers-to-absurd-hypothetical-questions_416/index.html,What If?: Serious Scientific Answers to Absurd Hypothetical Questions,Default,53.68,GBP,4,,,,In stock,2026-10-06T07:03:53+00:00
Books to Scrape,https://books.toscrape.com/catalogue/the-fault-in-our-stars_403/index.html,The Fault in Our Stars,Default,47.22,GBP,1,,,,In stock,2026-10-06T07:03:53+00:00
Books to Scrape,https://books.toscrape.com/catalogue/the-dream-thieves-the-raven-cycle-2_400/index.html,The Dream Thieves (The Raven Cycle #2),Default,34.5,GBP,1,,,,In stock,2026-10-06T07:03:53+00:00
Books to Scrape,https://books.toscrape.com/catalogue/the-5th-wave-the-5th-wave-1_397/index.html,The 5th Wave (The 5th Wave #1),Default,11.83,GBP,2,,,,In stock,2026-10-06T07:03:53+00:00
Books to Scrape,https://books.toscrape.com/catalogue/shiver-the-wolves-of-mercy-falls-1_392/index.html,Shiver (The Wolves of Mercy Falls #1),Default,16.23,GBP,5,,,,In stock,2026-10-06T07:03:53+00:00
Books to Scrape,https://books.toscrape.com/catalogue/remember-me_391/index.html,Remember Me?,Default,11.48,GBP,3,,,,In stock,2026-10-06T07:03:53+00:00
Books to Scrape,https://books.toscrape.com/catalogue/if-i-stay-if-i-stay-1_379/index.html,If I Stay (If I Stay #1),Default,38.13,GBP,5,,,,In stock,2026-10-06T07:03:53+00:00
Books to Scrape,https://books.toscrape.com/catalogue/i-know-why-the-caged-bird-sings-maya-angelous-autobiography-1_378/index.html,I Know Why the Caged Bird Sings (Maya Angelou's Autobiography #1),Default,36.55,GBP,2,,,,In stock,2026-10-06T07:03:53+00:00
Books to Scrape,https://books.toscrape.com/catalogue/harry-potter-and-the-deathly-hallows-harry-potter-7_377/index.html,Harry Potter and the Deathly Hallows (Harry Potter #7),Default,23.32,GBP,1,,,,In stock,2026-10-06T07:03:53+00:00
Books to Scrape,https://books.toscrape.com/catalogue/fool-me-once_374/index.html,Fool Me Once,Default,16.96,GBP,1,,,,In stock,2026-10-06T07:03:53+00:00
Books to Scrape,https://books.toscrape.com/catalogue/drama_371/index.html,Drama,Default,38.7,GBP,2,,,,In stock,2026-10-06T07:03:53+00:00
Books to Scrape,https://books.toscrape.com/catalogue/blue-lily-lily-blue-the-raven-cycle-3_364/index.html,"Blue Lily, Lily Blue (The Raven Cycle #3)",Default,34.13,GBP,5,,,,In stock,2026-10-06T07:03:53+00:00
Books to Scrape,https://books.toscrape.com/catalogue/alight-the-generations-trilogy-2_360/index.html,Alight (The Generations Trilogy #2),Default,58.59,GBP,4,,,,In stock,2026-10-06T07:03:53+00:00
Books to Scrape,https://books.toscrape.com/catalogue/vogue-colors-a-to-z-a-fashion-coloring-book_355/index.html,Vogue Colors A to Z: A Fashion Coloring Book,Default,52.35,GBP,4,,,,In stock,2026-10-06T07:03:53+00:00
Books to Scrape,https://books.toscrape.com/catalogue/the-shining-the-shining-1_354/index.html,The Shining (The Shining #1),Default,27.88,GBP,3,,,,In stock,2026-10-06T07:03:53+00:00
Books to Scrape,https://books.toscrape.com/catalogue/the-hunger-games-the-hunger-games-1_349/index.html,The Hunger Games (The Hunger Games #1),Default,29.85,GBP,5,,,,In stock,2026-10-06T07:03:53+00:00
Books to Scrape,https://books.toscrape.com/catalogue/outlander-outlander-1_338/index.html,Outlander (Outlander #1),Default,19.67,GBP,5,,,,In stock,2026-10-06T07:03:53+00:00
Books to Scrape,https://books.toscrape.com/catalogue/mockingjay-the-hunger-games-3_333/index.html,Mockingjay (The Hunger Games #3),Default,20.44,GBP,4,,,,In stock,2026-10-06T07:03:53+00:00
Books to Scrape,https://books.toscrape.com/catalogue/harry-potter-and-the-sorcerers-stone-harry-potter-1_329/index.html,Harry Potter and the Sorcerer's Stone (Harry Potter #1),Default,13.9,GBP,3,,,,In stock,2026-10-06T07:03:53+00:00
Books to Scrape,https://books.toscrape.com/catalogue/confessions-of-a-shopaholic-shopaholic-1_318/index.html,Confessions of a Shopaholic (Shopaholic #1),Default,48.94,GBP,2,,,,In stock,2026-10-06T07:03:53+00:00
Books to Scrape,https://books.toscrape.com/catalogue/zero-history-blue-ant-3_308/index.html,Zero History (Blue Ant #3),Default,34.77,GBP,1,,,,In stock,2026-10-06T07:03:53+00:00
Books to Scrape,https://books.toscrape.com/catalogue/world-war-z-an-oral-history-of-the-zombie-war_306/index.html,World War Z: An Oral History of the Zombie War,Default,21.8,GBP,1,,,,In stock,2026-10-06T07:03:53+00:00
Books to Scrape,https://books.toscrape.com/catalogue/wild-from-lost-to-found-on-the-pacific-crest-trail_305/index.html,Wild: From Lost to Found on the Pacific Crest Trail,Default,46.02,GBP,3,,,,In stock,2026-10-06T07:03:53+00:00
Books to Scrape,https://books.toscrape.com/catalogue/whered-you-go-bernadette_304/index.html,"Where'd You Go, Bernadette",Default,18.13,GBP,1,,,,In stock,2026-10-06T07:03:53+00:00
Books to Scrape,https://books.toscrape.com/catalogue/twilight-twilight-1_293/index.html,Twilight (Twilight #1),Default,41.93,GBP,2,,,,In stock,2026-10-06T07:03:53+00:00
Books to Scrape,https://books.toscrape.com/catalogue/the-paris-wife_269/index.html,The Paris Wife,Default,36.8,GBP,3,,,,In stock,2026-10-06T07:03:53+00:00
Books to Scrape,https://books.toscrape.com/catalogue/the-maze-runner-the-maze-runner-1_263/index.html,The Maze Runner (The Maze Runner #1),Default,20.93,GBP,1,,,,In stock,2026-10-06T07:03:53+00:00
Books to Scrape,https://books.toscrape.com/catalogue/the-lovers-dictionary_262/index.html,The Lover's Dictionary,Default,58.09,GBP,2,,,,In stock,2026-10-06T07:03:53+00:00
Books to Scrape,https://books.toscrape.com/catalogue/the-goldfinch_252/index.html,The Goldfinch,Default,43.58,GBP,3,,,,In stock,2026-10-06T07:03:53+00:00
Books to Scrape,https://books.toscrape.com/catalogue/the-giver-the-giver-quartet-1_251/index.html,The Giver (The Giver Quartet #1),Default,12.3,GBP,1,,,,In stock,2026-10-06T07:03:53+00:00
Books to Scrape,https://books.toscrape.com/catalogue/the-girl-who-played-with-fire-millennium-trilogy-2_249/index.html,The Girl Who Played with Fire (Millennium Trilogy #2),Default,22.14,GBP,2,,,,In stock,2026-10-06T07:03:53+00:00
Books to Scrape,https://books.toscrape.com/catalogue/the-demon-haunted-world-science-as-a-candle-in-the-dark_242/index.html,The Demon-Haunted World: Science as a Candle in the Dark,Default,52.25,GBP,4,,,,In stock,2026-10-06T07:03:53+00:00
Books to Scrape,https://books.toscrape.com/catalogue/the-book-thief_233/index.html,The Book Thief,Default,53.49,GBP,2,,,,In stock,2026-10-06T07:03:53+00:00
Books to Scrape,https://books.toscrape.com/catalogue/the-autobiography-of-malcolm-x_230/index.html,The Autobiography of Malcolm X,Default,23.43,GBP,2,,,,In stock,2026-10-06T07:03:53+00:00
Books to Scrape,https://books.toscrape.com/catalogue/shopaholic-baby-shopaholic-5_221/index.html,Shopaholic & Baby (Shopaholic #5),Default,46.45,GBP,2,,,,In stock,2026-10-06T07:03:53+00:00
Books to Scrape,https://books.toscrape.com/catalogue/quiet-the-power-of-introverts-in-a-world-that-cant-stop-talking_208/index.html,Quiet: The Power of Introverts in a World That Can't Stop Talking,Default,43.55,GBP,1,,,,In stock,2026-10-06T07:03:53+00:00
Books to Scrape,https://books.toscrape.com/catalogue/packing-for-mars-the-curious-science-of-life-in-the-void_205/index.html,Packing for Mars: The Curious Science of Life in the Void,Default,56.68,GBP,2,,,,In stock,2026-10-06T07:03:53+00:00
Books to Scrape,https://books.toscrape.com/catalogue/orange-is-the-new-black_202/index.html,Orange Is the New Black,Default,24.61,GBP,2,,,,In stock,2026-10-06T07:03:53+00:00
Books to Scrape,https://books.toscrape.com/catalogue/one-for-the-money-stephanie-plum-1_201/index.html,One for the Money (Stephanie Plum #1),Default,32.87,GBP,2,,,,In stock,2026-10-06T07:03:53+00:00
Books to Scrape,https://books.toscrape.com/catalogue/morning-star-red-rising-3_196/index.html,Morning Star (Red Rising #3),Default,29.4,GBP,1,,,,In stock,2026-10-06T07:03:53+00:00
Books to Scrape,https://books.toscrape.com/catalogue/life-after-life_187/index.html,Life After Life,Default,26.13,GBP,2,,,,In stock,2026-10-06T07:03:53+00:00
Books to Scrape,https://books.toscrape.com/catalogue/lean-in-women-work-and-the-will-to-lead_183/index.html,"Lean In: Women, Work, and the Will to Lead",Default,25.02,GBP,1,,,,In stock,2026-10-06T07:03:53+00:00
Books to Scrape,https://books.toscrape.com/catalogue/is-everyone-hanging-out-without-me-and-other-concerns_178/index.html,Is Everyone Hanging Out Without Me? (And Other Concerns),Default,20.11,GBP,3,,,,In stock,2026-10-06T07:03:53+00:00
Books to Scrape,https://books.toscrape.com/catalogue/gone-girl_162/index.html,Gone Girl,Default,37.6,GBP,5,,,,In stock,2026-10-06T07:03:53+00:00
Books to Scrape,https://books.toscrape.com/catalogue/fellside_155/index.html,Fellside,Default,38.62,GBP,1,,,,In stock,2026-10-06T07:03:53+00:00
Books to Scrape,https://books.toscrape.com/catalogue/eclipse-twilight-3_152/index.html,Eclipse (Twilight #3),Default,18.74,GBP,1,,,,In stock,2026-10-06T07:03:53+00:00
Books to Scrape,https://books.toscrape.com/catalogue/dracula_150/index.html,Dracula,Default,52.62,GBP,3,,,,In stock,2026-10-06T07:03:53+00:00
Books to Scrape,https://books.toscrape.com/catalogue/dead-wake-the-last-crossing-of-the-lusitania_147/index.html,Dead Wake: The Last Crossing of the Lusitania,Default,39.24,GBP,5,,,,In stock,2026-10-06T07:03:53+00:00
Books to Scrape,https://books.toscrape.com/catalogue/david-and-goliath-underdogs-misfits-and-the-art-of-battling-giants_146/index.html,"David and Goliath: Underdogs, Misfits, and the Art of Battling Giants",Default,17.81,GBP,1,,,,In stock,2026-10-06T07:03:53+00:00
Books to Scrape,https://books.toscrape.com/catalogue/dark-places_144/index.html,Dark Places,Default,23.9,GBP,5,,,,In stock,2026-10-06T07:03:53+00:00
Books to Scrape,https://books.toscrape.com/catalogue/breaking-dawn-twilight-4_136/index.html,Breaking Dawn (Twilight #4),Default,35.28,GBP,5,,,,In stock,2026-10-06T07:03:53+00:00
Books to Scrape,https://books.toscrape.com/catalogue/beautiful-creatures-caster-chronicles-1_125/index.html,Beautiful Creatures (Caster Chronicles #1),Default,21.55,GBP,5,,,,In stock,2026-10-06T07:03:53+00:00
Books to Scrape,https://books.toscrape.com/catalogue/a-visit-from-the-goon-squad_117/index.html,A Visit from the Goon Squad,Default,14.08,GBP,5,,,,In stock,2026-10-06T07:03:53+00:00
Books to Scrape,https://books.toscrape.com/catalogue/the-zombie-room_87/index.html,The Zombie Room,Default,19.69,GBP,5,,,,In stock,2026-10-06T07:03:53+00:00
Books to Scrape,https://books.toscrape.com/catalogue/the-name-of-the-wind-the-kingkiller-chronicle-1_74/index.html,The Name of the Wind (The Kingkiller Chronicle #1),Default,50.59,GBP,3,,,,In stock,2026-10-06T07:03:53+00:00
Books to Scrape,https://books.toscrape.com/catalogue/taking-shots-assassins-1_57/index.html,Taking Shots (Assassins #1),Default,18.88,GBP,2,,,,In stock,2026-10-06T07:03:53+00:00
Books to Scrape,https://books.toscrape.com/catalogue/shatter-me-shatter-me-1_53/index.html,Shatter Me (Shatter Me #1),Default,42.4,GBP,1,,,,In stock,2026-10-06T07:03:53+00:00
Books to Scrape,https://books.toscrape.com/catalogue/paradise-lost-paradise-1_45/index.html,Paradise Lost (Paradise #1),Default,24.96,GBP,1,,,,In stock,2026-10-06T07:03:53+00:00
Books to Scrape,https://books.toscrape.com/catalogue/on-the-road-duluoz-legend_40/index.html,On the Road (Duluoz Legend),Default,32.36,GBP,3,,,,In stock,2026-10-06T07:03:53+00:00
Books to Scrape,https://books.toscrape.com/catalogue/jane-eyre_27/index.html,Jane Eyre,Default,38.43,GBP,5,,,,In stock,2026-10-06T07:03:53+00:00
Books to Scrape,https://books.toscrape.com/catalogue/frankenstein_20/index.html,Frankenstein,Default,38.0,GBP,2,,,,In stock,2026-10-06T07:03:53+00:00
Books to Scrape,https://books.toscrape.com/catalogue/mesaerion-the-best-science-fiction-stories-1800-1849_983/index.html,Mesaerion: The Best Science Fiction Stories 1800-1849,Science Fiction,37.59,GBP,1,,,,In stock,2026-10-06T07:03:53+00:00
Books to Scrape,https://books.toscrape.com/catalogue/join_902/index.html,Join,Science Fiction,35.67,GBP,5,,,,In stock,2026-10-06T07:03:53+00:00
Books to Scrape,https://books.toscrape.com/catalogue/william-shakespeares-star-wars-verily-a-new-hope-william-shakespeares-star-wars-4_871/index.html,"William Shakespeare's Star Wars: Verily, A New Hope (William Shakespeare's Star Wars #4)",Science Fiction,43.3,GBP,4,,,,In stock,2026-10-06T07:03:53+00:00
Books to Scrape,https://books.toscrape.com/catalogue/the-project_856/index.html,The Project,Science Fiction,10.65,GBP,1,,,,In stock,2026-10-06T07:03:53+00:00
Books to Scrape,https://books.toscrape.com/catalogue/soft-apocalypse_833/index.html,Soft Apocalypse,Science Fiction,26.12,GBP,2,,,,In stock,2026-10-06T07:03:53+00:00
Books to Scrape,https://books.toscrape.com/catalogue/sleeping-giants-themis-files-1_604/index.html,Sleeping Giants (Themis Files #1),Science Fiction,48.74,GBP,1,,,,In stock,2026-10-06T07:03:53+00:00
Books to Scrape,https://books.toscrape.com/catalogue/arena_587/index.html,Arena,Science Fiction,21.36,GBP,4,,,,In stock,2026-10-06T07:03:53+00:00
Books to Scrape,https://books.toscrape.com/catalogue/foundation-foundation-publication-order-1_375/index.html,Foundation (Foundation (Publication Order) #1),Science Fiction,32.42,GBP,1,,,,In stock,2026-10-06T07:03:53+00:00
Books to Scrape,https://books.toscrape.com/catalogue/the-restaurant-at-the-end-of-the-universe-hitchhikers-guide-to-the-galaxy-2_275/index.html,The Restaurant at the End of the Universe (Hitchhiker's Guide to the Galaxy #2),Science Fiction,10.92,GBP,1,,,,In stock,2026-10-06T07:03:53+00:00
Books to Scrape,https://books.toscrape.com/catalogue/ready-player-one_209/index.html,Ready Player One,Science Fiction,19.07,GBP,4,,,,In stock,2026-10-06T07:03:53+00:00
Books to Scrape,https://books.toscrape.com/catalogue/life-the-universe-and-everything-hitchhikers-guide-to-the-galaxy-3_189/index.html,"Life, the Universe and Everything (Hitchhiker's Guide to the Galaxy #3)",Science Fiction,33.26,GBP,2,,,,In stock,2026-10-06T07:03:53+00:00
Books to Scrape,https://books.toscrape.com/catalogue/dune-dune-1_151/index.html,Dune (Dune #1),Science Fiction,54.86,GBP,1,,,,In stock,2026-10-06T07:03:53+00:00
Books to Scrape,https://books.toscrape.com/catalogue/do-androids-dream-of-electric-sheep-blade-runner-1_149/index.html,Do Androids Dream of Electric Sheep? (Blade Runner #1),Science Fiction,51.48,GBP,1,,,,In stock,2026-10-06T07:03:53+00:00
Books to Scrape,https://books.toscrape.com/catalogue/three-wishes-river-of-time-california-1_89/index.html,Three Wishes (River of Time: California #1),Science Fiction,44.18,GBP,2,,,,In stock,2026-10-06T07:03:53+00:00
Books to Scrape,https://books.toscrape.com/catalogue/the-last-girl-the-dominion-trilogy-1_70/index.html,The Last Girl (The Dominion Trilogy #1),Science Fiction,36.26,GBP,2,,,,In stock,2026-10-06T07:03:53+00:00
Books to Scrape,https://books.toscrape.com/catalogue/having-the-barbarians-baby-ice-planet-barbarians-75_23/index.html,Having the Barbarian's Baby (Ice Planet Barbarians #7.5),Science Fiction,34.96,GBP,4,,,,In stock,2026-10-06T07:03:53+00:00
Books to Scrape,https://books.toscrape.com/catalogue/the-book-of-basketball-the-nba-according-to-the-sports-guy_232/index.html,The Book of Basketball: The NBA According to The Sports Guy,Sports and Games,44.84,GBP,5,,,,In stock,2026-10-06T07:03:53+00:00
Books to Scrape,https://books.toscrape.com/catalogue/friday-night-lights-a-town-a-team-and-a-dream_158/index.html,"Friday Night Lights: A Town, a Team, and a Dream",Sports and Games,51.22,GBP,3,,,,In stock,2026-10-06T07:03:53+00:00
Books to Scrape,https://books.toscrape.com/catalogue/sugar-rush-offensive-line-2_108/index.html,Sugar Rush (Offensive Line #2),Sports and Games,24.42,GBP,1,,,,In stock,2026-10-06T07:03:53+00:00
Books to Scrape,https://books.toscrape.com/catalogue/settling-the-score-the-summer-games-1_50/index.html,Settling the Score (The Summer Games #1),Sports and Games,44.91,GBP,2,,,,In stock,2026-10-06T07:03:53+00:00
Books to Scrape,https://books.toscrape.com/catalogue/icing-aces-hockey-2_25/index.html,Icing (Aces Hockey #2),Sports and Games,40.44,GBP,4,,,,In stock,2026-10-06T07:03:53+00:00
Books to Scrape,https://books.toscrape.com/catalogue/the-torch-is-passed-a-harding-family-story_945/index.html,The Torch Is Passed: A Harding Family Story,Add a comment,19.09,GBP,1,,,,In stock,2026-10-06T07:03:53+00:00
Books to Scrape,https://books.toscrape.com/catalogue/the-mindfulness-and-acceptance-workbook-for-anxiety-a-guide-to-breaking-free-from-anxiety-phobias-and-worry-using-acceptance-and-commitment-therapy_937/index.html,"The Mindfulness and Acceptance Workbook for Anxiety: A Guide to Breaking Free from Anxiety, Phobias, and Worry Using Acceptance and Commitment Therapy",Add a comment,23.89,GBP,4,,,,In stock,2026-10-06T07:03:53+00:00
Books to Scrape,https://books.toscrape.com/catalogue/the-art-forger_930/index.html,The Art Forger,Add a comment,40.76,GBP,3,,,,In stock,2026-10-06T07:03:53+00:00
Books to Scrape,https://books.toscrape.com/catalogue/on-a-midnight-clear_912/index.html,On a Midnight Clear,Add a comment,14.07,GBP,3,,,,In stock,2026-10-06T07:03:53+00:00
Books to Scrape,https://books.toscrape.com/catalogue/judo-seven-steps-to-black-belt-an-introductory-guide-for-beginners_903/index.html,Judo: Seven Steps to Black Belt (an Introductory Guide for Beginners),Add a comment,53.9,GBP,2,,,,In stock,2026-10-06T07:03:53+00:00
Books to Scrape,https://books.toscrape.com/catalogue/shobu-samurai-project-aryoku-3_830/index.html,"Shobu Samurai, Project Aryoku (#3)",Add a comment,29.06,GBP,3,,,,In stock,2026-10-06T07:03:53+00:00
Books to Scrape,https://books.toscrape.com/catalogue/modern-romance_820/index.html,Modern Romance,Add a comment,28.26,GBP,5,,,,In stock,2026-10-06T07:03:53+00:00
Books to Scrape,https://books.toscrape.com/catalogue/the-white-queen-the-cousins-war-1_768/index.html,The White Queen (The Cousins' War #1),Add a comment,25.91,GBP,5,,,,In stock,2026-10-06T07:03:53+00:00
Books to Scrape,https://books.toscrape.com/catalogue/the-song-of-achilles_762/index.html,The Song of Achilles,Add a comment,37.4,GBP,5,,,,In stock,2026-10-06T07:03:53+00:00
Books to Scrape,https://books.toscrape.com/catalogue/the-immortal-life-of-henrietta-lacks_753/index.html,The Immortal Life of Henrietta Lacks,Add a comment,40.67,GBP,2,,,,In stock,2026-10-06T07:03:53+00:00
Books to Scrape,https://books.toscrape.com/catalogue/the-dovekeepers_748/index.html,The Dovekeepers,Add a comment,48.78,GBP,1,,,,In stock,2026-10-06T07:03:53+00:00
Books to Scrape,https://books.toscrape.com/catalogue/more-than-music-chasing-the-dream-1_716/index.html,More Than Music (Chasing the Dream #1),Add a comment,37.61,GBP,2,,,,In stock,2026-10-06T07:03:53+00:00
Books to Scrape,https://books.toscrape.com/catalogue/code-name-verity-code-name-verity-1_680/index.html,Code Name Verity (Code Name Verity #1),Add a comment,22.13,GBP,4,,,,In stock,2026-10-06T07:03:53+00:00
Books to Scrape,https://books.toscrape.com/catalogue/cell_674/index.html,Cell,Add a comment,20.29,GBP,4,,,,In stock,2026-10-06T07:03:53+00:00
Books to Scrape,https://books.toscrape.com/catalogue/angels-walking-angels-walking-1_662/index.html,Angels Walking (Angels Walking #1),Add a comment,34.2,GBP,2,,,,In stock,2026-10-06T07:03:53+00:00
Books to Scrape,https://books.toscrape.com/catalogue/a-series-of-catastrophes-and-miracles-a-true-story-of-love-science-and-cancer_655/index.html,"A Series of Catastrophes and Miracles: A True Story of Love, Science, and Cancer",Add a comment,56.48,GBP,2,,,,In stock,2026-10-06T07:03:53+00:00
Books to Scrape,https://books.toscrape.com/catalogue/a-peoples-history-of-the-united-states_654/index.html,A People's History of the United States,Add a comment,40.79,GBP,2,,,,In stock,2026-10-06T07:03:53+00:00
Books to Scrape,https://books.toscrape.com/catalogue/a-brush-of-wings-angels-walking-3_651/index.html,A Brush of Wings (Angels Walking #3),Add a comment,55.51,GBP,1,,,,In stock,2026-10-06T07:03:53+00:00
Books to Scrape,https://books.toscrape.com/catalogue/rook_647/index.html,Rook,Add a comment,37.86,GBP,4,,,,In stock,2026-10-06T07:03:53+00:00
Books to Scrape,https://books.toscrape.com/catalogue/the-midnight-watch-a-novel-of-the-titanic-and-the-californian_640/index.html,The Midnight Watch: A Novel of the Titanic and the Californian,Add a comment,26.2,GBP,1,,,,In stock,2026-10-06T07:03:53+00:00
Books to Scrape,https://books.toscrape.com/catalogue/the-gray-rhino-how-to-recognize-and-act-on-the-obvious-dangers-we-ignore_638/index.html,The Gray Rhino: How to Recognize and Act on the Obvious Dangers We Ignore,Add a comment,59.15,GBP,4,,,,In stock,2026-10-06T07:03:53+00:00
Books to Scrape,https://books.toscrape.com/catalogue/the-children_633/index.html,The Children,Add a comment,11.88,GBP,3,,,,In stock,2026-10-06T07:03:53+00:00
Books to Scrape,https://books.toscrape.com/catalogue/one-with-you-crossfire-5_626/index.html,One with You (Crossfire #5),Add a comment,15.71,GBP,4,,,,In stock,2026-10-06T07:03:53+00:00
Books to Scrape,https://books.toscrape.com/catalogue/without-shame_580/index.html,Without Shame,Add a comment,48.27,GBP,5,,,,In stock,2026-10-06T07:03:53+00:00
Books to Scrape,https://books.toscrape.com/catalogue/watchmen_579/index.html,Watchmen,Add a comment,58.05,GBP,4,,,,In stock,2026-10-06T07:03:53+00:00
Books to Scrape,https://books.toscrape.com/catalogue/a-heros-curse-the-unseen-chronicles-1_557/index.html,A Hero's Curse (The Unseen Chronicles #1),Add a comment,50.49,GBP,3,,,,In stock,2026-10-06T07:03:53+00:00
Books to Scrape,https://books.toscrape.com/catalogue/23-degrees-south-a-tropical-tale-of-changing-whether_556/index.html,23 Degrees South: A Tropical Tale of Changing Whether...,Add a comment,35.79,GBP,2,,,,In stock,2026-10-06T07:03:53+00:00
Books to Scrape,https://books.toscrape.com/catalogue/the-glass-castle_496/index.html,The Glass Castle,Add a comment,16.24,GBP,1,,,,In stock,2026-10-06T07:03:53+00:00
Books to Scrape,https://books.toscrape.com/catalogue/the-drowning-girls_494/index.html,The Drowning Girls,Add a comment,35.67,GBP,3,,,,In stock,2026-10-06T07:03:53+00:00
Books to Scrape,https://books.toscrape.com/catalogue/team-of-rivals-the-political-genius-of-abraham-lincoln_488/index.html,Team of Rivals: The Political Genius of Abraham Lincoln,Add a comment,20.12,GBP,5,,,,In stock,2026-10-06T07:03:53+00:00
Books to Scrape,https://books.toscrape.com/catalogue/john-adams_472/index.html,John Adams,Add a comment,57.43,GBP,4,,,,In stock,2026-10-06T07:03:53+00:00
Books to Scrape,https://books.toscrape.com/catalogue/good-in-bed-cannie-shapiro-1_469/index.html,Good in Bed (Cannie Shapiro #1),Add a comment,37.05,GBP,5,,,,In stock,2026-10-06T07:03:53+00:00
Books to Scrape,https://books.toscrape.com/catalogue/the-joy-of-cooking_449/index.html,The Joy of Cooking,Add a comment,43.27,GBP,4,,,,In stock,2026-10-06T07:03:53+00:00
Books to Scrape,https://books.toscrape.com/catalogue/the-golden-compass-his-dark-materials-1_445/index.html,The Golden Compass (His Dark Materials #1),Add a comment,18.77,GBP,1,,,,In stock,2026-10-06T07:03:53+00:00
Books to Scrape,https://books.toscrape.com/catalogue/the-god-delusion_444/index.html,The God Delusion,Add a comment,46.85,GBP,3,,,,In stock,2026-10-06T07:03:53+00:00
Books to Scrape,https://books.toscrape.com/catalogue/pride-and-prejudice_437/index.html,Pride and Prejudice,Add a comment,19.27,GBP,4,,,,In stock,2026-10-06T07:03:53+00:00
Books to Scrape,https://books.toscrape.com/catalogue/mere-christianity_435/index.html,Mere Christianity,Add a comment,48.51,GBP,3,,,,In stock,2026-10-06T07:03:53+00:00
Books to Scrape,https://books.toscrape.com/catalogue/fun-home-a-family-tragicomic_428/index.html,Fun Home: A Family Tragicomic,Add a comment,56.59,GBP,4,,,,In stock,2026-10-06T07:03:53+00:00
Books to Scrape,https://books.toscrape.com/catalogue/the-raven-king-the-raven-cycle-4_412/index.html,The Raven King (The Raven Cycle #4),Add a comment,30.57,GBP,2,,,,In stock,2026-10-06T07:03:53+00:00
Books to Scrape,https://books.toscrape.com/catalogue/find-her-detective-dd-warren-8_373/index.html,Find Her (Detective D.D. Warren #8),Add a comment,22.37,GBP,1,,,,In stock,2026-10-06T07:03:53+00:00
Books to Scrape,https://books.toscrape.com/catalogue/evicted-poverty-and-profit-in-the-american-city_372/index.html,Evicted: Poverty and Profit in the American City,Add a comment,42.27,GBP,1,,,,In stock,2026-10-06T07:03:53+00:00
Books to Scrape,https://books.toscrape.com/catalogue/a-game-of-thrones-a-song-of-ice-and-fire-1_358/index.html,A Game of Thrones (A Song of Ice and Fire #1),Add a comment,46.42,GBP,2,,,,In stock,2026-10-06T07:03:53+00:00
Books to Scrape,https://books.toscrape.com/catalogue/a-clash-of-kings-a-song-of-ice-and-fire-2_356/index.html,A Clash of Kings (A Song of Ice and Fire #2),Add a comment,10.79,GBP,3,,,,In stock,2026-10-06T07:03:53+00:00
Books to Scrape,https://books.toscrape.com/catalogue/the-tipping-point-how-little-things-can-make-a-big-difference_284/index.html,The Tipping Point: How Little Things Can Make a Big Difference,Add a comment,10.02,GBP,2,,,,In stock,2026-10-06T07:03:53+00:00
Books to Scrape,https://books.toscrape.com/catalogue/the-rest-is-noise-listening-to-the-twentieth-century_274/index.html,The Rest Is Noise: Listening to the Twentieth Century,Add a comment,34.77,GBP,1,,,,In stock,2026-10-06T07:03:53+00:00
Books to Scrape,https://books.toscrape.com/catalogue/the-purpose-driven-life-what-on-earth-am-i-here-for_272/index.html,The Purpose Driven Life: What on Earth Am I Here for?,Add a comment,37.19,GBP,3,,,,In stock,2026-10-06T07:03:53+00:00
Books to Scrape,https://books.toscrape.com/catalogue/the-hitchhikers-guide-to-the-galaxy-hitchhikers-guide-to-the-galaxy-1_255/index.html,The Hitchhiker's Guide to the Galaxy (Hitchhiker's Guide to the Galaxy #1),Add a comment,47.8,GBP,3,,,,In stock,2026-10-06T07:03:53+00:00
Books to Scrape,https://books.toscrape.com/catalogue/the-girl-who-kicked-the-hornets-nest-millennium-trilogy-3_248/index.html,The Girl Who Kicked the Hornet's Nest (Millennium Trilogy #3),Add a comment,57.48,GBP,1,,,,In stock,2026-10-06T07:03:53+00:00
Books to Scrape,https://books.toscrape.com/catalogue/the-end-of-faith-religion-terror-and-the-future-of-reason_246/index.html,"The End of Faith: Religion, Terror, and the Future of Reason",Add a comment,22.13,GBP,4,,,,In stock,2026-10-06T07:03:53+00:00
Books to Scrape,https://books.toscrape.com/catalogue/the-complete-poems_237/index.html,The Complete Poems,Add a comment,41.32,GBP,5,,,,In stock,2026-10-06T07:03:53+00:00
Books to Scrape,https://books.toscrape.com/catalogue/the-catcher-in-the-rye_236/index.html,The Catcher in the Rye,Add a comment,24.55,GBP,1,,,,In stock,2026-10-06T07:03:53+00:00
Books to Scrape,https://books.toscrape.com/catalogue/the-case-for-christ-cases-for-christianity_234/index.html,The Case for Christ (Cases for Christianity),Add a comment,47.84,GBP,1,,,,In stock,2026-10-06T07:03:53+00:00
Books to Scrape,https://books.toscrape.com/catalogue/the-blind-side-evolution-of-a-game_231/index.html,The Blind Side: Evolution of a Game,Add a comment,53.71,GBP,5,,,,In stock,2026-10-06T07:03:53+00:00
Books to Scrape,https://books.toscrape.com/catalogue/seven-days-in-the-art-world_220/index.html,Seven Days in the Art World,Add a comment,52.33,GBP,2,,,,In stock,2026-10-06T07:03:53+00:00
Books to Scrape,https://books.toscrape.com/catalogue/sarahs-key_217/index.html,Sarah's Key,Add a comment,46.29,GBP,1,,,,In stock,2026-10-06T07:03:53+00:00
Books to Scrape,https://books.toscrape.com/catalogue/rogue-lawyer-rogue-lawyer-1_214/index.html,Rogue Lawyer (Rogue Lawyer #1),Add a comment,50.11,GBP,3,,,,In stock,2026-10-06T07:03:53+00:00
Books to Scrape,https://books.toscrape.com/catalogue/manuscript-found-in-accra_192/index.html,Manuscript Found in Accra,Add a comment,34.98,GBP,2,,,,In stock,2026-10-06T07:03:53+00:00
Books to Scrape,https://books.toscrape.com/catalogue/fire-bound-sea-havensisters-of-the-heart-5_157/index.html,Fire Bound (Sea Haven/Sisters of the Heart #5),Add a comment,21.28,GBP,4,,,,In stock,2026-10-06T07:03:53+00:00
Books to Scrape,https://books.toscrape.com/catalogue/cosmos_141/index.html,Cosmos,Add a comment,36.17,GBP,2,,,,In stock,2026-10-06T07:03:53+00:00
Books to Scrape,https://books.toscrape.com/catalogue/girlboss_113/index.html,#GIRLBOSS,Add a comment,50.96,GBP,1,,,,In stock,2026-10-06T07:03:53+00:00
Books to Scrape,https://books.toscrape.com/catalogue/the-sense-of-an-ending_111/index.html,The Sense of an Ending,Add a comment,31.38,GBP,3,,,,In stock,2026-10-06T07:03:53+00:00
Books to Scrape,https://books.toscrape.com/catalogue/the-republic_78/index.html,The Republic,Add a comment,33.78,GBP,3,,,,In stock,2026-10-06T07:03:53+00:00
Books to Scrape,https://books.toscrape.com/catalogue/the-odyssey_77/index.html,The Odyssey,Add a comment,29.64,GBP,3,,,,In stock,2026-10-06T07:03:53+00:00
Books to Scrape,https://books.toscrape.com/catalogue/the-light-of-the-fireflies_71/index.html,The Light of the Fireflies,Add a comment,54.43,GBP,1,,,,In stock,2026-10-06T07:03:53+00:00
Books to Scrape,https://books.toscrape.com/catalogue/the-iliad_69/index.html,The Iliad,Add a comment,16.16,GBP,1,,,,In stock,2026-10-06T07:03:53+00:00
Books to Scrape,https://books.toscrape.com/catalogue/the-communist-manifesto_61/index.html,The Communist Manifesto,Add a comment,14.76,GBP,3,,,,In stock,2026-10-06T07:03:53+00:00
Books to Scrape,https://books.toscrape.com/catalogue/lord-of-the-flies_30/index.html,Lord of the Flies,Add a comment,24.89,GBP,3,,,,In stock,2026-10-06T07:03:53+00:00
Books to Scrape,https://books.toscrape.com/catalogue/unicorn-tracks_951/index.html,Unicorn Tracks,Fantasy,18.78,GBP,3,,,,In stock,2026-10-06T07:03:53+00:00
Books to Scrape,https://books.toscrape.com/catalogue/saga-volume-6-saga-collected-editions-6_924/index.html,"Saga, Volume 6 (Saga (Collected Editions) #6)",Fantasy,25.02,GBP,3,,,,In stock,2026-10-06T07:03:53+00:00
Books to Scrape,https://books.toscrape.com/catalogue/princess-between-worlds-wide-awake-princess-5_919/index.html,Princess Between Worlds (Wide-Awake Princess #5),Fantasy,13.34,GBP,5,,,,In stock,2026-10-06T07:03:53+00:00
Books to Scrape,https://books.toscrape.com/catalogue/masks-and-shadows_909/index.html,Masks and Shadows,Fantasy,56.4,GBP,2,,,,In stock,2026-10-06T07:03:53+00:00
Books to Scrape,https://books.toscrape.com/catalogue/crown-of-midnight-throne-of-glass-2_888/index.html,Crown of Midnight (Throne of Glass #2),Fantasy,43.29,GBP,3,,,,In stock,2026-10-06T07:03:53+00:00
Books to Scrape,https://books.toscrape.com/catalogue/avatar-the-last-airbender-smoke-and-shadow-part-3-smoke-and-shadow-3_881/index.html,"Avatar: The Last Airbender: Smoke and Shadow, Part 3 (Smoke and Shadow #3)",Fantasy,28.09,GBP,2,,,,In stock,2026-10-06T07:03:53+00:00
Books to Scrape,https://books.toscrape.com/catalogue/a-court-of-thorns-and-roses-a-court-of-thorns-and-roses-1_874/index.html,A Court of Thorns and Roses (A Court of Thorns and Roses #1),Fantasy,52.37,GBP,1,,,,In stock,2026-10-06T07:03:53+00:00
Books to Scrape,https://books.toscrape.com/catalogue/throne-of-glass-throne-of-glass-1_868/index.html,Throne of Glass (Throne of Glass #1),Fantasy,35.07,GBP,3,,,,In stock,2026-10-06T07:03:53+00:00
Books to Scrape,https://books.toscrape.com/catalogue/the-glittering-court-the-glittering-court-1_845/index.html,The Glittering Court (The Glittering Court #1),Fantasy,44.28,GBP,1,,,,In stock,2026-10-06T07:03:53+00:00
Books to Scrape,https://books.toscrape.com/catalogue/hollow-city-miss-peregrines-peculiar-children-2_813/index.html,Hollow City (Miss Peregrine’s Peculiar Children #2),Fantasy,42.98,GBP,1,,,,In stock,2026-10-06T07:03:53+00:00
Books to Scrape,https://books.toscrape.com/catalogue/the-star-touched-queen_764/index.html,The Star-Touched Queen,Fantasy,46.02,GBP,5,,,,In stock,2026-10-06T07:03:53+00:00
Books to Scrape,https://books.toscrape.com/catalogue/the-hidden-oracle-the-trials-of-apollo-1_752/index.html,The Hidden Oracle (The Trials of Apollo #1),Fantasy,52.26,GBP,2,,,,In stock,2026-10-06T07:03:53+00:00
Books to Scrape,https://books.toscrape.com/catalogue/the-bane-chronicles-the-bane-chronicles-1-11_746/index.html,The Bane Chronicles (The Bane Chronicles #1-11),Fantasy,44.73,GBP,4,,,,In stock,2026-10-06T07:03:53+00:00
Books to Scrape,https://books.toscrape.com/catalogue/island-of-dragons-unwanteds-7_705/index.html,Island of Dragons (Unwanteds #7),Fantasy,29.65,GBP,1,,,,In stock,2026-10-06T07:03:53+00:00
Books to Scrape,https://books.toscrape.com/catalogue/demigods-magicians-percy-and-annabeth-meet-the-kanes-percy-jackson-kane-chronicles-crossover-1-3_685/index.html,Demigods & Magicians: Percy and Annabeth Meet the Kanes (Percy Jackson & Kane Chronicles Crossover #1-3),Fantasy,37.51,GBP,5,,,,In stock,2026-10-06T07:03:53+00:00
Books to Scrape,https://books.toscrape.com/catalogue/city-of-glass-the-mortal-instruments-3_678/index.html,City of Glass (The Mortal Instruments #3),Fantasy,56.02,GBP,4,,,,In stock,2026-10-06T07:03:53+00:00
Books to Scrape,https://books.toscrape.com/catalogue/searching-for-meaning-in-gailana_648/index.html,Searching for Meaning in Gailana,Fantasy,38.73,GBP,1,,,,In stock,2026-10-06T07:03:53+00:00
Books to Scrape,https://books.toscrape.com/catalogue/the-star-touched-queen_642/index.html,The Star-Touched Queen,Fantasy,32.3,GBP,5,,,,In stock,2026-10-06T07:03:53+00:00
Books to Scrape,https://books.toscrape.com/catalogue/a-shard-of-ice-the-black-symphony-saga-1_558/index.html,A Shard of Ice (The Black Symphony Saga #1),Fantasy,56.63,GBP,3,,,,In stock,2026-10-06T07:03:53+00:00
Books to Scrape,https://books.toscrape.com/catalogue/kings-folly-the-kinsman-chronicles-1_473/index.html,King's Folly (The Kinsman Chronicles #1),Fantasy,39.61,GBP,5,,,,In stock,2026-10-06T07:03:53+00:00
Books to Scrape,https://books.toscrape.com/catalogue/every-heart-a-doorway-every-heart-a-doorway-1_465/index.html,Every Heart a Doorway (Every Heart A Doorway #1),Fantasy,12.16,GBP,5,,,,In stock,2026-10-06T07:03:53+00:00
Books to Scrape,https://books.toscrape.com/catalogue/a-gathering-of-shadows-shades-of-magic-2_456/index.html,A Gathering of Shadows (Shades of Magic #2),Fantasy,44.81,GBP,4,,,,In stock,2026-10-06T07:03:53+00:00
Books to Scrape,https://books.toscrape.com/catalogue/the-raven-boys-the-raven-cycle-1_411/index.html,The Raven Boys (The Raven Cycle #1),Fantasy,57.74,GBP,4,,,,In stock,2026-10-06T07:03:53+00:00
Books to Scrape,https://books.toscrape.com/catalogue/the-false-prince-the-ascendance-trilogy-1_402/index.html,The False Prince (The Ascendance Trilogy #1),Fantasy,56.0,GBP,5,,,,In stock,2026-10-06T07:03:53+00:00
Books to Scrape,https://books.toscrape.com/catalogue/tell-the-wind-and-fire_396/index.html,Tell the Wind and Fire,Fantasy,45.51,GBP,3,,,,In stock,2026-10-06T07:03:53+00:00
Books to Scrape,https://books.toscrape.com/catalogue/a-feast-for-crows-a-song-of-ice-and-fire-4_357/index.html,A Feast for Crows (A Song of Ice and Fire #4),Fantasy,17.21,GBP,4,,,,In stock,2026-10-06T07:03:53+00:00
Books to Scrape,https://books.toscrape.com/catalogue/the-demonists-demonist-1_345/index.html,The Demonists (Demonist #1),Fantasy,52.11,GBP,2,,,,In stock,2026-10-06T07:03:53+00:00
Books to Scrape,https://books.toscrape.com/catalogue/the-beast-black-dagger-brotherhood-14_342/index.html,The Beast (Black Dagger Brotherhood #14),Fantasy,46.08,GBP,5,,,,In stock,2026-10-06T07:03:53+00:00
Books to Scrape,https://books.toscrape.com/catalogue/paper-and-fire-the-great-library-2_339/index.html,Paper and Fire (The Great Library #2),Fantasy,49.45,GBP,5,,,,In stock,2026-10-06T07:03:53+00:00
Books to Scrape,https://books.toscrape.com/catalogue/harry-potter-and-the-order-of-the-phoenix-harry-potter-5_327/index.html,Harry Potter and the Order of the Phoenix (Harry Potter #5),Fantasy,31.63,GBP,4,,,,In stock,2026-10-06T07:03:53+00:00
Books to Scrape,https://books.toscrape.com/catalogue/harry-potter-and-the-half-blood-prince-harry-potter-6_326/index.html,Harry Potter and the Half-Blood Prince (Harry Potter #6),Fantasy,48.75,GBP,5,,,,In stock,2026-10-06T07:03:53+00:00
Books to Scrape,https://books.toscrape.com/catalogue/harry-potter-and-the-chamber-of-secrets-harry-potter-2_325/index.html,Harry Potter and the Chamber of Secrets (Harry Potter #2),Fantasy,14.74,GBP,1,,,,In stock,2026-10-06T07:03:53+00:00
Books to Scrape,https://books.toscrape.com/catalogue/the-rose-the-dagger-the-wrath-and-the-dawn-2_278/index.html,The Rose & the Dagger (The Wrath and the Dawn #2),Fantasy,58.64,GBP,4,,,,In stock,2026-10-06T07:03:53+00:00
Books to Scrape,https://books.toscrape.com/catalogue/soldier-talon-3_222/index.html,Soldier (Talon #3),Fantasy,24.72,GBP,2,,,,In stock,2026-10-06T07:03:53+00:00
Books to Scrape,https://books.toscrape.com/catalogue/midnight-riot-peter-grant-rivers-of-london-books-1_194/index.html,Midnight Riot (Peter Grant/ Rivers of London - books #1),Fantasy,55.46,GBP,2,,,,In stock,2026-10-06T07:03:53+00:00
Books to Scrape,https://books.toscrape.com/catalogue/heir-to-the-sky_166/index.html,Heir to the Sky,Fantasy,44.07,GBP,4,,,,In stock,2026-10-06T07:03:53+00:00
Books to Scrape,https://books.toscrape.com/catalogue/eragon-the-inheritance-cycle-1_153/index.html,Eragon (The Inheritance Cycle #1),Fantasy,43.87,GBP,3,,,,In stock,2026-10-06T07:03:53+00:00
Books to Scrape,https://books.toscrape.com/catalogue/darkfever-fever-1_145/index.html,Darkfever (Fever #1),Fantasy,56.02,GBP,1,,,,In stock,2026-10-06T07:03:53+00:00
Books to Scrape,https://books.toscrape.com/catalogue/ash_123/index.html,Ash,Fantasy,22.06,GBP,4,,,,In stock,2026-10-06T07:03:53+00:00
Books to Scrape,https://books.toscrape.com/catalogue/a-storm-of-swords-a-song-of-ice-and-fire-3_116/index.html,A Storm of Swords (A Song of Ice and Fire #3),Fantasy,31.22,GBP,2,,,,In stock,2026-10-06T07:03:53+00:00
Books to Scrape,https://books.toscrape.com/catalogue/vampire-girl-vampire-girl-1_92/index.html,Vampire Girl (Vampire Girl #1),Fantasy,53.82,GBP,2,,,,In stock,2026-10-06T07:03:53+00:00
Books to Scrape,https://books.toscrape.com/catalogue/the-silent-twin-detective-jennifer-knight-3_82/index.html,The Silent Twin (Detective Jennifer Knight #3),Fantasy,36.25,GBP,3,,,,In stock,2026-10-06T07:03:53+00:00
Books to Scrape,https://books.toscrape.com/catalogue/the-mirror-the-maze-the-wrath-and-the-dawn-15_73/index.html,The Mirror & the Maze (The Wrath and the Dawn #1.5),Fantasy,29.38,GBP,1,,,,In stock,2026-10-06T07:03:53+00:00
Books to Scrape,https://books.toscrape.com/catalogue/sister-sable-the-mad-queen-1_54/index.html,Sister Sable (The Mad Queen #1),Fantasy,13.33,GBP,3,,,,In stock,2026-10-06T07:03:53+00:00
Books to Scrape,https://books.toscrape.com/catalogue/shadow-rites-jane-yellowrock-10_51/index.html,Shadow Rites (Jane Yellowrock #10),Fantasy,21.72,GBP,4,,,,In stock,2026-10-06T07:03:53+00:00
Books to Scrape,https://books.toscrape.com/catalogue/origins-alphas-05_42/index.html,Origins (Alphas 0.5),Fantasy,28.99,GBP,1,,,,In stock,2026-10-06T07:03:53+00:00
Books to Scrape,https://books.toscrape.com/catalogue/one-second-seven-7_41/index.html,One Second (Seven #7),Fantasy,52.94,GBP,2,,,,In stock,2026-10-06T07:03:53+00:00
Books to Scrape,https://books.toscrape.com/catalogue/myriad-prentor-1_36/index.html,Myriad (Prentor #1),Fantasy,58.75,GBP,4,,,,In stock,2026-10-06T07:03:53+00:00
Books to Scrape,https://books.toscrape.com/catalogue/without-borders-wanderlove-1_956/index.html,Without Borders (Wanderlove #1),New Adult,45.07,GBP,2,,,,In stock,2026-10-06T07:03:53+00:00
Books to Scrape,https://books.toscrape.com/catalogue/the-mistake-off-campus-2_851/index.html,The Mistake (Off-Campus #2),New Adult,43.29,GBP,3,,,,In stock,2026-10-06T07:03:53+00:00
Books to Scrape,https://books.toscrape.com/catalogue/the-matchmakers-playbook-wingmen-inc-1_850/index.html,The Matchmaker's Playbook (Wingmen Inc. #1),New Adult,55.85,GBP,1,,,,In stock,2026-10-06T07:03:53+00:00
Books to Scrape,https://books.toscrape.com/catalogue/the-hook-up-game-on-1_68/index.html,The Hook Up (Game On #1),New Adult,36.29,GBP,5,,,,In stock,2026-10-06T07:03:53+00:00
Books to Scrape,https://books.toscrape.com/catalogue/shameless_52/index.html,Shameless,New Adult,58.35,GBP,3,,,,In stock,2026-10-06T07:03:53+00:00
Books to Scrape,https://books.toscrape.com/catalogue/off-sides-off-1_38/index.html,Off Sides (Off #1),New Adult,39.45,GBP,5,,,,In stock,2026-10-06T07:03:53+00:00
Books to Scrape,https://books.toscrape.com/catalogue/the-requiem-red_995/index.html,The Requiem Red,Young Adult,22.65,GBP,1,,,,In stock,2026-10-06T07:03:53+00:00
Books to Scrape,https://books.toscrape.com/catalogue/set-me-free_988/index.html,Set Me Free,Young Adult,17.46,GBP,5,,,,In stock,2026-10-06T07:03:53+00:00
Books to Scrape,https://books.toscrape.com/catalogue/the-natural-history-of-us-the-fine-art-of-pretending-2_941/index.html,The Natural History of Us (The Fine Art of Pretending #2),Young Adult,45.22,GBP,3,,,,In stock,2026-10-06T07:03:53+00:00
Books to Scrape,https://books.toscrape.com/catalogue/obsidian-lux-1_911/index.html,Obsidian (Lux #1),Young Adult,14.86,GBP,2,,,,In stock,2026-10-06T07:03:53+00:00
Books to Scrape,https://books.toscrape.com/catalogue/burning_884/index.html,Burning,Young Adult,28.81,GBP,3,,,,In stock,2026-10-06T07:03:53+00:00
Books to Scrape,https://books.toscrape.com/catalogue/a-fierce-and-subtle-poison_875/index.html,A Fierce and Subtle Poison,Young Adult,28.13,GBP,4,,,,In stock,2026-10-06T07:03:53+00:00
Books to Scrape,https://books.toscrape.com/catalogue/scarlett-epstein-hates-it-here_828/index.html,Scarlett Epstein Hates It Here,Young Adult,43.55,GBP,5,,,,In stock,2026-10-06T07:03:53+00:00
Books to Scrape,https://books.toscrape.com/catalogue/nightingale-sing_823/index.html,"Nightingale, Sing",Young Adult,38.28,GBP,1,,,,In stock,2026-10-06T07:03:53+00:00
Books to Scrape,https://books.toscrape.com/catalogue/library-of-souls-miss-peregrines-peculiar-children-3_816/index.html,Library of Souls (Miss Peregrine’s Peculiar Children #3),Young Adult,48.56,GBP,5,,,,In stock,2026-10-06T07:03:53+00:00
Books to Scrape,https://books.toscrape.com/catalogue/frostbite-vampire-academy-2_810/index.html,Frostbite (Vampire Academy #2),Young Adult,29.99,GBP,5,,,,In stock,2026-10-06T07:03:53+00:00
Books to Scrape,https://books.toscrape.com/catalogue/wild-swans_782/index.html,Wild Swans,Young Adult,14.36,GBP,2,,,,In stock,2026-10-06T07:03:53+00:00
Books to Scrape,https://books.toscrape.com/catalogue/until-friday-night-the-field-party-1_775/index.html,Until Friday Night (The Field Party #1),Young Adult,46.31,GBP,2,,,,In stock,2026-10-06T07:03:53+00:00
Books to Scrape,https://books.toscrape.com/catalogue/this-is-where-it-ends_771/index.html,This Is Where It Ends,Young Adult,27.12,GBP,2,,,,In stock,2026-10-06T07:03:53+00:00
Books to Scrape,https://books.toscrape.com/catalogue/the-darkest-lie_747/index.html,The Darkest Lie,Young Adult,35.35,GBP,5,,,,In stock,2026-10-06T07:03:53+00:00
Books to Scrape,https://books.toscrape.com/catalogue/my-kind-of-crazy_718/index.html,My Kind of Crazy,Young Adult,40.36,GBP,1,,,,In stock,2026-10-06T07:03:53+00:00
Books to Scrape,https://books.toscrape.com/catalogue/dont-get-caught_687/index.html,Don't Get Caught,Young Adult,55.35,GBP,1,,,,In stock,2026-10-06T07:03:53+00:00
Books to Scrape,https://books.toscrape.com/catalogue/catching-jordan-hundred-oaks_673/index.html,Catching Jordan (Hundred Oaks),Young Adult,50.83,GBP,3,,,,In stock,2026-10-06T07:03:53+00:00
Books to Scrape,https://books.toscrape.com/catalogue/aristotle-and-dante-discover-the-secrets-of-the-universe-aristotle-and-dante-discover-the-secrets-of-the-universe-1_663/index.html,Aristotle and Dante Discover the Secrets of the Universe (Aristotle and Dante Discover the Secrets of the Universe #1),Young Adult,58.14,GBP,4,,,,In stock,2026-10-06T07:03:53+00:00
Books to Scrape,https://books.toscrape.com/catalogue/the-epidemic-the-program-06_636/index.html,The Epidemic (The Program 0.6),Young Adult,14.44,GBP,5,,,,In stock,2026-10-06T07:03:53+00:00
Books to Scrape,https://books.toscrape.com/catalogue/stars-above-the-lunar-chronicles-45_632/index.html,Stars Above (The Lunar Chronicles #4.5),Young Adult,48.05,GBP,2,,,,In stock,2026-10-06T07:03:53+00:00
Books to Scrape,https://books.toscrape.com/catalogue/no-love-allowed-dodge-cove-1_625/index.html,No Love Allowed (Dodge Cove #1),Young Adult,54.65,GBP,4,,,,In stock,2026-10-06T07:03:53+00:00
Books to Scrape,https://books.toscrape.com/catalogue/exit-pursued-by-a-bear_591/index.html,"Exit, Pursued by a Bear",Young Adult,51.34,GBP,4,,,,In stock,2026-10-06T07:03:53+00:00
Books to Scrape,https://books.toscrape.com/catalogue/the-alien-club_569/index.html,The Alien Club,Young Adult,54.4,GBP,1,,,,In stock,2026-10-06T07:03:53+00:00
Books to Scrape,https://books.toscrape.com/catalogue/dont-forget-steven_561/index.html,Don't Forget Steven,Young Adult,33.23,GBP,1,,,,In stock,2026-10-06T07:03:53+00:00
Books to Scrape,https://books.toscrape.com/catalogue/south-of-sunshine_544/index.html,South of Sunshine,Young Adult,28.93,GBP,1,,,,In stock,2026-10-06T07:03:53+00:00
Books to Scrape,https://books.toscrape.com/catalogue/my-life-next-door-my-life-next-door_535/index.html,My Life Next Door (My Life Next Door ),Young Adult,36.39,GBP,5,,,,In stock,2026-10-06T07:03:53+00:00
Books to Scrape,https://books.toscrape.com/catalogue/future-shock-future-shock-1_519/index.html,Future Shock (Future Shock #1),Young Adult,55.65,GBP,5,,,,In stock,2026-10-06T07:03:53+00:00
Books to Scrape,https://books.toscrape.com/catalogue/nightstruck-a-novel_480/index.html,Nightstruck: A Novel,Young Adult,50.35,GBP,4,,,,In stock,2026-10-06T07:03:53+00:00
Books to Scrape,https://books.toscrape.com/catalogue/tell-the-wolves-im-home_439/index.html,Tell the Wolves I'm Home,Young Adult,50.96,GBP,2,,,,In stock,2026-10-06T07:03:53+00:00
Books to Scrape,https://books.toscrape.com/catalogue/will-grayson-will-grayson-will-grayson-will-grayson_419/index.html,"Will Grayson, Will Grayson (Will Grayson, Will Grayson)",Young Adult,47.31,GBP,4,,,,In stock,2026-10-06T07:03:53+00:00
Books to Scrape,https://books.toscrape.com/catalogue/where-she-went-if-i-stay-2_417/index.html,Where She Went (If I Stay #2),Young Adult,41.73,GBP,4,,,,In stock,2026-10-06T07:03:53+00:00
Books to Scrape,https://books.toscrape.com/catalogue/two-summers_415/index.html,Two Summers,Young Adult,14.64,GBP,1,,,,In stock,2026-10-06T07:03:53+00:00
Books to Scrape,https://books.toscrape.com/catalogue/the-darkest-corners_399/index.html,The Darkest Corners,Young Adult,11.33,GBP,5,,,,In stock,2026-10-06T07:03:53+00:00
Books to Scrape,https://books.toscrape.com/catalogue/tell-me-three-things_395/index.html,Tell Me Three Things,Young Adult,41.81,GBP,1,,,,In stock,2026-10-06T07:03:53+00:00
Books to Scrape,https://books.toscrape.com/catalogue/lola-and-the-boy-next-door-anna-and-the-french-kiss-2_385/index.html,Lola and the Boy Next Door (Anna and the French Kiss #2),Young Adult,23.63,GBP,4,,,,In stock,2026-10-06T07:03:53+00:00
Books to Scrape,https://books.toscrape.com/catalogue/kill-the-boy-band_381/index.html,Kill the Boy Band,Young Adult,15.52,GBP,5,,,,In stock,2026-10-06T07:03:53+00:00
Books to Scrape,https://books.toscrape.com/catalogue/isla-and-the-happily-ever-after-anna-and-the-french-kiss-3_380/index.html,Isla and the Happily Ever After (Anna and the French Kiss #3),Young Adult,48.13,GBP,5,,,,In stock,2026-10-06T07:03:53+00:00
Books to Scrape,https://books.toscrape.com/catalogue/an-abundance-of-katherines_362/index.html,An Abundance of Katherines,Young Adult,10.0,GBP,5,,,,In stock,2026-10-06T07:03:53+00:00
Books to Scrape,https://books.toscrape.com/catalogue/harry-potter-and-the-prisoner-of-azkaban-harry-potter-3_328/index.html,Harry Potter and the Prisoner of Azkaban (Harry Potter #3),Young Adult,24.17,GBP,4,,,,In stock,2026-10-06T07:03:53+00:00
Books to Scrape,https://books.toscrape.com/catalogue/walk-the-edge-thunder-road-2_300/index.html,Walk the Edge (Thunder Road #2),Young Adult,32.36,GBP,3,,,,In stock,2026-10-06T07:03:53+00:00
Books to Scrape,https://books.toscrape.com/catalogue/two-boys-kissing_294/index.html,Two Boys Kissing,Young Adult,32.74,GBP,2,,,,In stock,2026-10-06T07:03:53+00:00
Books to Scrape,https://books.toscrape.com/catalogue/the-new-guy-and-other-senior-year-distractions_266/index.html,The New Guy (and Other Senior Year Distractions),Young Adult,44.92,GBP,3,,,,In stock,2026-10-06T07:03:53+00:00
Books to Scrape,https://books.toscrape.com/catalogue/the-land-of-10000-madonnas_258/index.html,"The Land of 10,000 Madonnas",Young Adult,29.64,GBP,4,,,,In stock,2026-10-06T07:03:53+00:00
Books to Scrape,https://books.toscrape.com/catalogue/scarlet-the-lunar-chronicles-2_218/index.html,Scarlet (The Lunar Chronicles #2),Young Adult,14.57,GBP,4,,,,In stock,2026-10-06T07:03:53+00:00
Books to Scrape,https://books.toscrape.com/catalogue/legend-legend-1_184/index.html,Legend (Legend #1),Young Adult,43.69,GBP,4,,,,In stock,2026-10-06T07:03:53+00:00
Books to Scrape,https://books.toscrape.com/catalogue/lady-renegades-rebel-belle-3_181/index.html,Lady Renegades (Rebel Belle #3),Young Adult,53.04,GBP,5,,,,In stock,2026-10-06T07:03:53+00:00
Books to Scrape,https://books.toscrape.com/catalogue/golden-heart-of-dread-3_161/index.html,Golden (Heart of Dread #3),Young Adult,42.21,GBP,4,,,,In stock,2026-10-06T07:03:53+00:00
Books to Scrape,https://books.toscrape.com/catalogue/cinder-the-lunar-chronicles-1_139/index.html,Cinder (The Lunar Chronicles #1),Young Adult,26.09,GBP,1,,,,In stock,2026-10-06T07:03:53+00:00
Books to Scrape,https://books.toscrape.com/catalogue/boy-meets-boy_134/index.html,Boy Meets Boy,Young Adult,21.12,GBP,3,,,,In stock,2026-10-06T07:03:53+00:00
Books to Scrape,https://books.toscrape.com/catalogue/annie-on-my-mind_120/index.html,Annie on My Mind,Young Adult,36.83,GBP,5,,,,In stock,2026-10-06T07:03:53+00:00
Books to Scrape,https://books.toscrape.com/catalogue/new-moon-twilight-2_105/index.html,New Moon (Twilight #2),Young Adult,12.86,GBP,4,,,,In stock,2026-10-06T07:03:53+00:00
Books to Scrape,https://books.toscrape.com/catalogue/girl-online-on-tour-girl-online-2_101/index.html,Girl Online On Tour (Girl Online #2),Young Adult,53.47,GBP,1,,,,In stock,2026-10-06T07:03:53+00:00
Books to Scrape,https://books.toscrape.com/catalogue/the-haters_67/index.html,The Haters,Young Adult,27.89,GBP,5,,,,In stock,2026-10-06T07:03:53+00:00
Books to Scrape,https://books.toscrape.com/catalogue/the-art-of-not-breathing_58/index.html,The Art of Not Breathing,Young Adult,40.83,GBP,4,,,,In stock,2026-10-06T07:03:53+00:00
Books to Scrape,https://books.toscrape.com/catalogue/the-most-perfect-thing-inside-and-outside-a-birds-egg_938/index.html,The Most Perfect Thing: Inside (and Outside) a Bird's Egg,Science,42.96,GBP,4,,,,In stock,2026-10-06T07:03:53+00:00
Books to Scrape,https://books.toscrape.com/catalogue/immunity-how-elie-metchnikoff-changed-the-course-of-modern-medicine_900/index.html,Immunity: How Elie Metchnikoff Changed the Course of Modern Medicine,Science,57.36,GBP,5,,,,In stock,2026-10-06T07:03:53+00:00
Books to Scrape,https://books.toscrape.com/catalogue/sorting-the-beef-from-the-bull-the-science-of-food-fraud-forensics_736/index.html,Sorting the Beef from the Bull: The Science of Food Fraud Forensics,Science,44.74,GBP,4,,,,In stock,2026-10-06T07:03:53+00:00
Books to Scrape,https://books.toscrape.com/catalogue/tipping-point-for-planet-earth-how-close-are-we-to-the-edge_643/index.html,Tipping Point for Planet Earth: How Close Are We to the Edge?,Science,37.55,GBP,1,,,,In stock,2026-10-06T07:03:53+00:00
Books to Scrape,https://books.toscrape.com/catalogue/the-fabric-of-the-cosmos-space-time-and-the-texture-of-reality_572/index.html,"The Fabric of the Cosmos: Space, Time, and the Texture of Reality",Science,55.91,GBP,1,,,,In stock,2026-10-06T07:03:53+00:00
Books to Scrape,https://books.toscrape.com/catalogue/diary-of-a-citizen-scientist-chasing-tiger-beetles-and-other-new-ways-of-engaging-the-world_517/index.html,Diary of a Citizen Scientist: Chasing Tiger Beetles and Other New Ways of Engaging the World,Science,28.41,GBP,1,,,,In stock,2026-10-06T07:03:53+00:00
Books to Scrape,https://books.toscrape.com/catalogue/the-origin-of-species_499/index.html,The Origin of Species,Science,10.01,GBP,4,,,,In stock,2026-10-06T07:03:53+00:00
Books to Scrape,https://books.toscrape.com/catalogue/the-grand-design_405/index.html,The Grand Design,Science,13.76,GBP,3,,,,In stock,2026-10-06T07:03:53+00:00
Books to Scrape,https://books.toscrape.com/catalogue/peak-secrets-from-the-new-science-of-expertise_389/index.html,Peak: Secrets from the New Science of Expertise,Science,16.28,GBP,2,,,,In stock,2026-10-06T07:03:53+00:00
Books to Scrape,https://books.toscrape.com/catalogue/the-elegant-universe-superstrings-hidden-dimensions-and-the-quest-for-the-ultimate-theory_245/index.html,"The Elegant Universe: Superstrings, Hidden Dimensions, and the Quest for the Ultimate Theory",Science,13.03,GBP,4,,,,In stock,2026-10-06T07:03:53+00:00
Books to Scrape,https://books.toscrape.com/catalogue/the-disappearing-spoon-and-other-true-tales-of-madness-love-and-the-history-of-the-world-from-the-periodic-table-of-the-elements_244/index.html,"The Disappearing Spoon: And Other True Tales of Madness, Love, and the History of the World from the Periodic Table of the Elements",Science,57.35,GBP,5,,,,In stock,2026-10-06T07:03:53+00:00
Books to Scrape,https://books.toscrape.com/catalogue/surely-youre-joking-mr-feynman-adventures-of-a-curious-character_227/index.html,"Surely You're Joking, Mr. Feynman!: Adventures of a Curious Character",Science,25.83,GBP,2,,,,In stock,2026-10-06T07:03:53+00:00
Books to Scrape,https://books.toscrape.com/catalogue/seven-brief-lessons-on-physics_219/index.html,Seven Brief Lessons on Physics,Science,30.6,GBP,4,,,,In stock,2026-10-06T07:03:53+00:00
Books to Scrape,https://books.toscrape.com/catalogue/the-selfish-gene_81/index.html,The Selfish Gene,Science,29.45,GBP,1,,,,In stock,2026-10-06T07:03:53+00:00
Books to Scrape,https://books.toscrape.com/catalogue/a-light-in-the-attic_1000/index.html,A Light in the Attic,Poetry,51.77,GBP,3,,,,In stock,2026-10-06T07:03:53+00:00
Books to Scrape,https://books.toscrape.com/catalogue/the-black-maria_991/index.html,The Black Maria,Poetry,52.15,GBP,1,,,,In stock,2026-10-06T07:03:53+00:00
Books to Scrape,https://books.toscrape.com/catalogue/shakespeares-sonnets_989/index.html,Shakespeare's Sonnets,Poetry,20.66,GBP,4,,,,In stock,2026-10-06T07:03:53+00:00
Books to Scrape,https://books.toscrape.com/catalogue/olio_984/index.html,Olio,Poetry,23.88,GBP,1,,,,In stock,2026-10-06T07:03:53+00:00
Books to Scrape,https://books.toscrape.com/catalogue/you-cant-bury-them-all-poems_961/index.html,You can't bury them all: Poems,Poetry,33.63,GBP,2,,,,In stock,2026-10-06T07:03:53+00:00
Books to Scrape,https://books.toscrape.com/catalogue/slow-states-of-collapse-poems_960/index.html,Slow States of Collapse: Poems,Poetry,57.31,GBP,3,,,,In stock,2026-10-06T07:03:53+00:00
Books to Scrape,https://books.toscrape.com/catalogue/untitled-collection-sabbath-poems-2014_953/index.html,Untitled Collection: Sabbath Poems 2014,Poetry,14.27,GBP,4,,,,In stock,2026-10-06T07:03:53+00:00
Books to Scrape,https://books.toscrape.com/catalogue/poems-that-make-grown-women-cry_824/index.html,Poems That Make Grown Women Cry,Poetry,14.19,GBP,4,,,,In stock,2026-10-06T07:03:53+00:00
Books to Scrape,https://books.toscrape.com/catalogue/night-sky-with-exit-wounds_822/index.html,Night Sky with Exit Wounds,Poetry,41.05,GBP,1,,,,In stock,2026-10-06T07:03:53+00:00
Books to Scrape,https://books.toscrape.com/catalogue/salt_731/index.html,salt.,Poetry,46.78,GBP,4,,,,In stock,2026-10-06T07:03:53+00:00
Books to Scrape,https://books.toscrape.com/catalogue/quarter-life-poetry-poems-for-the-young-broke-and-hangry_727/index.html,"Quarter Life Poetry: Poems for the Young, Broke and Hangry",Poetry,50.89,GBP,5,,,,In stock,2026-10-06T07:03:53+00:00
Books to Scrape,https://books.toscrape.com/catalogue/out-of-print-city-lights-spotlight-no-14_536/index.html,Out of Print: City Lights Spotlight No. 14,Poetry,53.64,GBP,5,,,,In stock,2026-10-06T07:03:53+00:00
Books to Scrape,https://books.toscrape.com/catalogue/les-fleurs-du-mal_530/index.html,Les Fleurs du Mal,Poetry,29.04,GBP,5,,,,In stock,2026-10-06T07:03:53+00:00
Books to Scrape,https://books.toscrape.com/catalogue/howl-and-other-poems_522/index.html,Howl and Other Poems,Poetry,40.45,GBP,2,,,,In stock,2026-10-06T07:03:53+00:00
Books to Scrape,https://books.toscrape.com/catalogue/leave-this-song-behind-teen-poetry-at-its-best_474/index.html,Leave This Song Behind: Teen Poetry at Its Best,Poetry,51.17,GBP,5,,,,In stock,2026-10-06T07:03:53+00:00
Books to Scrape,https://books.toscrape.com/catalogue/the-collected-poems-of-wb-yeats-the-collected-works-of-wb-yeats-1_441/index.html,The Collected Poems of W.B. Yeats (The Collected Works of W.B. Yeats #1),Poetry,15.42,GBP,5,,,,In stock,2026-10-06T07:03:53+00:00
Books to Scrape,https://books.toscrape.com/catalogue/the-crossover_398/index.html,The Crossover,Poetry,38.77,GBP,4,,,,In stock,2026-10-06T07:03:53+00:00
Books to Scrape,https://books.toscrape.com/catalogue/booked_365/index.html,Booked,Poetry,17.49,GBP,5,,,,In stock,2026-10-06T07:03:53+00:00
Books to Scrape,https://books.toscrape.com/catalogue/twenty-love-poems-and-a-song-of-despair_91/index.html,Twenty Love Poems and a Song of Despair,Poetry,30.95,GBP,4,,,,In stock,2026-10-06T07:03:53+00:00
Books to Scrape,https://books.toscrape.com/catalogue/vampire-knight-vol-1-vampire-knight-1_93/index.html,"Vampire Knight, Vol. 1 (Vampire Knight #1)",Paranormal,15.4,GBP,1,,,,In stock,2026-10-06T07:03:53+00:00
Books to Scrape,https://books.toscrape.com/catalogue/wall-and-piece_971/index.html,Wall and Piece,Art,44.18,GBP,4,,,,In stock,2026-10-06T07:03:53+00:00
Books to Scrape,https://books.toscrape.com/catalogue/feathers-displays-of-brilliant-plumage_695/index.html,Feathers: Displays of Brilliant Plumage,Art,49.05,GBP,3,,,,In stock,2026-10-06T07:03:53+00:00
Books to Scrape,https://books.toscrape.com/catalogue/art-and-fear-observations-on-the-perils-and-rewards-of-artmaking_559/index.html,Art and Fear: Observations on the Perils (and Rewards) of Artmaking,Art,48.63,GBP,4,,,,In stock,2026-10-06T07:03:53+00:00
Books to Scrape,https://books.toscrape.com/catalogue/the-new-drawing-on-the-right-side-of-the-brain_550/index.html,The New Drawing on the Right Side of the Brain,Art,43.02,GBP,3,,,,In stock,2026-10-06T07:03:53+00:00
Books to Scrape,https://books.toscrape.com/catalogue/history-of-beauty_521/index.html,History of Beauty,Art,10.29,GBP,4,,,,In stock,2026-10-06T07:03:53+00:00
Books to Scrape,https://books.toscrape.com/catalogue/the-story-of-art_500/index.html,The Story of Art,Art,41.14,GBP,4,,,,In stock,2026-10-06T07:03:53+00:00
Books to Scrape,https://books.toscrape.com/catalogue/the-art-book_490/index.html,The Art Book,Art,32.34,GBP,2,,,,In stock,2026-10-06T07:03:53+00:00
Books to Scrape,https://books.toscrape.com/catalogue/ways-of-seeing_94/index.html,Ways of Seeing,Art,39.51,GBP,5,,,,In stock,2026-10-06T07:03:53+00:00
Books to Scrape,https://books.toscrape.com/catalogue/the-lucifer-effect-understanding-how-good-people-turn-evil_758/index.html,The Lucifer Effect: Understanding How Good People Turn Evil,Psychology,10.4,GBP,1,,,,In stock,2026-10-06T07:03:53+00:00
Books to Scrape,https://books.toscrape.com/catalogue/the-golden-condom-and-other-essays-on-love-lost-and-found_637/index.html,The Golden Condom: And Other Essays on Love Lost and Found,Psychology,39.43,GBP,1,,,,In stock,2026-10-06T07:03:53+00:00
Books to Scrape,https://books.toscrape.com/catalogue/it-didnt-start-with-you-how-inherited-family-trauma-shapes-who-we-are-and-how-to-end-the-cycle_593/index.html,It Didn't Start with You: How Inherited Family Trauma Shapes Who We Are and How to End the Cycle,Psychology,56.27,GBP,3,,,,In stock,2026-10-06T07:03:53+00:00
Books to Scrape,https://books.toscrape.com/catalogue/an-unquiet-mind-a-memoir-of-moods-and-madness_422/index.html,An Unquiet Mind: A Memoir of Moods and Madness,Psychology,21.3,GBP,3,,,,In stock,2026-10-06T07:03:53+00:00
Books to Scrape,https://books.toscrape.com/catalogue/thinking-fast-and-slow_289/index.html,"Thinking, Fast and Slow",Psychology,21.14,GBP,1,,,,In stock,2026-10-06T07:03:53+00:00
Books to Scrape,https://books.toscrape.com/catalogue/civilization-and-its-discontents_140/index.html,Civilization and Its Discontents,Psychology,59.95,GBP,2,,,,In stock,2026-10-06T07:03:53+00:00
Books to Scrape,https://books.toscrape.com/catalogue/8-keys-to-mental-health-through-exercise_114/index.html,8 Keys to Mental Health Through Exercise,Psychology,31.04,GBP,1,,,,In stock,2026-10-06T07:03:53+00:00
Books to Scrape,https://books.toscrape.com/catalogue/the-argonauts_837/index.html,The Argonauts,Autobiography,10.93,GBP,2,,,,In stock,2026-10-06T07:03:53+00:00
Books to Scrape,https://books.toscrape.com/catalogue/m-train_598/index.html,M Train,Autobiography,27.18,GBP,1,,,,In stock,2026-10-06T07:03:53+00:00
Books to Scrape,https://books.toscrape.com/catalogue/lab-girl_595/index.html,Lab Girl,Autobiography,40.85,GBP,1,,,,In stock,2026-10-06T07:03:53+00:00
Books to Scrape,https://books.toscrape.com/catalogue/approval-junkie-adventures-in-caring-too-much_363/index.html,Approval Junkie: Adventures in Caring Too Much,Autobiography,58.81,GBP,5,,,,In stock,2026-10-06T07:03:53+00:00
Books to Scrape,https://books.toscrape.com/catalogue/running-with-scissors_215/index.html,Running with Scissors,Autobiography,12.91,GBP,4,,,,In stock,2026-10-06T07:03:53+00:00
Books to Scrape,https://books.toscrape.com/catalogue/me-talk-pretty-one-day_193/index.html,Me Talk Pretty One Day,Autobiography,57.6,GBP,2,,,,In stock,2026-10-06T07:03:53+00:00
Books to Scrape,https://books.toscrape.com/catalogue/lust-wonder_191/index.html,Lust & Wonder,Autobiography,11.87,GBP,2,,,,In stock,2026-10-06T07:03:53+00:00
Books to Scrape,https://books.toscrape.com/catalogue/life-without-a-recipe_188/index.html,Life Without a Recipe,Autobiography,59.04,GBP,5,,,,In stock,2026-10-06T07:03:53+00:00
Books to Scrape,https://books.toscrape.com/catalogue/a-heartbreaking-work-of-staggering-genius_115/index.html,A Heartbreaking Work of Staggering Genius,Autobiography,54.29,GBP,5,,,,In stock,2026-10-06T07:03:53+00:00
Books to Scrape,https://books.toscrape.com/catalogue/catastrophic-happiness-finding-joy-in-childhoods-messy-years_138/index.html,Catastrophic Happiness: Finding Joy in Childhood's Messy Years,Parenting,37.35,GBP,2,,,,In stock,2026-10-06T07:03:53+00:00
Books to Scrape,https://books.toscrape.com/catalogue/fifty-shades-freed-fifty-shades-3_156/index.html,Fifty Shades Freed (Fifty Shades #3),Adult Fiction,15.36,GBP,5,,,,In stock,2026-10-06T07:03:53+00:00
Books to Scrape,https://books.toscrape.com/catalogue/the-long-haul-diary-of-a-wimpy-kid-9_757/index.html,The Long Haul (Diary of a Wimpy Kid #9),Humor,44.07,GBP,1,,,,In stock,2026-10-06T07:03:53+00:00
Books to Scrape,https://books.toscrape.com/catalogue/old-school-diary-of-a-wimpy-kid-10_723/index.html,Old School (Diary of a Wimpy Kid #10),Humor,11.83,GBP,5,,,,In stock,2026-10-06T07:03:53+00:00
Books to Scrape,https://books.toscrape.com/catalogue/i-know-what-im-doing-and-other-lies-i-tell-myself-dispatches-from-a-life-under-construction_704/index.html,I Know What I'm Doing -- and Other Lies I Tell Myself: Dispatches from a Life Under Construction,Humor,25.98,GBP,4,,,,In stock,2026-10-06T07:03:53+00:00
Books to Scrape,https://books.toscrape.com/catalogue/hyperbole-and-a-half-unfortunate-situations-flawed-coping-mechanisms-mayhem-and-other-things-that-happened_702/index.html,"Hyperbole and a Half: Unfortunate Situations, Flawed Coping Mechanisms, Mayhem, and Other Things That Happened",Humor,14.75,GBP,5,,,,In stock,2026-10-06T07:03:53+00:00
Books to Scrape,https://books.toscrape.com/catalogue/dress-your-family-in-corduroy-and-denim_562/index.html,Dress Your Family in Corduroy and Denim,Humor,43.68,GBP,3,,,,In stock,2026-10-06T07:03:53+00:00
Books to Scrape,https://books.toscrape.com/catalogue/toddlers-are-aholes-its-not-your-fault_503/index.html,Toddlers Are A**holes: It's Not Your Fault,Humor,25.55,GBP,1,,,,In stock,2026-10-06T07:03:53+00:00
Books to Scrape,https://books.toscrape.com/catalogue/when-you-are-engulfed-in-flames_303/index.html,When You Are Engulfed in Flames,Humor,30.89,GBP,5,,,,In stock,2026-10-06T07:03:53+00:00
Books to Scrape,https://books.toscrape.com/catalogue/naked_197/index.html,Naked,Humor,31.69,GBP,3,,,,In stock,2026-10-06T07:03:53+00:00
Books to Scrape,https://books.toscrape.com/catalogue/lamb-the-gospel-according-to-biff-christs-childhood-pal_182/index.html,"Lamb: The Gospel According to Biff, Christ's Childhood Pal",Humor,55.5,GBP,5,,,,In stock,2026-10-06T07:03:53+00:00
Books to Scrape,https://books.toscrape.com/catalogue/holidays-on-ice_167/index.html,Holidays on Ice,Humor,51.07,GBP,2,,,,In stock,2026-10-06T07:03:53+00:00
Books to Scrape,https://books.toscrape.com/catalogue/security_925/index.html,Security,Horror,39.25,GBP,2,,,,In stock,2026-10-06T07:03:53+00:00
Books to Scrape,https://books.toscrape.com/catalogue/follow-you-home_809/index.html,Follow You Home,Horror,21.36,GBP,1,,,,In stock,2026-10-06T07:03:53+00:00
Books to Scrape,https://books.toscrape.com/catalogue/the-loney_756/index.html,The Loney,Horror,23.4,GBP,1,,,,In stock,2026-10-06T07:03:53+00:00
Books to Scrape,https://books.toscrape.com/catalogue/pet-sematary_726/index.html,Pet Sematary,Horror,10.56,GBP,3,,,,In stock,2026-10-06T07:03:53+00:00
Books to Scrape,https://books.toscrape.com/catalogue/doctor-sleep-the-shining-2_686/index.html,Doctor Sleep (The Shining #2),Horror,40.12,GBP,2,,,,In stock,2026-10-06T07:03:53+00:00
Books to Scrape,https://books.toscrape.com/catalogue/psycho-sanitarium-psycho-15_628/index.html,Psycho: Sanitarium (Psycho #1.5),Horror,36.97,GBP,5,,,,In stock,2026-10-06T07:03:53+00:00
Books to Scrape,https://books.toscrape.com/catalogue/can-you-keep-a-secret-fear-street-relaunch-4_614/index.html,Can You Keep a Secret? (Fear Street Relaunch #4),Horror,48.64,GBP,1,,,,In stock,2026-10-06T07:03:53+00:00
Books to Scrape,https://books.toscrape.com/catalogue/red-dragon-hannibal-lecter-1_390/index.html,Red Dragon (Hannibal Lecter #1),Horror,23.37,GBP,3,,,,In stock,2026-10-06T07:03:53+00:00
Books to Scrape,https://books.toscrape.com/catalogue/dracula-the-un-dead_370/index.html,Dracula the Un-Dead,Horror,35.63,GBP,5,,,,In stock,2026-10-06T07:03:53+00:00
Books to Scrape,https://books.toscrape.com/catalogue/night-shift-night-shift-1-20_335/index.html,Night Shift (Night Shift #1-20),Horror,12.75,GBP,4,,,,In stock,2026-10-06T07:03:53+00:00
Books to Scrape,https://books.toscrape.com/catalogue/needful-things_334/index.html,Needful Things,Horror,47.51,GBP,4,,,,In stock,2026-10-06T07:03:53+00:00
Books to Scrape,https://books.toscrape.com/catalogue/misery_332/index.html,Misery,Horror,34.79,GBP,2,,,,In stock,2026-10-06T07:03:53+00:00
Books to Scrape,https://books.toscrape.com/catalogue/it_330/index.html,It,Horror,25.01,GBP,3,,,,In stock,2026-10-06T07:03:53+00:00
Books to Scrape,https://books.toscrape.com/catalogue/salems-lot_309/index.html,'Salem's Lot,Horror,49.56,GBP,4,,,,In stock,2026-10-06T07:03:53+00:00
Books to Scrape,https://books.toscrape.com/catalogue/the-stand_282/index.html,The Stand,Horror,57.86,GBP,2,,,,In stock,2026-10-06T07:03:53+00:00
Books to Scrape,https://books.toscrape.com/catalogue/the-girl-with-all-the-gifts_250/index.html,The Girl with All the Gifts,Horror,49.47,GBP,3,,,,In stock,2026-10-06T07:03:53+00:00
Books to Scrape,https://books.toscrape.com/catalogue/house-of-leaves_169/index.html,House of Leaves,Horror,54.89,GBP,1,,,,In stock,2026-10-06T07:03:53+00:00
Books to Scrape,https://books.toscrape.com/catalogue/sapiens-a-brief-history-of-humankind_996/index.html,Sapiens: A Brief History of Humankind,History,54.23,GBP,5,,,,In stock,2026-10-06T07:03:53+00:00
Books to Scrape,https://books.toscrape.com/catalogue/unbound-how-eight-technologies-made-us-human-transformed-society-and-brought-our-world-to-the-brink_950/index.html,"Unbound: How Eight Technologies Made Us Human, Transformed Society, and Brought Our World to the Brink",History,25.52,GBP,1,,,,In stock,2026-10-06T07:03:53+00:00
Books to Scrape,https://books.toscrape.com/catalogue/the-age-of-genius-the-seventeenth-century-and-the-birth-of-the-modern-mind_929/index.html,The Age of Genius: The Seventeenth Century and the Birth of the Modern Mind,History,19.73,GBP,1,,,,In stock,2026-10-06T07:03:53+00:00
Books to Scrape,https://books.toscrape.com/catalogue/political-suicide-missteps-peccadilloes-bad-calls-backroom-hijinx-sordid-pasts-rotten-breaks-and-just-plain-dumb-mistakes-in-the-annals-of-american-politics_917/index.html,"Political Suicide: Missteps, Peccadilloes, Bad Calls, Backroom Hijinx, Sordid Pasts, Rotten Breaks, and Just Plain Dumb Mistakes in the Annals of American Politics",History,36.28,GBP,2,,,,In stock,2026-10-06T07:03:53+00:00
Books to Scrape,https://books.toscrape.com/catalogue/thomas-jefferson-and-the-tripoli-pirates-the-forgotten-war-that-changed-american-history_867/index.html,Thomas Jefferson and the Tripoli Pirates: The Forgotten War That Changed American History,History,59.64,GBP,1,,,,In stock,2026-10-06T07:03:53+00:00
Books to Scrape,https://books.toscrape.com/catalogue/zealot-the-life-and-times-of-jesus-of-nazareth_785/index.html,Zealot: The Life and Times of Jesus of Nazareth,History,24.7,GBP,3,,,,In stock,2026-10-06T07:03:53+00:00
Books to Scrape,https://books.toscrape.com/catalogue/a-distant-mirror-the-calamitous-14th-century_652/index.html,A Distant Mirror: The Calamitous 14th Century,History,14.58,GBP,3,,,,In stock,2026-10-06T07:03:53+00:00
Books to Scrape,https://books.toscrape.com/catalogue/1491-new-revelations-of-the-americas-before-columbus_650/index.html,1491: New Revelations of the Americas Before Columbus,History,21.8,GBP,3,,,,In stock,2026-10-06T07:03:53+00:00
Books to Scrape,https://books.toscrape.com/catalogue/brilliant-beacons-a-history-of-the-american-lighthouse_515/index.html,Brilliant Beacons: A History of the American Lighthouse,History,11.45,GBP,3,,,,In stock,2026-10-06T07:03:53+00:00
Books to Scrape,https://books.toscrape.com/catalogue/most-blessed-of-the-patriarchs-thomas-jefferson-and-the-empire-of-the-imagination_509/index.html,"""Most Blessed of the Patriarchs"": Thomas Jefferson and the Empire of the Imagination",History,44.48,GBP,5,,,,In stock,2026-10-06T07:03:53+00:00
Books to Scrape,https://books.toscrape.com/catalogue/a-short-history-of-nearly-everything_457/index.html,A Short History of Nearly Everything,History,52.4,GBP,5,,,,In stock,2026-10-06T07:03:53+00:00
Books to Scrape,https://books.toscrape.com/catalogue/the-rise-and-fall-of-the-third-reich-a-history-of-nazi-germany_454/index.html,The Rise and Fall of the Third Reich: A History of Nazi Germany,History,39.67,GBP,2,,,,In stock,2026-10-06T07:03:53+00:00
Books to Scrape,https://books.toscrape.com/catalogue/catherine-the-great-portrait-of-a-woman_424/index.html,Catherine the Great: Portrait of a Woman,History,58.55,GBP,4,,,,In stock,2026-10-06T07:03:53+00:00
Books to Scrape,https://books.toscrape.com/catalogue/the-mathews-men-seven-brothers-and-the-war-against-hitlers-u-boats_408/index.html,The Mathews Men: Seven Brothers and the War Against Hitler's U-boats,History,42.91,GBP,5,,,,In stock,2026-10-06T07:03:53+00:00
Books to Scrape,https://books.toscrape.com/catalogue/the-hiding-place_406/index.html,The Hiding Place,History,55.91,GBP,4,,,,In stock,2026-10-06T07:03:53+00:00
Books to Scrape,https://books.toscrape.com/catalogue/americas-war-for-the-greater-middle-east-a-military-history_361/index.html,America's War for the Greater Middle East: A Military History,History,51.22,GBP,2,,,,In stock,2026-10-06T07:03:53+00:00
Books to Scrape,https://books.toscrape.com/catalogue/the-guns-of-august_254/index.html,The Guns of August,History,14.54,GBP,2,,,,In stock,2026-10-06T07:03:53+00:00
Books to Scrape,https://books.toscrape.com/catalogue/house-of-lost-worlds-dinosaurs-dynasties-and-the-story-of-life-on-earth_170/index.html,"House of Lost Worlds: Dinosaurs, Dynasties, and the Story of Life on Earth",History,43.7,GBP,2,,,,In stock,2026-10-06T07:03:53+00:00
Books to Scrape,https://books.toscrape.com/catalogue/foolproof-preserving-a-guide-to-small-batch-jams-jellies-pickles-condiments-and-more-a-foolproof-guide-to-making-small-batch-jams-jellies-pickles-condiments-and-more_978/index.html,"Foolproof Preserving: A Guide to Small Batch Jams, Jellies, Pickles, Condiments, and More: A Foolproof Guide to Making Small Batch Jams, Jellies, Pickles, Condiments, and More",Food and Drink,30.52,GBP,3,,,,In stock,2026-10-06T07:03:53+00:00
Books to Scrape,https://books.toscrape.com/catalogue/the-pioneer-woman-cooks-dinnertime-comfort-classics-freezer-food-16-minute-meals-and-other-delicious-ways-to-solve-supper_943/index.html,"The Pioneer Woman Cooks: Dinnertime: Comfort Classics, Freezer Food, 16-Minute Meals, and Other Delicious Ways to Solve Supper!",Food and Drink,56.41,GBP,1,,,,In stock,2026-10-06T07:03:53+00:00
Books to Scrape,https://books.toscrape.com/catalogue/my-paris-kitchen-recipes-and-stories_910/index.html,My Paris Kitchen: Recipes and Stories,Food and Drink,33.37,GBP,2,,,,In stock,2026-10-06T07:03:53+00:00
Books to Scrape,https://books.toscrape.com/catalogue/mama-tried-traditional-italian-cooking-for-the-screwed-crude-vegan-and-tattooed_908/index.html,"Mama Tried: Traditional Italian Cooking for the Screwed, Crude, Vegan, and Tattooed",Food and Drink,14.02,GBP,4,,,,In stock,2026-10-06T07:03:53+00:00
Books to Scrape,https://books.toscrape.com/catalogue/layered-baking-building-and-styling-spectacular-cakes_904/index.html,"Layered: Baking, Building, and Styling Spectacular Cakes",Food and Drink,40.11,GBP,1,,,,In stock,2026-10-06T07:03:53+00:00
Books to Scrape,https://books.toscrape.com/catalogue/the-nerdy-nummies-cookbook-sweet-treats-for-the-geek-in-all-of-us_853/index.html,The Nerdy Nummies Cookbook: Sweet Treats for the Geek in All of Us,Food and Drink,37.34,GBP,5,,,,In stock,2026-10-06T07:03:53+00:00
Books to Scrape,https://books.toscrape.com/catalogue/the-love-and-lemons-cookbook-an-apple-to-zucchini-celebration-of-impromptu-cooking_849/index.html,The Love and Lemons Cookbook: An Apple-to-Zucchini Celebration of Impromptu Cooking,Food and Drink,37.6,GBP,2,,,,In stock,2026-10-06T07:03:53+00:00
Books to Scrape,https://books.toscrape.com/catalogue/the-cookies-cups-cookbook-125-sweet-savory-recipes-reminding-you-to-always-eat-dessert-first_841/index.html,The Cookies & Cups Cookbook: 125+ sweet & savory recipes reminding you to Always Eat Dessert First,Food and Drink,41.25,GBP,1,,,,In stock,2026-10-06T07:03:53+00:00
Books to Scrape,https://books.toscrape.com/catalogue/deliciously-ella-every-day-quick-and-easy-recipes-for-gluten-free-snacks-packed-lunches-and-simple-meals_801/index.html,"Deliciously Ella Every Day: Quick and Easy Recipes for Gluten-Free Snacks, Packed Lunches, and Simple Meals",Food and Drink,42.16,GBP,3,,,,In stock,2026-10-06T07:03:53+00:00
Books to Scrape,https://books.toscrape.com/catalogue/the-help-yourself-cookbook-for-kids-60-easy-plant-based-recipes-kids-can-make-to-stay-healthy-and-save-the-earth_751/index.html,The Help Yourself Cookbook for Kids: 60 Easy Plant-Based Recipes Kids Can Make to Stay Healthy and Save the Earth,Food and Drink,28.77,GBP,3,,,,In stock,2026-10-06T07:03:53+00:00
Books to Scrape,https://books.toscrape.com/catalogue/its-all-easy-healthy-delicious-weeknight-meals-in-under-30-minutes_706/index.html,"It's All Easy: Healthy, Delicious Weeknight Meals in under 30 Minutes",Food and Drink,19.55,GBP,1,,,,In stock,2026-10-06T07:03:53+00:00
Books to Scrape,https://books.toscrape.com/catalogue/barefoot-contessa-back-to-basics_667/index.html,Barefoot Contessa Back to Basics,Food and Drink,28.01,GBP,1,,,,In stock,2026-10-06T07:03:53+00:00
Books to Scrape,https://books.toscrape.com/catalogue/barefoot-contessa-at-home-everyday-recipes-youll-make-over-and-over-again_666/index.html,Barefoot Contessa at Home: Everyday Recipes You'll Make Over and Over Again,Food and Drink,50.62,GBP,5,,,,In stock,2026-10-06T07:03:53+00:00
Books to Scrape,https://books.toscrape.com/catalogue/my-kitchen-year-136-recipes-that-saved-my-life_646/index.html,My Kitchen Year: 136 Recipes That Saved My Life,Food and Drink,11.53,GBP,2,,,,In stock,2026-10-06T07:03:53+00:00
Books to Scrape,https://books.toscrape.com/catalogue/everyday-italian-125-simple-and-delicious-recipes_618/index.html,Everyday Italian: 125 Simple and Delicious Recipes,Food and Drink,20.1,GBP,5,,,,In stock,2026-10-06T07:03:53+00:00
Books to Scrape,https://books.toscrape.com/catalogue/a-la-mode-120-recipes-in-60-pairings-pies-tarts-cakes-crisps-and-more-topped-with-ice-cream-gelato-frozen-custard-and-more_611/index.html,"A la Mode: 120 Recipes in 60 Pairings: Pies, Tarts, Cakes, Crisps, and More Topped with Ice Cream, Gelato, Frozen Custard, and More",Food and Drink,38.77,GBP,1,,,,In stock,2026-10-06T07:03:53+00:00
Books to Scrape,https://books.toscrape.com/catalogue/cravings-recipes-for-what-you-want-to-eat_589/index.html,Cravings: Recipes for What You Want to Eat,Food and Drink,20.5,GBP,3,,,,In stock,2026-10-06T07:03:53+00:00
Books to Scrape,https://books.toscrape.com/catalogue/the-moosewood-cookbook-recipes-from-moosewood-restaurant-ithaca-new-york_574/index.html,"The Moosewood Cookbook: Recipes from Moosewood Restaurant, Ithaca, New York",Food and Drink,12.34,GBP,4,,,,In stock,2026-10-06T07:03:53+00:00
Books to Scrape,https://books.toscrape.com/catalogue/32-yolks_510/index.html,32 Yolks,Food and Drink,53.63,GBP,2,,,,In stock,2026-10-06T07:03:53+00:00
Books to Scrape,https://books.toscrape.com/catalogue/naturally-lean-125-nourishing-gluten-free-plant-based-recipes-all-under-300-calories_479/index.html,"Naturally Lean: 125 Nourishing Gluten-Free, Plant-Based Recipes--All Under 300 Calories",Food and Drink,11.38,GBP,5,,,,In stock,2026-10-06T07:03:53+00:00
Books to Scrape,https://books.toscrape.com/catalogue/how-to-cook-everything-vegetarian-simple-meatless-recipes-for-great-food-how-to-cook-everything_471/index.html,How to Cook Everything Vegetarian: Simple Meatless Recipes for Great Food (How to Cook Everything),Food and Drink,46.01,GBP,4,,,,In stock,2026-10-06T07:03:53+00:00
Books to Scrape,https://books.toscrape.com/catalogue/how-to-be-a-domestic-goddess-baking-and-the-art-of-comfort-cooking_470/index.html,How to Be a Domestic Goddess: Baking and the Art of Comfort Cooking,Food and Drink,28.25,GBP,2,,,,In stock,2026-10-06T07:03:53+00:00
Books to Scrape,https://books.toscrape.com/catalogue/the-barefoot-contessa-cookbook_440/index.html,The Barefoot Contessa Cookbook,Food and Drink,59.92,GBP,5,,,,In stock,2026-10-06T07:03:53+00:00
Books to Scrape,https://books.toscrape.com/catalogue/better-homes-and-gardens-new-cook-book_423/index.html,Better Homes and Gardens New Cook Book,Food and Drink,39.61,GBP,3,,,,In stock,2026-10-06T07:03:53+00:00
Books to Scrape,https://books.toscrape.com/catalogue/the-power-greens-cookbook-140-delicious-superfood-recipes_410/index.html,The Power Greens Cookbook: 140 Delicious Superfood Recipes,Food and Drink,11.05,GBP,5,,,,In stock,2026-10-06T07:03:53+00:00
Books to Scrape,https://books.toscrape.com/catalogue/mexican-today-new-and-rediscovered-recipes-for-contemporary-kitchens_387/index.html,Mexican Today: New and Rediscovered Recipes for Contemporary Kitchens,Food and Drink,24.91,GBP,5,,,,In stock,2026-10-06T07:03:53+00:00
Books to Scrape,https://books.toscrape.com/catalogue/vegan-vegetarian-omnivore-dinner-for-everyone-at-the-table_297/index.html,Vegan Vegetarian Omnivore: Dinner for Everyone at the Table,Food and Drink,13.66,GBP,2,,,,In stock,2026-10-06T07:03:53+00:00
Books to Scrape,https://books.toscrape.com/catalogue/the-smitten-kitchen-cookbook_281/index.html,The Smitten Kitchen Cookbook,Food and Drink,23.59,GBP,1,,,,In stock,2026-10-06T07:03:53+00:00
Books to Scrape,https://books.toscrape.com/catalogue/the-art-of-simple-food-notes-lessons-and-recipes-from-a-delicious-revolution_229/index.html,"The Art of Simple Food: Notes, Lessons, and Recipes from a Delicious Revolution",Food and Drink,34.32,GBP,3,,,,In stock,2026-10-06T07:03:53+00:00
Books to Scrape,https://books.toscrape.com/catalogue/hungry-girl-clean-hungry-easy-all-natural-recipes-for-healthy-eating-in-the-real-world_171/index.html,Hungry Girl Clean & Hungry: Easy All-Natural Recipes for Healthy Eating in the Real World,Food and Drink,33.14,GBP,3,,,,In stock,2026-10-06T07:03:53+00:00
Books to Scrape,https://books.toscrape.com/catalogue/redeeming-love_826/index.html,Redeeming Love,Christian Fiction,20.47,GBP,5,,,,In stock,2026-10-06T07:03:53+00:00
Books to Scrape,https://books.toscrape.com/catalogue/close-to-you_798/index.html,Close to You,Christian Fiction,49.46,GBP,4,,,,In stock,2026-10-06T07:03:53+00:00
Books to Scrape,https://books.toscrape.com/catalogue/shadows-of-the-past-logan-point-1_541/index.html,Shadows of the Past (Logan Point #1),Christian Fiction,39.67,GBP,5,,,,In stock,2026-10-06T07:03:53+00:00
Books to Scrape,https://books.toscrape.com/catalogue/like-never-before-walker-family-2_476/index.html,Like Never Before (Walker Family #2),Christian Fiction,28.77,GBP,2,,,,In stock,2026-10-06T07:03:53+00:00
Books to Scrape,https://books.toscrape.com/catalogue/counted-with-the-stars-out-from-egypt-1_463/index.html,Counted With the Stars (Out from Egypt #1),Christian Fiction,17.97,GBP,5,,,,In stock,2026-10-06T07:03:53+00:00
Books to Scrape,https://books.toscrape.com/catalogue/if-i-run-if-i-run-1_174/index.html,If I Run (If I Run #1),Christian Fiction,49.97,GBP,4,,,,In stock,2026-10-06T07:03:53+00:00
Books to Scrape,https://books.toscrape.com/catalogue/the-dirty-little-secrets-of-getting-your-dream-job_994/index.html,The Dirty Little Secrets of Getting Your Dream Job,Business,33.34,GBP,4,,,,In stock,2026-10-06T07:03:53+00:00
Books to Scrape,https://books.toscrape.com/catalogue/the-third-wave-an-entrepreneurs-vision-of-the-future_862/index.html,The Third Wave: An Entrepreneur’s Vision of the Future,Business,12.61,GBP,5,,,,In stock,2026-10-06T07:03:53+00:00
Books to Scrape,https://books.toscrape.com/catalogue/the-10-entrepreneur-live-your-startup-dream-without-quitting-your-day-job_836/index.html,The 10% Entrepreneur: Live Your Startup Dream Without Quitting Your Day Job,Business,27.55,GBP,3,,,,In stock,2026-10-06T07:03:53+00:00
Books to Scrape,https://books.toscrape.com/catalogue/shoe-dog-a-memoir-by-the-creator-of-nike_831/index.html,Shoe Dog: A Memoir by the Creator of NIKE,Business,23.99,GBP,2,,,,In stock,2026-10-06T07:03:53+00:00
Books to Scrape,https://books.toscrape.com/catalogue/made-to-stick-why-some-ideas-survive-and-others-die_715/index.html,Made to Stick: Why Some Ideas Survive and Others Die,Business,38.85,GBP,5,,,,In stock,2026-10-06T07:03:53+00:00
Books to Scrape,https://books.toscrape.com/catalogue/quench-your-own-thirst-business-lessons-learned-over-a-beer-or-two_629/index.html,Quench Your Own Thirst: Business Lessons Learned Over a Beer or Two,Business,43.14,GBP,1,,,,In stock,2026-10-06T07:03:53+00:00
Books to Scrape,https://books.toscrape.com/catalogue/the-art-of-startup-fundraising_606/index.html,The Art of Startup Fundraising,Business,21.0,GBP,3,,,,In stock,2026-10-06T07:03:53+00:00
Books to Scrape,https://books.toscrape.com/catalogue/born-for-this-how-to-find-the-work-you-were-meant-to-do_588/index.html,Born for This: How to Find the Work You Were Meant to Do,Business,21.59,GBP,5,,,,In stock,2026-10-06T07:03:53+00:00
Books to Scrape,https://books.toscrape.com/catalogue/the-e-myth-revisited-why-most-small-businesses-dont-work-and-what-to-do-about-it_545/index.html,The E-Myth Revisited: Why Most Small Businesses Don't Work and What to Do About It,Business,36.91,GBP,1,,,,In stock,2026-10-06T07:03:53+00:00
Books to Scrape,https://books.toscrape.com/catalogue/rich-dad-poor-dad_483/index.html,"Rich Dad, Poor Dad",Business,51.74,GBP,1,,,,In stock,2026-10-06T07:03:53+00:00
Books to Scrape,https://books.toscrape.com/catalogue/the-lean-startup-how-todays-entrepreneurs-use-continuous-innovation-to-create-radically-successful-businesses_260/index.html,The Lean Startup: How Today's Entrepreneurs Use Continuous Innovation to Create Radically Successful Businesses,Business,33.92,GBP,3,,,,In stock,2026-10-06T07:03:53+00:00
Books to Scrape,https://books.toscrape.com/catalogue/rework_212/index.html,Rework,Business,44.88,GBP,2,,,,In stock,2026-10-06T07:03:53+00:00
Books to Scrape,https://books.toscrape.com/catalogue/louisa-the-extraordinary-life-of-mrs-adams_818/index.html,Louisa: The Extraordinary Life of Mrs. Adams,Biography,16.85,GBP,2,,,,In stock,2026-10-06T07:03:53+00:00
Books to Scrape,https://books.toscrape.com/catalogue/setting-the-world-on-fire-the-brief-astonishing-life-of-st-catherine-of-siena_603/index.html,"Setting the World on Fire: The Brief, Astonishing Life of St. Catherine of Siena",Biography,21.15,GBP,2,,,,In stock,2026-10-06T07:03:53+00:00
Books to Scrape,https://books.toscrape.com/catalogue/the-faith-of-christopher-hitchens-the-restless-soul-of-the-worlds-most-notorious-atheist_495/index.html,The Faith of Christopher Hitchens: The Restless Soul of the World's Most Notorious Atheist,Biography,39.55,GBP,1,,,,In stock,2026-10-06T07:03:53+00:00
Books to Scrape,https://books.toscrape.com/catalogue/benjamin-franklin-an-american-life_460/index.html,Benjamin Franklin: An American Life,Biography,48.19,GBP,3,,,,In stock,2026-10-06T07:03:53+00:00
Books to Scrape,https://books.toscrape.com/catalogue/the-rise-of-theodore-roosevelt-theodore-roosevelt-1_276/index.html,The Rise of Theodore Roosevelt (Theodore Roosevelt #1),Biography,42.57,GBP,3,,,,In stock,2026-10-06T07:03:53+00:00
Books to Scrape,https://books.toscrape.com/catalogue/in-her-wake_980/index.html,In Her Wake,Thriller,12.84,GBP,1,,,,In stock,2026-10-06T07:03:53+00:00
Books to Scrape,https://books.toscrape.com/catalogue/the-elephant-tree_968/index.html,The Elephant Tree,Thriller,23.82,GBP,5,,,,In stock,2026-10-06T07:03:53+00:00
Books to Scrape,https://books.toscrape.com/catalogue/behind-closed-doors_962/index.html,Behind Closed Doors,Thriller,52.22,GBP,4,,,,In stock,2026-10-06T07:03:53+00:00
Books to Scrape,https://books.toscrape.com/catalogue/you-you-1_784/index.html,You (You #1),Thriller,43.61,GBP,5,,,,In stock,2026-10-06T07:03:53+00:00
Books to Scrape,https://books.toscrape.com/catalogue/the-guilty-will-robie-4_750/index.html,The Guilty (Will Robie #4),Thriller,13.82,GBP,2,,,,In stock,2026-10-06T07:03:53+00:00
Books to Scrape,https://books.toscrape.com/catalogue/the-14th-colony-cotton-malone-11_744/index.html,The 14th Colony (Cotton Malone #11),Thriller,39.24,GBP,1,,,,In stock,2026-10-06T07:03:53+00:00
Books to Scrape,https://books.toscrape.com/catalogue/give-it-back_430/index.html,Give It Back,Thriller,18.32,GBP,2,,,,In stock,2026-10-06T07:03:53+00:00
Books to Scrape,https://books.toscrape.com/catalogue/killing-floor-jack-reacher-1_382/index.html,Killing Floor (Jack Reacher #1),Thriller,31.49,GBP,4,,,,In stock,2026-10-06T07:03:53+00:00
Books to Scrape,https://books.toscrape.com/catalogue/the-bone-hunters-lexy-vaughan-steven-macaulay-2_343/index.html,The Bone Hunters (Lexy Vaughan & Steven Macaulay #2),Thriller,59.71,GBP,3,,,,In stock,2026-10-06T07:03:53+00:00
Books to Scrape,https://books.toscrape.com/catalogue/far-from-true-promise-falls-trilogy-2_320/index.html,Far From True (Promise Falls Trilogy #2),Thriller,34.93,GBP,2,,,,In stock,2026-10-06T07:03:53+00:00
Books to Scrape,https://books.toscrape.com/catalogue/the-travelers_285/index.html,The Travelers,Thriller,15.77,GBP,1,,,,In stock,2026-10-06T07:03:53+00:00
Books to Scrape,https://books.toscrape.com/catalogue/when-we-collided_955/index.html,When We Collided,Contemporary,31.77,GBP,1,,,,In stock,2026-10-06T07:03:53+00:00
Books to Scrape,https://books.toscrape.com/catalogue/someone-like-you-the-harrisons-2_735/index.html,Someone Like You (The Harrisons #2),Contemporary,52.79,GBP,5,,,,In stock,2026-10-06T07:03:53+00:00
Books to Scrape,https://books.toscrape.com/catalogue/we-are-all-completely-beside-ourselves_301/index.html,We Are All Completely Beside Ourselves,Contemporary,24.04,GBP,1,,,,In stock,2026-10-06T07:03:53+00:00
Books to Scrape,https://books.toscrape.com/catalogue/the-four-agreements-a-practical-guide-to-personal-freedom_970/index.html,The Four Agreements: A Practical Guide to Personal Freedom,Spirituality,17.66,GBP,5,,,,In stock,2026-10-06T07:03:53+00:00
Books to Scrape,https://books.toscrape.com/catalogue/the-activists-tao-te-ching-ancient-advice-for-a-modern-revolution_928/index.html,The Activist's Tao Te Ching: Ancient Advice for a Modern Revolution,Spirituality,32.24,GBP,5,,,,In stock,2026-10-06T07:03:53+00:00
Books to Scrape,https://books.toscrape.com/catalogue/chasing-heaven-what-dying-taught-me-about-living_797/index.html,Chasing Heaven: What Dying Taught Me About Living,Spirituality,37.8,GBP,2,,,,In stock,2026-10-06T07:03:53+00:00
Books to Scrape,https://books.toscrape.com/catalogue/if-i-gave-you-gods-phone-number-searching-for-spirituality-in-america_564/index.html,If I Gave You God's Phone Number....: Searching for Spirituality in America,Spirituality,20.91,GBP,1,,,,In stock,2026-10-06T07:03:53+00:00
Books to Scrape,https://books.toscrape.com/catalogue/unreasonable-hope-finding-faith-in-the-god-who-brings-purpose-to-your-pain_505/index.html,Unreasonable Hope: Finding Faith in the God Who Brings Purpose to Your Pain,Spirituality,46.33,GBP,2,,,,In stock,2026-10-06T07:03:53+00:00
Books to Scrape,https://books.toscrape.com/catalogue/a-new-earth-awakening-to-your-lifes-purpose_311/index.html,A New Earth: Awakening to Your Life's Purpose,Spirituality,55.65,GBP,5,,,,In stock,2026-10-06T07:03:53+00:00
Books to Scrape,https://books.toscrape.com/catalogue/logan-kade-fallen-crest-high-55_384/index.html,Logan Kade (Fallen Crest High #5.5),Academic,13.12,GBP,2,,,,In stock,2026-10-06T07:03:53+00:00
Books to Scrape,https://books.toscrape.com/catalogue/online-marketing-for-busy-authors-a-step-by-step-guide_913/index.html,Online Marketing for Busy Authors: A Step-By-Step Guide,Self Help,46.35,GBP,1,,,,In stock,2026-10-06T07:03:53+00:00
Books to Scrape,https://books.toscrape.com/catalogue/how-to-be-miserable-40-strategies-you-already-use_897/index.html,How to Be Miserable: 40 Strategies You Already Use,Self Help,46.03,GBP,1,,,,In stock,2026-10-06T07:03:53+00:00
Books to Scrape,https://books.toscrape.com/catalogue/overload-how-to-unplug-unwind-and-unleash-yourself-from-the-pressure-of-stress_725/index.html,"Overload: How to Unplug, Unwind, and Unleash Yourself from the Pressure of Stress",Self Help,52.15,GBP,3,,,,In stock,2026-10-06T07:03:53+00:00
Books to Scrape,https://books.toscrape.com/catalogue/you-are-a-badass-how-to-stop-doubting-your-greatness-and-start-living-an-awesome-life_508/index.html,You Are a Badass: How to Stop Doubting Your Greatness and Start Living an Awesome Life,Self Help,12.08,GBP,3,,,,In stock,2026-10-06T07:03:53+00:00
Books to Scrape,https://books.toscrape.com/catalogue/how-to-stop-worrying-and-start-living_431/index.html,How to Stop Worrying and Start Living,Self Help,46.49,GBP,5,,,,In stock,2026-10-06T07:03:53+00:00
Books to Scrape,https://books.toscrape.com/catalogue/all-the-light-we-cannot-see_660/index.html,All the Light We Cannot See,Historical,29.87,GBP,5,,,,In stock,2026-10-06T07:03:53+00:00
Books to Scrape,https://books.toscrape.com/catalogue/the-girl-you-left-behind-the-girl-you-left-behind-1_443/index.html,The Girl You Left Behind (The Girl You Left Behind #1),Historical,15.79,GBP,1,,,,In stock,2026-10-06T07:03:53+00:00
Books to Scrape,https://books.toscrape.com/catalogue/unqualified-how-god-uses-broken-people-to-do-big-things_873/index.html,(Un)Qualified: How God Uses Broken People to Do Big Things,Christian,54.0,GBP,5,,,,In stock,2026-10-06T07:03:53+00:00
Books to Scrape,https://books.toscrape.com/catalogue/crazy-love-overwhelmed-by-a-relentless-god_682/index.html,Crazy Love: Overwhelmed by a Relentless God,Christian,47.72,GBP,2,,,,In stock,2026-10-06T07:03:53+00:00
Books to Scrape,https://books.toscrape.com/catalogue/blue-like-jazz-nonreligious-thoughts-on-christian-spirituality_461/index.html,Blue Like Jazz: Nonreligious Thoughts on Christian Spirituality,Christian,25.77,GBP,1,,,,In stock,2026-10-06T07:03:53+00:00
Books to Scrape,https://books.toscrape.com/catalogue/silence-in-the-dark-logan-point-4_542/index.html,Silence in the Dark (Logan Point #4),Suspense,58.33,GBP,3,,,,In stock,2026-10-06T07:03:53+00:00
Books to Scrape,https://books.toscrape.com/catalogue/the-grownup_546/index.html,The Grownup,Short Stories,35.88,GBP,1,,,,In stock,2026-10-06T07:03:53+00:00
Books to Scrape,https://books.toscrape.com/catalogue/suzie-snowflake-one-beautiful-flake-a-self-esteem-story_568/index.html,Suzie Snowflake: One beautiful flake (a self-esteem story),Novels,54.81,GBP,5,,,,In stock,2026-10-06T07:03:53+00:00
Books to Scrape,https://books.toscrape.com/catalogue/the-bulletproof-diet-lose-up-to-a-pound-a-day-reclaim-energy-and-focus-upgrade-your-life_931/index.html,"The Bulletproof Diet: Lose up to a Pound a Day, Reclaim Energy and Focus, Upgrade Your Life",Health,49.05,GBP,3,,,,In stock,2026-10-06T07:03:53+00:00
Books to Scrape,https://books.toscrape.com/catalogue/eat-fat-get-thin_688/index.html,"Eat Fat, Get Thin",Health,54.07,GBP,2,,,,In stock,2026-10-06T07:03:53+00:00
Books to Scrape,https://books.toscrape.com/catalogue/10-day-green-smoothie-cleanse-lose-up-to-15-pounds-in-10-days_581/index.html,10-Day Green Smoothie Cleanse: Lose Up to 15 Pounds in 10 Days!,Health,49.71,GBP,5,,,,In stock,2026-10-06T07:03:53+00:00
Books to Scrape,https://books.toscrape.com/catalogue/the-art-and-science-of-low-carbohydrate-living_570/index.html,The Art and Science of Low Carbohydrate Living,Health,52.98,GBP,5,,,,In stock,2026-10-06T07:03:53+00:00
Books to Scrape,https://books.toscrape.com/catalogue/libertarianism-for-beginners_982/index.html,Libertarianism for Beginners,Politics,51.33,GBP,2,,,,In stock,2026-10-06T07:03:53+00:00
Books to Scrape,https://books.toscrape.com/catalogue/why-the-right-went-wrong-conservatism-from-goldwater-to-the-tea-party-and-beyond_781/index.html,Why the Right Went Wrong: Conservatism--From Goldwater to the Tea Party and Beyond,Politics,52.65,GBP,4,,,,In stock,2026-10-06T07:03:53+00:00
Books to Scrape,https://books.toscrape.com/catalogue/equal-is-unfair-americas-misguided-fight-against-income-inequality_617/index.html,Equal Is Unfair: America's Misguided Fight Against Income Inequality,Politics,56.86,GBP,1,,,,In stock,2026-10-06T07:03:53+00:00
Books to Scrape,https://books.toscrape.com/catalogue/amid-the-chaos_788/index.html,Amid the Chaos,Cultural,36.58,GBP,1,,,,In stock,2026-10-06T07:03:53+00:00
Books to Scrape,https://books.toscrape.com/catalogue/dark-notes_800/index.html,Dark Notes,Erotica,19.19,GBP,5,,,,In stock,2026-10-06T07:03:53+00:00
Books to Scrape,https://books.toscrape.com/catalogue/the-long-shadow-of-small-ghosts-murder-and-memory-in-an-american-city_848/index.html,The Long Shadow of Small Ghosts: Murder and Memory in an American City,Crime,10.97,GBP,1,,,,In stock,2026-10-06T07:03:53+00:00
Quotes to Scrape,https://quotes.toscrape.com/,The world as we have created it is a process of our thinking. It cannot be changed without changing our thinking.,,,,,Albert Einstein,change|deep-thoughts|thinking|world,"In 1879, Albert Einstein was born in Ulm, Germany. He completed his Ph.D. at the University of Zurich by 1909. His 1905 paper explaining the photoelectric effect, the basis of electronics, earned him the Nobel Prize in 1921. His first paper on Special Relativity Theory, also published in 1905, changed the world. After the rise of the Nazi party, Einstein made Princeton his permanent home, becoming a U.S. citizen in 1940. Einstein, a pacifist during World War I, stayed a firm proponent of social justice and responsibility. He chaired the Emergency Committee of Atomic Scientists, which organized to alert the public to the dangers of atomic warfare.At a symposium, he advised: ""In their struggle for the ethical good, teachers of religion must have the stature to give up the doctrine of a personal God, that is, give up that source of fear and hope which in the past placed such vast power in the hands of priests. In their labors they will have to avail themselves of those forces which are capable of cultivating the Good, the True, and the Beautiful in humanity itself. This is, to be sure a more difficult but an incomparably more worthy task . . . "" (""Science, Philosophy and Religion, A Symposium,"" published by the Conference on Science, Philosophy and Religion in their Relation to the Democratic Way of Life, Inc., New York, 1941). In a letter to philosopher Eric Gutkind, dated Jan. 3, 1954, Einstein stated: ""The word god is for me nothing more than the expression and product of human weaknesses, the Bible a collection of honorable, but still primitive legends which are nevertheless pretty childish. No interpretation no matter how subtle can (for me) change this,"" (The Guardian, ""Childish superstition: Einstein's letter makes view of religion relatively clear,"" by James Randerson, May 13, 2008). D. 1955.While best known for his mass–energy equivalence formula E = mc2 (which has been dubbed ""the world's most famous equation""), he received the 1921 Nobel Prize in Physics ""for his services to theoretical physics, and especially for his discovery of the law of the photoelectric effect"". The latter was pivotal in establishing quantum theory.Einstein thought that Newtonion mechanics was no longer enough to reconcile the laws of classical mechanics with the laws of the electromagnetic field. This led to the development of his special theory of relativity. He realized, however, that the principle of relativity could also be extended to gravitational fields, and with his subsequent theory of gravitation in 1916, he published a paper on the general theory of relativity. He continued to deal with problems of statistical mechanics and quantum theory, which led to his explanations of particle theory and the motion of molecules. He also investigated the thermal properties of light which laid the foundation of the photon theory of light.He was visiting the United States when Adolf Hitler came to power in 1933 and did not go back to Germany. On the eve of World War II, he endorsed a letter to President Franklin D. Roosevelt alerting him to the potential development of ""extremely powerful bombs of a new type"" and recommending that the U.S. begin similar research. This eventually led to what would become the Manhattan Project. Einstein supported defending the Allied forces, but largely denounced the idea of using the newly discovered nuclear fission as a weapon. Later, with Bertrand Russell, Einstein signed the Russell–Einstein Manifesto, which highlighted the danger of nuclear weapons. Einstein was affiliated with the Institute for Advanced Study in Princeton, New Jersey, until his death in 1955.His great intellectual achievements and originality have made the word ""Einstein"" synonymous with genius.More: http://en.wikipedia.org/wiki/Albert_E...http://www.nobelprize.org/nobel_prize...",,2026-10-06T07:03:53+00:00
Quotes to Scrape,https://quotes.toscrape.com/,"It is our choices, Harry, that show what we truly are, far more than our abilities.",,,,,J.K. Rowling,abilities|choices,"See also: Robert GalbraithAlthough she writes under the pen name J.K. Rowling, pronounced like rolling, her name when her first Harry Potter book was published was simply Joanne Rowling. Anticipating that the target audience of young boys might not want to read a book written by a woman, her publishers demanded that she use two initials, rather than her full name. As she had no middle name, she chose K as the second initial of her pen name, from her paternal grandmother Kathleen Ada Bulgen Rowling. She calls herself Jo and has said, ""No one ever called me 'Joanne' when I was young, unless they were angry."" Following her marriage, she has sometimes used the name Joanne Murray when conducting personal business. During the Leveson Inquiry she gave evidence under the name of Joanne Kathleen Rowling. In a 2012 interview, Rowling noted that she no longer cared that people pronounced her name incorrectly.Rowling was born to Peter James Rowling, a Rolls-Royce aircraft engineer, and Anne Rowling (née Volant), on 31 July 1965 in Yate, Gloucestershire, England, 10 miles (16 km) northeast of Bristol. Her mother Anne was half-French and half-Scottish. Her parents first met on a train departing from King's Cross Station bound for Arbroath in 1964. They married on 14 March 1965. Her mother's maternal grandfather, Dugald Campbell, was born in Lamlash on the Isle of Arran. Her mother's paternal grandfather, Louis Volant, was awarded the Croix de Guerre for exceptional bravery in defending the village of Courcelles-le-Comte during the First World War.Rowling's sister Dianne was born at their home when Rowling was 23 months old. The family moved to the nearby village Winterbourne when Rowling was four. She attended St Michael's Primary School, a school founded by abolitionist William Wilberforce and education reformer Hannah More. Her headmaster at St Michael's, Alfred Dunn, has been suggested as the inspiration for the Harry Potter headmaster Albus Dumbledore.As a child, Rowling often wrote fantasy stories, which she would usually then read to her sister. She recalls that: ""I can still remember me telling her a story in which she fell down a rabbit hole and was fed strawberries by the rabbit family inside it. Certainly the first story I ever wrote down (when I was five or six) was about a rabbit called Rabbit. He got the measles and was visited by his friends, including a giant bee called Miss Bee."" At the age of nine, Rowling moved to Church Cottage in the Gloucestershire village of Tutshill, close to Chepstow, Wales. When she was a young teenager, her great aunt, who Rowling said ""taught classics and approved of a thirst for knowledge, even of a questionable kind,"" gave her a very old copy of Jessica Mitford's autobiography, Hons and Rebels. Mitford became Rowling's heroine, and Rowling subsequently read all of her books.Rowling has said of her teenage years, in an interview with The New Yorker, ""I wasn’t particularly happy. I think it’s a dreadful time of life."" She had a difficult homelife; her mother was ill and she had a difficult relationship with her father (she is no longer on speaking terms with him). She attended secondary school at Wyedean School and College, where her mother had worked as a technician in the science department. Rowling said of her adolescence, ""Hermione [a bookish, know-it-all Harry Potter character] is loosely based on me. She's a caricature of me when I was eleven, which I'm not particularly proud of."" Steve Eddy, who taught Rowling English when she first arrived, remembers her as ""not exceptional"" but ""one of a group of girls who were bright, and quite good at English."" Sean Harris, her best friend in the Upper Sixth owned a turquoise Ford Anglia, which she says inspired the one in her books.",,2026-10-06T07:03:53+00:00
Quotes to Scrape,https://quotes.toscrape.com/,There are only two ways to live your life. One is as though nothing is a miracle. The other is as though everything is a miracle.,,,,,Albert Einstein,inspirational|life|live|miracle|miracles,"In 1879, Albert Einstein was born in Ulm, Germany. He completed his Ph.D. at the University of Zurich by 1909. His 1905 paper explaining the photoelectric effect, the basis of electronics, earned him the Nobel Prize in 1921. His first paper on Special Relativity Theory, also published in 1905, changed the world. After the rise of the Nazi party, Einstein made Princeton his permanent home, becoming a U.S. citizen in 1940. Einstein, a pacifist during World War I, stayed a firm proponent of social justice and responsibility. He chaired the Emergency Committee of Atomic Scientists, which organized to alert the public to the dangers of atomic warfare.At a symposium, he advised: ""In their struggle for the ethical good, teachers of religion must have the stature to give up the doctrine of a personal God, that is, give up that source of fear and hope which in the past placed such vast power in the hands of priests. In their labors they will have to avail themselves of those forces which are capable of cultivating the Good, the True, and the Beautiful in humanity itself. This is, to be sure a more difficult but an incomparably more worthy task . . . "" (""Science, Philosophy and Religion, A Symposium,"" published by the Conference on Science, Philosophy and Religion in their Relation to the Democratic Way of Life, Inc., New York, 1941). In a letter to philosopher Eric Gutkind, dated Jan. 3, 1954, Einstein stated: ""The word god is for me nothing more than the expression and product of human weaknesses, the Bible a collection of honorable, but still primitive legends which are nevertheless pretty childish. No interpretation no matter how subtle can (for me) change this,"" (The Guardian, ""Childish superstition: Einstein's letter makes view of religion relatively clear,"" by James Randerson, May 13, 2008). D. 1955.While best known for his mass–energy equivalence formula E = mc2 (which has been dubbed ""the world's most famous equation""), he received the 1921 Nobel Prize in Physics ""for his services to theoretical physics, and especially for his discovery of the law of the photoelectric effect"". The latter was pivotal in establishing quantum theory.Einstein thought that Newtonion mechanics was no longer enough to reconcile the laws of classical mechanics with the laws of the electromagnetic field. This led to the development of his special theory of relativity. He realized, however, that the principle of relativity could also be extended to gravitational fields, and with his subsequent theory of gravitation in 1916, he published a paper on the general theory of relativity. He continued to deal with problems of statistical mechanics and quantum theory, which led to his explanations of particle theory and the motion of molecules. He also investigated the thermal properties of light which laid the foundation of the photon theory of light.He was visiting the United States when Adolf Hitler came to power in 1933 and did not go back to Germany. On the eve of World War II, he endorsed a letter to President Franklin D. Roosevelt alerting him to the potential development of ""extremely powerful bombs of a new type"" and recommending that the U.S. begin similar research. This eventually led to what would become the Manhattan Project. Einstein supported defending the Allied forces, but largely denounced the idea of using the newly discovered nuclear fission as a weapon. Later, with Bertrand Russell, Einstein signed the Russell–Einstein Manifesto, which highlighted the danger of nuclear weapons. Einstein was affiliated with the Institute for Advanced Study in Princeton, New Jersey, until his death in 1955.His great intellectual achievements and originality have made the word ""Einstein"" synonymous with genius.More: http://en.wikipedia.org/wiki/Albert_E...http://www.nobelprize.org/nobel_prize...",,2026-10-06T07:03:53+00:00
Quotes to Scrape,https://quotes.toscrape.com/,"The person, be it gentleman or lady, who has not pleasure in a good novel, must be intolerably stupid.",,,,,Jane Austen,aliteracy|books|classic|humor,"Jane Austen was an English novelist whose works of romantic fiction, set among the landed gentry, earned her a place as one of the most widely read writers in English literature, her realism and biting social commentary cementing her historical importance among scholars and critics.Austen lived her entire life as part of a close-knit family located on the lower fringes of the English landed gentry. She was educated primarily by her father and older brothers as well as through her own reading. The steadfast support of her family was critical to her development as a professional writer. Her artistic apprenticeship lasted from her teenage years until she was about 35 years old. During this period, she experimented with various literary forms, including the epistolary novel which she tried then abandoned, and wrote and extensively revised three major novels and began a fourth. From 1811 until 1816, with the release of Sense and Sensibility (1811), Pride and Prejudice (1813), Mansfield Park (1814) and Emma (1815), she achieved success as a published writer. She wrote two additional novels, Northanger Abbey and Persuasion, both published posthumously in 1818, and began a third, which was eventually titled Sanditon, but died before completing it.Austen's works critique the novels of sensibility of the second half of the 18th century and are part of the transition to 19th-century realism. Her plots, though fundamentally comic, highlight the dependence of women on marriage to secure social standing and economic security. Her work brought her little personal fame and only a few positive reviews during her lifetime, but the publication in 1869 of her nephew's A Memoir of Jane Austen introduced her to a wider public, and by the 1940s she had become widely accepted in academia as a great English writer. The second half of the 20th century saw a proliferation of Austen scholarship and the emergence of a Janeite fan culture.",,2026-10-06T07:03:53+00:00
Quotes to Scrape,https://quotes.toscrape.com/,"Imperfection is beauty, madness is genius and it's better to be absolutely ridiculous than absolutely boring.",,,,,Marilyn Monroe,be-yourself|inspirational,"Marilyn Monroe (born Norma Jeane Mortenson; June 1, 1926 – August 5, 1962) was an American actress, model, and singer, who became a major sex symbol, starring in a number of commercially successful motion pictures during the 1950s and early 1960s.After spending much of her childhood in foster homes, Monroe began a career as a model, which led to a film contract in 1946 with Twentieth Century-Fox. Her early film appearances were minor, but her performances in The Asphalt Jungle and All About Eve (both 1950), drew attention. By 1952 she had her first leading role in Don't Bother to Knock and 1953 brought a lead in Niagara, a melodramatic film noir that dwelt on her seductiveness. Her ""dumb blonde"" persona was used to comic effect in subsequent films such as Gentlemen Prefer Blondes (1953), How to Marry a Millionaire (1953) and The Seven Year Itch (1955). Limited by typecasting, Monroe studied at the Actors Studio to broaden her range. Her dramatic performance in Bus Stop (1956) was hailed by critics and garnered a Golden Globe nomination. Her production company, Marilyn Monroe Productions, released The Prince and the Showgirl (1957), for which she received a BAFTA Award nomination and won a David di Donatello award. She received a Golden Globe Award for her performance in Some Like It Hot (1959). Monroe's last completed film was The Misfits, co-starring Clark Gable with screenplay by her then-husband, Arthur Miller.Marilyn was a passionate reader, owning four hundred books at the time of her death, and was often photographed with a book.The final years of Monroe's life were marked by illness, personal problems, and a reputation for unreliability and being difficult to work with. The circumstances of her death, from an overdose of barbiturates, have been the subject of conjecture. Though officially classified as a ""probable suicide"", the possibility of an accidental overdose, as well as of homicide, have not been ruled out. In 1999, Monroe was ranked as the sixth greatest female star of all time by the American Film Institute. In the decades following her death, she has often been cited as both a pop and a cultural icon as well as the quintessential American sex symbol.",,2026-10-06T07:03:53+00:00
Quotes to Scrape,https://quotes.toscrape.com/,Try not to become a man of success. Rather become a man of value.,,,,,Albert Einstein,adulthood|success|value,"In 1879, Albert Einstein was born in Ulm, Germany. He completed his Ph.D. at the University of Zurich by 1909. His 1905 paper explaining the photoelectric effect, the basis of electronics, earned him the Nobel Prize in 1921. His first paper on Special Relativity Theory, also published in 1905, changed the world. After the rise of the Nazi party, Einstein made Princeton his permanent home, becoming a U.S. citizen in 1940. Einstein, a pacifist during World War I, stayed a firm proponent of social justice and responsibility. He chaired the Emergency Committee of Atomic Scientists, which organized to alert the public to the dangers of atomic warfare.At a symposium, he advised: ""In their struggle for the ethical good, teachers of religion must have the stature to give up the doctrine of a personal God, that is, give up that source of fear and hope which in the past placed such vast power in the hands of priests. In their labors they will have to avail themselves of those forces which are capable of cultivating the Good, the True, and the Beautiful in humanity itself. This is, to be sure a more difficult but an incomparably more worthy task . . . "" (""Science, Philosophy and Religion, A Symposium,"" published by the Conference on Science, Philosophy and Religion in their Relation to the Democratic Way of Life, Inc., New York, 1941). In a letter to philosopher Eric Gutkind, dated Jan. 3, 1954, Einstein stated: ""The word god is for me nothing more than the expression and product of human weaknesses, the Bible a collection of honorable, but still primitive legends which are nevertheless pretty childish. No interpretation no matter how subtle can (for me) change this,"" (The Guardian, ""Childish superstition: Einstein's letter makes view of religion relatively clear,"" by James Randerson, May 13, 2008). D. 1955.While best known for his mass–energy equivalence formula E = mc2 (which has been dubbed ""the world's most famous equation""), he received the 1921 Nobel Prize in Physics ""for his services to theoretical physics, and especially for his discovery of the law of the photoelectric effect"". The latter was pivotal in establishing quantum theory.Einstein thought that Newtonion mechanics was no longer enough to reconcile the laws of classical mechanics with the laws of the electromagnetic field. This led to the development of his special theory of relativity. He realized, however, that the principle of relativity could also be extended to gravitational fields, and with his subsequent theory of gravitation in 1916, he published a paper on the general theory of relativity. He continued to deal with problems of statistical mechanics and quantum theory, which led to his explanations of particle theory and the motion of molecules. He also investigated the thermal properties of light which laid the foundation of the photon theory of light.He was visiting the United States when Adolf Hitler came to power in 1933 and did not go back to Germany. On the eve of World War II, he endorsed a letter to President Franklin D. Roosevelt alerting him to the potential development of ""extremely powerful bombs of a new type"" and recommending that the U.S. begin similar research. This eventually led to what would become the Manhattan Project. Einstein supported defending the Allied forces, but largely denounced the idea of using the newly discovered nuclear fission as a weapon. Later, with Bertrand Russell, Einstein signed the Russell–Einstein Manifesto, which highlighted the danger of nuclear weapons. Einstein was affiliated with the Institute for Advanced Study in Princeton, New Jersey, until his death in 1955.His great intellectual achievements and originality have made the word ""Einstein"" synonymous with genius.More: http://en.wikipedia.org/wiki/Albert_E...http://www.nobelprize.org/nobel_prize...",,2026-10-06T07:03:53+00:00
Quotes to Scrape,https://quotes.toscrape.com/,It is better to be hated for what you are than to be loved for what you are not.,,,,,André Gide,life|love,"André Paul Guillaume Gide was a French author and winner of the Nobel Prize in literature in 1947. Gide's career ranged from its beginnings in the symbolist movement, to the advent of anticolonialism between the two World Wars.Known for his fiction as well as his autobiographical works, Gide exposes to public view the conflict and eventual reconciliation between the two sides of his personality, split apart by a straight-laced education and a narrow social moralism. Gide's work can be seen as an investigation of freedom and empowerment in the face of moralistic and puritan constraints, and gravitates around his continuous effort to achieve intellectual honesty. His self-exploratory texts reflect his search of how to be fully oneself, even to the point of owning one's sexual nature, without at the same time betraying one's values. His political activity is informed by the same ethos, as suggested by his repudiation of communism after his 1936 voyage to the USSR.",,2026-10-06T07:03:53+00:00
Quotes to Scrape,https://quotes.toscrape.com/,"I have not failed. I've just found 10,000 ways that won't work.",,,,,Thomas A. Edison,edison|failure|inspirational|paraphrased,"Thomas Alva Edison was an American inventor, scientist and businessman who developed many devices that greatly influenced life around the world, including the phonograph, the motion picture camera, and a long-lasting, practical electric light bulb. Dubbed ""The Wizard of Menlo Park"" (now Edison, New Jersey) by a newspaper reporter, he was one of the first inventors to apply the principles of mass production and large teamwork to the process of invention, and therefore is often credited with the creation of the first industrial research laboratory.Edison is considered one of the most prolific inventors in history, holding 1,093 U.S. patents in his name, as well as many patents in the United Kingdom, France and Germany. He is credited with numerous inventions that contributed to mass communication and, in particular, telecommunications. His advanced work in these fields was an outgrowth of his early career as a telegraph operator. Edison originated the concept and implementation of electric-power generation and distribution to homes, businesses, and factories – a crucial development in the modern industrialized world. His first power station was on Manhattan Island, New York.",,2026-10-06T07:03:53+00:00
Quotes to Scrape,https://quotes.toscrape.com/,A woman is like a tea bag; you never know how strong it is until it's in hot water.,,,,,Eleanor Roosevelt,misattributed-eleanor-roosevelt,"Anna Eleanor Roosevelt was an American political leader who used her influence as an active First Lady from 1933 to 1945 to promote the New Deal policies of her husband, President Franklin D. Roosevelt, as well as taking a prominent role as an advocate for civil rights. After her husband's death in 1945, she continued to be an internationally prominent author and speaker for the New Deal coalition. She was a suffragist who worked to enhance the status of working women, although she opposed the Equal Rights Amendment because she believed it would adversely affect women. In the 1940s, she was one of the co-founders of Freedom House and supported the formation of the United Nations. Eleanor Roosevelt founded the UN Association of the United States in 1943 to advance support for the formation of the UN. She was a delegate to the UN General Assembly from 1945 and 1952, a job for which she was appointed by President Harry S. Truman and confirmed by the United States Congress. During her time at the United Nations chaired the committee that drafted and approved the Universal Declaration of Human Rights. President Truman called her the ""First Lady of the World"" in tribute to her human rights achievements.She was one of the most admired persons of the 20th century, according to Gallup's List of Widely Admired People.",,2026-10-06T07:03:53+00:00
Quotes to Scrape,https://quotes.toscrape.com/,"A day without sunshine is like, you know, night.",,,,,Steve Martin,humor|obvious|simile,"Stephen Glenn ""Steve"" Martin is an American actor, comedian, writer, playwright, producer, musician, and composer. He was raised in Southern California in a Baptist family, where his early influences were working at Disneyland and Knott's Berry Farm and working magic and comedy acts at these and other smaller venues in the area. His ascent to fame picked up when he became a writer for the Smothers Brothers Comedy Hour, and later became a frequent guest on the Tonight Show.In the 1970s, Martin performed his offbeat, absurdist comedy routines before packed houses on national tours. In the 1980s, having branched away from stand-up comedy, he became a successful actor, playwright, and juggler, and eventually earned Emmy, Grammy, and American Comedy awards.",,2026-10-06T07:03:53+00:00
Quotes to Scrape,https://quotes.toscrape.com/page/2/,"This life is what you make it. No matter what, you're going to mess up sometimes, it's a universal truth. But the good part is you get to decide how you're going to mess it up. Girls will be your friends - they'll act like it anyway. But just remember, some come, some go. The ones that stay with you through everything - they're your true best friends. Don't let go of them. Also remember, sisters make the best friends in the world. As for lovers, well, they'll come and go too. And baby, I hate to say it, most of them - actually pretty much all of them are going to break your heart, but you can't give up because if you give up, you'll never find your soulmate. You'll never find that half who makes you whole and that goes for everything. Just because you fail once, doesn't mean you're gonna fail at everything. Keep trying, hold on, and always, always, always believe in yourself, because if you don't, then who will, sweetie? So keep your head high, keep your chin up, and most importantly, keep smiling, because life's a beautiful thing and there's so much to smile about.",,,,,Marilyn Monroe,friends|heartbreak|inspirational|life|love|sisters,"Marilyn Monroe (born Norma Jeane Mortenson; June 1, 1926 – August 5, 1962) was an American actress, model, and singer, who became a major sex symbol, starring in a number of commercially successful motion pictures during the 1950s and early 1960s.After spending much of her childhood in foster homes, Monroe began a career as a model, which led to a film contract in 1946 with Twentieth Century-Fox. Her early film appearances were minor, but her performances in The Asphalt Jungle and All About Eve (both 1950), drew attention. By 1952 she had her first leading role in Don't Bother to Knock and 1953 brought a lead in Niagara, a melodramatic film noir that dwelt on her seductiveness. Her ""dumb blonde"" persona was used to comic effect in subsequent films such as Gentlemen Prefer Blondes (1953), How to Marry a Millionaire (1953) and The Seven Year Itch (1955). Limited by typecasting, Monroe studied at the Actors Studio to broaden her range. Her dramatic performance in Bus Stop (1956) was hailed by critics and garnered a Golden Globe nomination. Her production company, Marilyn Monroe Productions, released The Prince and the Showgirl (1957), for which she received a BAFTA Award nomination and won a David di Donatello award. She received a Golden Globe Award for her performance in Some Like It Hot (1959). Monroe's last completed film was The Misfits, co-starring Clark Gable with screenplay by her then-husband, Arthur Miller.Marilyn was a passionate reader, owning four hundred books at the time of her death, and was often photographed with a book.The final years of Monroe's life were marked by illness, personal problems, and a reputation for unreliability and being difficult to work with. The circumstances of her death, from an overdose of barbiturates, have been the subject of conjecture. Though officially classified as a ""probable suicide"", the possibility of an accidental overdose, as well as of homicide, have not been ruled out. In 1999, Monroe was ranked as the sixth greatest female star of all time by the American Film Institute. In the decades following her death, she has often been cited as both a pop and a cultural icon as well as the quintessential American sex symbol.",,2026-10-06T07:03:53+00:00
Quotes to Scrape,https://quotes.toscrape.com/page/2/,"It takes a great deal of bravery to stand up to our enemies, but just as much to stand up to our friends.",,,,,J.K. Rowling,courage|friends,"See also: Robert GalbraithAlthough she writes under the pen name J.K. Rowling, pronounced like rolling, her name when her first Harry Potter book was published was simply Joanne Rowling. Anticipating that the target audience of young boys might not want to read a book written by a woman, her publishers demanded that she use two initials, rather than her full name. As she had no middle name, she chose K as the second initial of her pen name, from her paternal grandmother Kathleen Ada Bulgen Rowling. She calls herself Jo and has said, ""No one ever called me 'Joanne' when I was young, unless they were angry."" Following her marriage, she has sometimes used the name Joanne Murray when conducting personal business. During the Leveson Inquiry she gave evidence under the name of Joanne Kathleen Rowling. In a 2012 interview, Rowling noted that she no longer cared that people pronounced her name incorrectly.Rowling was born to Peter James Rowling, a Rolls-Royce aircraft engineer, and Anne Rowling (née Volant), on 31 July 1965 in Yate, Gloucestershire, England, 10 miles (16 km) northeast of Bristol. Her mother Anne was half-French and half-Scottish. Her parents first met on a train departing from King's Cross Station bound for Arbroath in 1964. They married on 14 March 1965. Her mother's maternal grandfather, Dugald Campbell, was born in Lamlash on the Isle of Arran. Her mother's paternal grandfather, Louis Volant, was awarded the Croix de Guerre for exceptional bravery in defending the village of Courcelles-le-Comte during the First World War.Rowling's sister Dianne was born at their home when Rowling was 23 months old. The family moved to the nearby village Winterbourne when Rowling was four. She attended St Michael's Primary School, a school founded by abolitionist William Wilberforce and education reformer Hannah More. Her headmaster at St Michael's, Alfred Dunn, has been suggested as the inspiration for the Harry Potter headmaster Albus Dumbledore.As a child, Rowling often wrote fantasy stories, which she would usually then read to her sister. She recalls that: ""I can still remember me telling her a story in which she fell down a rabbit hole and was fed strawberries by the rabbit family inside it. Certainly the first story I ever wrote down (when I was five or six) was about a rabbit called Rabbit. He got the measles and was visited by his friends, including a giant bee called Miss Bee."" At the age of nine, Rowling moved to Church Cottage in the Gloucestershire village of Tutshill, close to Chepstow, Wales. When she was a young teenager, her great aunt, who Rowling said ""taught classics and approved of a thirst for knowledge, even of a questionable kind,"" gave her a very old copy of Jessica Mitford's autobiography, Hons and Rebels. Mitford became Rowling's heroine, and Rowling subsequently read all of her books.Rowling has said of her teenage years, in an interview with The New Yorker, ""I wasn’t particularly happy. I think it’s a dreadful time of life."" She had a difficult homelife; her mother was ill and she had a difficult relationship with her father (she is no longer on speaking terms with him). She attended secondary school at Wyedean School and College, where her mother had worked as a technician in the science department. Rowling said of her adolescence, ""Hermione [a bookish, know-it-all Harry Potter character] is loosely based on me. She's a caricature of me when I was eleven, which I'm not particularly proud of."" Steve Eddy, who taught Rowling English when she first arrived, remembers her as ""not exceptional"" but ""one of a group of girls who were bright, and quite good at English."" Sean Harris, her best friend in the Upper Sixth owned a turquoise Ford Anglia, which she says inspired the one in her books.",,2026-10-06T07:03:53+00:00
Quotes to Scrape,https://quotes.toscrape.com/page/2/,"If you can't explain it to a six year old, you don't understand it yourself.",,,,,Albert Einstein,simplicity|understand,"In 1879, Albert Einstein was born in Ulm, Germany. He completed his Ph.D. at the University of Zurich by 1909. His 1905 paper explaining the photoelectric effect, the basis of electronics, earned him the Nobel Prize in 1921. His first paper on Special Relativity Theory, also published in 1905, changed the world. After the rise of the Nazi party, Einstein made Princeton his permanent home, becoming a U.S. citizen in 1940. Einstein, a pacifist during World War I, stayed a firm proponent of social justice and responsibility. He chaired the Emergency Committee of Atomic Scientists, which organized to alert the public to the dangers of atomic warfare.At a symposium, he advised: ""In their struggle for the ethical good, teachers of religion must have the stature to give up the doctrine of a personal God, that is, give up that source of fear and hope which in the past placed such vast power in the hands of priests. In their labors they will have to avail themselves of those forces which are capable of cultivating the Good, the True, and the Beautiful in humanity itself. This is, to be sure a more difficult but an incomparably more worthy task . . . "" (""Science, Philosophy and Religion, A Symposium,"" published by the Conference on Science, Philosophy and Religion in their Relation to the Democratic Way of Life, Inc., New York, 1941). In a letter to philosopher Eric Gutkind, dated Jan. 3, 1954, Einstein stated: ""The word god is for me nothing more than the expression and product of human weaknesses, the Bible a collection of honorable, but still primitive legends which are nevertheless pretty childish. No interpretation no matter how subtle can (for me) change this,"" (The Guardian, ""Childish superstition: Einstein's letter makes view of religion relatively clear,"" by James Randerson, May 13, 2008). D. 1955.While best known for his mass–energy equivalence formula E = mc2 (which has been dubbed ""the world's most famous equation""), he received the 1921 Nobel Prize in Physics ""for his services to theoretical physics, and especially for his discovery of the law of the photoelectric effect"". The latter was pivotal in establishing quantum theory.Einstein thought that Newtonion mechanics was no longer enough to reconcile the laws of classical mechanics with the laws of the electromagnetic field. This led to the development of his special theory of relativity. He realized, however, that the principle of relativity could also be extended to gravitational fields, and with his subsequent theory of gravitation in 1916, he published a paper on the general theory of relativity. He continued to deal with problems of statistical mechanics and quantum theory, which led to his explanations of particle theory and the motion of molecules. He also investigated the thermal properties of light which laid the foundation of the photon theory of light.He was visiting the United States when Adolf Hitler came to power in 1933 and did not go back to Germany. On the eve of World War II, he endorsed a letter to President Franklin D. Roosevelt alerting him to the potential development of ""extremely powerful bombs of a new type"" and recommending that the U.S. begin similar research. This eventually led to what would become the Manhattan Project. Einstein supported defending the Allied forces, but largely denounced the idea of using the newly discovered nuclear fission as a weapon. Later, with Bertrand Russell, Einstein signed the Russell–Einstein Manifesto, which highlighted the danger of nuclear weapons. Einstein was affiliated with the Institute for Advanced Study in Princeton, New Jersey, until his death in 1955.His great intellectual achievements and originality have made the word ""Einstein"" synonymous with genius.More: http://en.wikipedia.org/wiki/Albert_E...http://www.nobelprize.org/nobel_prize...",,2026-10-06T07:03:53+00:00
Quotes to Scrape,https://quotes.toscrape.com/page/2/,"You may not be her first, her last, or her only. She loved before she may love again. But if she loves you now, what else matters? She's not perfect—you aren't either, and the two of you may never be perfect together but if she can make you laugh, cause you to think twice, and admit to being human and making mistakes, hold onto her and give her the most you can. She may not be thinking about you every second of the day, but she will give you a part of her that she knows you can break—her heart. So don't hurt her, don't change her, don't analyze and don't expect more than she can give. Smile when she makes you happy, let her know when she makes you mad, and miss her when she's not there.",,,,,Bob Marley,love,"Robert ""Bob"" Nesta Marley OM was a Jamaican singer, songwriter, guitarist, and activist. He was the frontman, lead singer, songwriter and guitarist for the ska, rocksteady and reggae bands: The Wailers (1964 – 1974) and Bob Marley & the Wailers (1974 - 1981). He is the most widely known performer of ska/reggae music, and is often credited for helping spread Jamaican music to the worldwide audience.Marley's best known hits includes ""I Shot the Sheriff"", ""No Woman, No Cry"", ""Exodus"", ""Could You Be Loved"", ""Stir It Up"", ""Jamming"", ""Redemption Song"", and ""One Love"", as well as the posthumous releases ""Buffalo Soldier"" och ""Iron Lion Zion"". The compilation album, Legend, released in 1984, three years after Marley's death, is the best-selling reggae album ever (10 times platinum), with sales of more than 12 million copies.",,2026-10-06T07:03:53+00:00
Quotes to Scrape,https://quotes.toscrape.com/page/2/,"I like nonsense, it wakes up the brain cells. Fantasy is a necessary ingredient in living.",,,,,Dr. Seuss,fantasy,"Theodor Seuss Geisel was born 2 March 1904 in Springfield, MA. He graduated Dartmouth College in 1925, and proceeded on to Oxford University with the intent of acquiring a doctorate in literature. At Oxford he met Helen Palmer, who he wed in 1927. He returned from Europe in 1927, and began working for a magazine called Judge, the leading humor magazine in America at the time, submitting both cartoons and humorous articles for them. Additionally, he was submitting cartoons to Life, Vanity Fair and Liberty. In some of his works, he'd made reference to an insecticide called Flit. These references gained notice, and led to a contract to draw comic ads for Flit. This association lasted 17 years, gained him national exposure, and coined the catchphrase ""Quick, Henry, the Flit!"" In 1936 on the way to a vaction in Europe, listening to the rhythm of the ship's engines, he came up with And to Think That I Saw It on Mulberry Street, which was then promptly rejected by the first 43 publishers he showed it to. Eventually in 1937 a friend published the book for him, and it went on to at least moderate success. During WW II, Geisel joined the army and was sent to Hollywood. Captain Geisel would write for Frank Capra's Signal Corps Unit (for which he won the Legion of Merit) and do documentaries (he won Oscar's for Hitler Lives and Design for Death). He also created a cartoon called Gerald McBoing-Boing which also won him an Oscar. In May of 1954, Life published a report concerning illiteracy among school children. The report said, among other things, that children were having trouble to read because their books were boring. This inspired Geisel's publisher, and prompted him to send Geisel a list of 400 words he felt were important, asked him to cut the list to 250 words (the publishers idea of how many words at one time a first grader could absorb), and write a book. Nine months later, Geisel, using 220 of the words given to him published The Cat in the Hat, which went on to instant success. In 1960 Bennett Cerf bet Geisel $50 that he couldn't write an entire book using only fifty words. The result was Green Eggs and Ham. Cerf never paid the $50 from the bet. Helen Palmer Geisel died in 1967. Theodor Geisel married Audrey Stone Diamond in 1968. Theodor Seuss Geisel died 24 September 1991. Also worked under the pen name:Theo Le Sieg",,2026-10-06T07:03:53+00:00
Quotes to Scrape,https://quotes.toscrape.com/page/2/,"I may not have gone where I intended to go, but I think I have ended up where I needed to be.",,,,,Douglas Adams,life|navigation,"Douglas Noël Adams was an English author, comic radio dramatist, and musician. He is best known as the author of the Hitchhiker's Guide to the Galaxy series. Hitchhiker's began on radio, and developed into a ""trilogy"" of five books (which sold more than fifteen million copies during his lifetime) as well as a television series, a comic book series, a computer game, and a feature film that was completed after Adams' death. The series has also been adapted for live theatre using various scripts; the earliest such productions used material newly written by Adams. He was known to some fans as Bop Ad (after his illegible signature), or by his initials ""DNA"".In addition to The Hitchhiker's Guide to the Galaxy, Douglas Adams wrote or co-wrote three stories of the science fiction television series Doctor Who and served as Script Editor during the seventeenth season. His other written works include the Dirk Gently novels, and he co-wrote two Liff books and Last Chance to See, itself based on a radio series. Adams also originated the idea for the computer game Starship Titanic, which was produced by a company that Adams co-founded, and adapted into a novel by Terry Jones. A posthumous collection of essays and other material, including an incomplete novel, was published as The Salmon of Doubt in 2002.His fans and friends also knew Adams as an environmental activist and a lover of fast cars, cameras, the Macintosh computer, and other ""techno gizmos"". Toward the end of his life he was a sought-after lecturer on topics including technology and the environment.",,2026-10-06T07:03:53+00:00
Quotes to Scrape,https://quotes.toscrape.com/page/2/,"The opposite of love is not hate, it's indifference. The opposite of art is not ugliness, it's indifference. The opposite of faith is not heresy, it's indifference. And the opposite of life is not death, it's indifference.",,,,,Elie Wiesel,activism|apathy|hate|indifference|inspirational|love|opposite|philosophy,"Eliezer Wiesel was a Romania-born American novelist, political activist, and Holocaust survivor of Hungarian Jewish descent. He was the author of over 40 books, the best known of which is Night, a memoir that describes his experiences during the Holocaust and his imprisonment in several concentration camps.Wiesel was awarded the Nobel Peace Prize in 1986. The Norwegian Nobel Committee called him a ""messenger to mankind,"" noting that through his struggle to come to terms with ""his own personal experience of total humiliation and of the utter contempt for humanity shown in Hitler's death camps,"" as well as his ""practical work in the cause of peace,"" Wiesel has delivered a powerful message ""of peace, atonement and human dignity"" to humanity.On November 30, 2006 Wiesel received an honorary knighthood in London, England in recognition of his work toward raising Holocaust education in the United Kingdom.http://us.macmillan.com/author/eliewi...",,2026-10-06T07:03:53+00:00
Quotes to Scrape,https://quotes.toscrape.com/page/2/,"It is not a lack of love, but a lack of friendship that makes unhappy marriages.",,,,,Friedrich Nietzsche,friendship|lack-of-friendship|lack-of-love|love|marriage|unhappy-marriage,"Friedrich Wilhelm Nietzsche (1844–1900) is a German philosopher of the late 19th century who challenged the foundations of Christianity and traditional morality. He was interested in the enhancement of individual and cultural health, and believed in life, creativity, power, and the realities of the world we live in, rather than those situated in a world beyond. Central to his philosophy is the idea of “life-affirmation,” which involves an honest questioning of all doctrines that drain life's expansive energies, however socially prevalent those views might be. Often referred to as one of the first existentialist philosophers along with Søren Kierkegaard (1813–1855), Nietzsche's revitalizing philosophy has inspired leading figures in all walks of cultural life, including dancers, poets, novelists, painters, psychologists, philosophers, sociologists and social revolutionaries.From the Stanford Encyclopedia of Philosophy",,2026-10-06T07:03:53+00:00
Quotes to Scrape,https://quotes.toscrape.com/page/2/,"Good friends, good books, and a sleepy conscience: this is the ideal life.",,,,,Mark Twain,books|contentment|friends|friendship|life,"Samuel Langhorne Clemens, better known by his pen name Mark Twain, was an American author and humorist. He is noted for his novels Adventures of Huckleberry Finn (1885), called ""the Great American Novel"", and The Adventures of Tom Sawyer (1876).Twain grew up in Hannibal, Missouri, which would later provide the setting for Huckleberry Finn and Tom Sawyer. He apprenticed with a printer. He also worked as a typesetter and contributed articles to his older brother Orion's newspaper. After toiling as a printer in various cities, he became a master riverboat pilot on the Mississippi River, before heading west to join Orion. He was a failure at gold mining, so he next turned to journalism. While a reporter, he wrote a humorous story, ""The Celebrated Jumping Frog of Calaveras County,"" which proved to be very popular and brought him nationwide attention. His travelogues were also well-received. Twain had found his calling.He achieved great success as a writer and public speaker. His wit and satire earned praise from critics and peers, and he was a friend to presidents, artists, industrialists, and European royalty.However, he lacked financial acumen. Though he made a great deal of money from his writings and lectures, he squandered it on various ventures, in particular the Paige Compositor, and was forced to declare bankruptcy. With the help of Henry Huttleston Rogers, however, he eventually overcame his financial troubles. Twain worked hard to ensure that all of his creditors were paid in full, even though his bankruptcy had relieved him of the legal responsibility.Born during a visit by Halley's Comet, he died on its return. He was lauded as the ""greatest American humorist of his age"", and William Faulkner called Twain ""the father of American literature"".Excerpted from Wikipedia.",,2026-10-06T07:03:53+00:00
Quotes to Scrape,https://quotes.toscrape.com/page/2/,Life is what happens to us while we are making other plans.,,,,,Allen Saunders,fate|life|misattributed-john-lennon|planning|plans,"Allen Saunders was an American writer, journalist and cartoonist who wrote the comic strips Steve Roper and Mike Nomad, Mary Worth and Kerry Drake. His full name, John Allen Saunders, sometimes led to confusion with his son John (John Phillip Saunders, 1924–2003), who later continued two of his father's strips.Born in Lebanon, Indiana, Saunders enjoyed newspaper comics as a youth, and he practiced drawing them. After graduating from Wabash College in 1920, he taught French there for seven years while working in the summers on his M.A. at the University of Chicago and taking night classes at the Chicago Academy of Fine Arts. He drew editorial cartoons and the single-panel Miserable Moments, wrote detective fiction for magazines, worked in Chautauqua theater and wrote plays. These experiences converged in his later comics career.[2]In 1927, while on sabbatical from Wabash, he moved to Toledo, Ohio as a reporter and drama critic for the News-Bee, and he stayed on with that newspaper. Eight years later, Elmer Woggon (a friend at the rival Toledo Blade) proposed a comic strip for Publishers Syndicate (later Publishers-Hall Syndicate), The Great Gusto, which he would draw if Saunders did the writing. They shook on it, but it wasn't accepted until they refocused on its Indian character. On November 23, 1936, it finally appeared in the newspapers as Big Chief Wahoo and scored a success—fortunately, as Saunders' regular job ended when the News-Bee folded in 1938. Gags gave way to adventure strips, so in 1940, he began to reshape the narrative into Steve Roper, centered on the escapades of a racket-busting photojournalist",,2026-10-06T07:03:53+00:00
Quotes to Scrape,https://quotes.toscrape.com/page/3/,"I love you without knowing how, or when, or from where. I love you simply, without problems or pride: I love you in this way because I do not know any other way of loving but this, in which there is no I or you, so intimate that your hand upon my chest is my hand, so intimate that when I fall asleep your eyes close.",,,,,Pablo Neruda,love|poetry,"Pablo Neruda was the pen name and, later, legal name of the Chilean writer and politician Neftalí Ricardo Reyes Basoalto. Neruda assumed his pen name as a teenager, partly because it was in vogue, partly to hide his poetry from his father, a rigid man who wanted his son to have a ""practical"" occupation. Neruda's pen name was derived from Czech writer and poet Jan Neruda; Pablo is thought to be from Paul Verlaine. With his works translated into many languages, Pablo Neruda is considered one of the greatest and most influential poets of the 20th century.Neruda was accomplished in a variety of styles ranging from erotically charged love poems like his collection Twenty Poems of Love and a Song of Despair, surrealist poems, historical epics, and overtly political manifestos. In 1971 Neruda won the Nobel Prize for Literature, a controversial award because of his political activism. Colombian novelist Gabriel García Márquez once called him ""the greatest poet of the 20th century in any language.""On July 15, 1945, at Pacaembu Stadium in São Paulo, Brazil, he read to 100,000 people in honor of Communist revolutionary leader Luís Carlos Prestes. When Neruda returned to Chile after his Nobel Prize acceptance speech, Salvador Allende invited him to read at the Estadio Nacional before 70,000 people.During his lifetime, Neruda occupied many diplomatic posts and served a stint as a senator for the Chilean Communist Party. When Conservative Chilean President González Videla outlawed communism in Chile, a warrant was issued for Neruda's arrest. Friends hid him for months in a house basement in the Chilean port of Valparaíso. Later, Neruda escaped into exile through a mountain pass near Maihue Lake into Argentina. Years later, Neruda was a close collaborator to socialist President Salvador Allende.Neruda was hospitalized with cancer at the time of the Chilean coup d'état led by Augusto Pinochet. Three days after being hospitalized, Neruda died of heart failure. Already a legend in life, Neruda's death reverberated around the world. Pinochet had denied permission to transform Neruda's funeral into a public event. However, thousands of grieving Chileans disobeyed the curfew and crowded the streets. Neruda's funeral became the first public protest against the Chilean military dictatorship.",,2026-10-06T07:03:53+00:00
Quotes to Scrape,https://quotes.toscrape.com/page/3/,For every minute you are angry you lose sixty seconds of happiness.,,,,,Ralph Waldo Emerson,happiness,"in 1803, Ralph Waldo Emerson was born in Boston. Educated at Harvard and the Cambridge Divinity School, he became a Unitarian minister in 1826 at the Second Church Unitarian. The congregation, with Christian overtones, issued communion, something Emerson refused to do. ""Really, it is beyond my comprehension,"" Emerson once said, when asked by a seminary professor whether he believed in God. (Quoted in 2,000 Years of Freethought edited by Jim Haught.) By 1832, after the untimely death of his first wife, Emerson cut loose from Unitarianism. During a year-long trip to Europe, Emerson became acquainted with such intelligentsia as British writer Thomas Carlyle, and poets Wordsworth and Coleridge. He returned to the United States in 1833, to a life as poet, writer and lecturer. Emerson inspired Transcendentalism, although never adopting the label himself. He rejected traditional ideas of deity in favor of an ""Over-Soul"" or ""Form of Good,"" ideas which were considered highly heretical. His books include Nature (1836), The American Scholar (1837), Divinity School Address (1838), Essays, 2 vol. (1841, 1844), Nature, Addresses and Lectures (1849), and three volumes of poetry. Margaret Fuller became one of his ""disciples,"" as did Henry David Thoreau.The best of Emerson's rather wordy writing survives as epigrams, such as the famous: ""A foolish consistency is the hobgoblin of little minds, adored by little statesmen and philosophers and divines."" Other one- (and two-) liners include: ""As men's prayers are a disease of the will, so are their creeds a disease of the intellect"" (Self-Reliance, 1841). ""The most tedious of all discourses are on the subject of the Supreme Being"" (Journal, 1836). ""The word miracle, as pronounced by Christian churches, gives a false impression; it is a monster. It is not one with the blowing clover and the falling rain"" (Address to Harvard Divinity College, July 15, 1838). He demolished the right wing hypocrites of his era in his essay ""Worship"": "". . . the louder he talked of his honor, the faster we counted our spoons"" (Conduct of Life, 1860). ""I hate this shallow Americanism which hopes to get rich by credit, to get knowledge by raps on midnight tables, to learn the economy of the mind by phrenology, or skill without study, or mastery without apprenticeship"" (Self-Reliance). ""The first and last lesson of religion is, 'The things that are seen are temporal; the things that are not seen are eternal.' It puts an affront upon nature"" (English Traits , 1856). ""The god of the cannibals will be a cannibal, of the crusaders a crusader, and of the merchants a merchant."" (Civilization, 1862). He influenced generations of Americans, from his friend Henry David Thoreau to John Dewey, and in Europe, Friedrich Nietzsche, who takes up such Emersonian themes as power, fate, the uses of poetry and history, and the critique of Christianity. D. 1882.More: http://www.rwe.org/http://plato.stanford.edu/entries/eme...http://transcendentalism-legacy.tamu....http://en.wikipedia.org/wiki/Ralph_Wa...http://www.poets.org/poet.php/prmPID/201http://www.pbs.org/wnet/ihas/poet/eme...http://www.biography.com/people/ralph...http://www.online-literature.com/emer...http://www.emersoncentral.com/",,2026-10-06T07:03:53+00:00
Quotes to Scrape,https://quotes.toscrape.com/page/3/,"If you judge people, you have no time to love them.",,,,,Mother Teresa,attributed-no-source,"Blessed Teresa of Calcutta, or Mother Teresa, born Agnes Gonxha Bojaxhiu was an Albanian Roman Catholic nun who founded the Missionaries of Charity in Kolkata (Calcutta), India in 1950. For over forty years she ministered to the poor, sick, orphaned, and dying, while guiding the Missionaries of Charity's expansion, first throughout India and then in other countries.By the 1970s she had become internationally famed as a humanitarian and advocate for the poor and helpless, due in part to a documentary, and book, Something Beautiful for God by Malcolm Muggeridge. She won the Nobel Peace Prize in 1979 and India's highest civilian honour, the Bharat Ratna, in 1980 for her humanitarian work. Mother Teresa's Missionaries of Charity continued to expand, and at the time of her death it was operating 610 missions in 123 countries, including hospices and homes for people with HIV/AIDS, leprosy and tuberculosis, soup kitchens, children's and family counseling programs, orphanages, and schools.Following her death she was beatified by Pope John Paul II and given the title Blessed Teresa of Calcutta.",,2026-10-06T07:03:53+00:00
Quotes to Scrape,https://quotes.toscrape.com/page/3/,Anyone who thinks sitting in church can make you a Christian must also think that sitting in a garage can make you a car.,,,,,Garrison Keillor,humor|religion,"Garrison Keillor (born Gary Edward Keillor on August 7, 1942 in Anoka, Minnesota) is an American author, storyteller, humorist, columnist, musician, satirist, and radio personality. He is known as host of the Minnesota Public Radio show ""A Prairie Home Companion"".Keillor was born in Anoka, Minnesota, the son of Grace Ruth (née Denham) and John Philip Keillor, who was a carpenter and postal worker. His father had English ancestry, partly by way of Canada (Keillor's paternal grandfather was from Kingston, Ontario). His maternal grandparents were Scottish immigrants, from Glasgow. The family belonged to the Plymouth Brethren, a fundamentalist Christian denomination Keillor has since left. He is six feet, three inches (1.9 m) tall. Keillor is a member of the Democratic-Farmer-Labor Party. In 2006 he told Christianity Today that he was attending the Episcopal church in Saint Paul, after previously attending a Lutheran church in New York.Keillor graduated from Anoka High School in 1960 and from the University of Minnesota with a bachelor's degree in English in 1966. During college, he began his broadcasting career on the student-operated radio station known today as Radio K.Keillor has been married three times.Garrison Keillor started his professional radio career in November 1969 with Minnesota Educational Radio, now Minnesota Public Radio. He hosted The Morning Program on weekdays from 6 to 9 a.m. on KSJR 90.1 FM at St. John's University, which the station called ""A Prairie Home Entertainment."" The show's eclectic music was a major divergence from the station's usual classical fare. During this time he also began submitting fiction to The New Yorker, where his first story, ""Local Family Keeps Son Happy,"" appeared on September 19, 1970.Keillor resigned from The Morning Program in February 1971 to protest a perceived attempt to interfere with his musical programming. The show became A Prairie Home Companion when he returned in October.A Prairie Home Companion debuted as an old-style variety show before a live audience on July 6, 1974, featuring guest musicians and a cadre cast doing musical numbers and comic skits replete with elaborate live sound effects. The show was punctuated by spoof commercial spots from fictitious sponsors such as Powdermilk Biscuits. The show also contains parodic serial melodramas, such as The Adventures of Guy Noir, Private Eye and The Lives of the Cowboys. Keillor voices Noir and other recurring characters, and also provides vocals for some of the show's musical numbers.A Prairie Home Companion ran until 1987, when Keillor decided to end it to focus on other projects. In 1989, he launched another live radio program from New York City, ""The American Radio Company of the Air"" — which had almost the same format as A Prairie Home Companion's. In 1992, he moved ARC back to St. Paul, and a year later changed the name back to A Prairie Home Companion; it has remained a Saturday night fixture ever since.Keillor has been called ""[o]ne of the most perceptive and witty commentators about Midwestern life"" by Randall Balmer in Encyclopedia of Evangelicalism. He has written numerous magazine and newspaper articles and more than a dozen books for adults as well as children. He has also written for Salon.com and authored an advice column at Salon.com under the name ""Mr. Blue.""In 2004 Keillor published a collection of political essays, Homegrown Democrat: A Few Plain Thoughts from the Heart of America, and in June 2005 he began a column called ""The Old Scout"", which ran at Salon.com and in syndicated newspapers. The column went on hiatus in April 2010.Keillor wrote the screenplay for the 2006 movie A Prairie Home Companion, directed by Robert Altman. (Keillor also appears in the movie.)",,2026-10-06T07:03:53+00:00
Quotes to Scrape,https://quotes.toscrape.com/page/3/,Beauty is in the eye of the beholder and it may be necessary from time to time to give a stupid or misinformed beholder a black eye.,,,,,Jim Henson,humor,"James Maury ""Jim"" Henson was the most widely known puppeteer in American television history. He was the creator of The Muppets and the leading force behind their long creative run in the television series Sesame Street and The Muppet Show and films such as The Muppet Movie (1979) and The Dark Crystal (1982). He was also an Oscar-nominated film director, Emmy Award-winning television producer, and the founder of The Jim Henson Company, the Jim Henson Foundation, and Jim Henson's Creature Shop. Henson is widely acknowledged for the ongoing vision of faith, friendship, magic, and love which infused nearly all of his work.When Henson died on May 16, 1990, his sudden death resulted in an outpouring of public and professional affection. There have since been numerous tributes and dedications in his memory. Henson’s companies, which are now run by his children, continue to produce films and television shows.Humanitarian, muppeteer, producer and director of films for children that encourage tolerance, interracial values, equality and fair play. He was awarded the Courage of Conscience award September 26, 1992.",,2026-10-06T07:03:53+00:00
Quotes to Scrape,https://quotes.toscrape.com/page/3/,"Today you are You, that is truer than true. There is no one alive who is Youer than You.",,,,,Dr. Seuss,comedy|life|yourself,"Theodor Seuss Geisel was born 2 March 1904 in Springfield, MA. He graduated Dartmouth College in 1925, and proceeded on to Oxford University with the intent of acquiring a doctorate in literature. At Oxford he met Helen Palmer, who he wed in 1927. He returned from Europe in 1927, and began working for a magazine called Judge, the leading humor magazine in America at the time, submitting both cartoons and humorous articles for them. Additionally, he was submitting cartoons to Life, Vanity Fair and Liberty. In some of his works, he'd made reference to an insecticide called Flit. These references gained notice, and led to a contract to draw comic ads for Flit. This association lasted 17 years, gained him national exposure, and coined the catchphrase ""Quick, Henry, the Flit!"" In 1936 on the way to a vaction in Europe, listening to the rhythm of the ship's engines, he came up with And to Think That I Saw It on Mulberry Street, which was then promptly rejected by the first 43 publishers he showed it to. Eventually in 1937 a friend published the book for him, and it went on to at least moderate success. During WW II, Geisel joined the army and was sent to Hollywood. Captain Geisel would write for Frank Capra's Signal Corps Unit (for which he won the Legion of Merit) and do documentaries (he won Oscar's for Hitler Lives and Design for Death). He also created a cartoon called Gerald McBoing-Boing which also won him an Oscar. In May of 1954, Life published a report concerning illiteracy among school children. The report said, among other things, that children were having trouble to read because their books were boring. This inspired Geisel's publisher, and prompted him to send Geisel a list of 400 words he felt were important, asked him to cut the list to 250 words (the publishers idea of how many words at one time a first grader could absorb), and write a book. Nine months later, Geisel, using 220 of the words given to him published The Cat in the Hat, which went on to instant success. In 1960 Bennett Cerf bet Geisel $50 that he couldn't write an entire book using only fifty words. The result was Green Eggs and Ham. Cerf never paid the $50 from the bet. Helen Palmer Geisel died in 1967. Theodor Geisel married Audrey Stone Diamond in 1968. Theodor Seuss Geisel died 24 September 1991. Also worked under the pen name:Theo Le Sieg",,2026-10-06T07:03:53+00:00
Quotes to Scrape,https://quotes.toscrape.com/page/3/,"If you want your children to be intelligent, read them fairy tales. If you want them to be more intelligent, read them more fairy tales.",,,,,Albert Einstein,children|fairy-tales,"In 1879, Albert Einstein was born in Ulm, Germany. He completed his Ph.D. at the University of Zurich by 1909. His 1905 paper explaining the photoelectric effect, the basis of electronics, earned him the Nobel Prize in 1921. His first paper on Special Relativity Theory, also published in 1905, changed the world. After the rise of the Nazi party, Einstein made Princeton his permanent home, becoming a U.S. citizen in 1940. Einstein, a pacifist during World War I, stayed a firm proponent of social justice and responsibility. He chaired the Emergency Committee of Atomic Scientists, which organized to alert the public to the dangers of atomic warfare.At a symposium, he advised: ""In their struggle for the ethical good, teachers of religion must have the stature to give up the doctrine of a personal God, that is, give up that source of fear and hope which in the past placed such vast power in the hands of priests. In their labors they will have to avail themselves of those forces which are capable of cultivating the Good, the True, and the Beautiful in humanity itself. This is, to be sure a more difficult but an incomparably more worthy task . . . "" (""Science, Philosophy and Religion, A Symposium,"" published by the Conference on Science, Philosophy and Religion in their Relation to the Democratic Way of Life, Inc., New York, 1941). In a letter to philosopher Eric Gutkind, dated Jan. 3, 1954, Einstein stated: ""The word god is for me nothing more than the expression and product of human weaknesses, the Bible a collection of honorable, but still primitive legends which are nevertheless pretty childish. No interpretation no matter how subtle can (for me) change this,"" (The Guardian, ""Childish superstition: Einstein's letter makes view of religion relatively clear,"" by James Randerson, May 13, 2008). D. 1955.While best known for his mass–energy equivalence formula E = mc2 (which has been dubbed ""the world's most famous equation""), he received the 1921 Nobel Prize in Physics ""for his services to theoretical physics, and especially for his discovery of the law of the photoelectric effect"". The latter was pivotal in establishing quantum theory.Einstein thought that Newtonion mechanics was no longer enough to reconcile the laws of classical mechanics with the laws of the electromagnetic field. This led to the development of his special theory of relativity. He realized, however, that the principle of relativity could also be extended to gravitational fields, and with his subsequent theory of gravitation in 1916, he published a paper on the general theory of relativity. He continued to deal with problems of statistical mechanics and quantum theory, which led to his explanations of particle theory and the motion of molecules. He also investigated the thermal properties of light which laid the foundation of the photon theory of light.He was visiting the United States when Adolf Hitler came to power in 1933 and did not go back to Germany. On the eve of World War II, he endorsed a letter to President Franklin D. Roosevelt alerting him to the potential development of ""extremely powerful bombs of a new type"" and recommending that the U.S. begin similar research. This eventually led to what would become the Manhattan Project. Einstein supported defending the Allied forces, but largely denounced the idea of using the newly discovered nuclear fission as a weapon. Later, with Bertrand Russell, Einstein signed the Russell–Einstein Manifesto, which highlighted the danger of nuclear weapons. Einstein was affiliated with the Institute for Advanced Study in Princeton, New Jersey, until his death in 1955.His great intellectual achievements and originality have made the word ""Einstein"" synonymous with genius.More: http://en.wikipedia.org/wiki/Albert_E...http://www.nobelprize.org/nobel_prize...",,2026-10-06T07:03:53+00:00
Quotes to Scrape,https://quotes.toscrape.com/page/3/,"It is impossible to live without failing at something, unless you live so cautiously that you might as well not have lived at all - in which case, you fail by default.",,,,,J.K. Rowling,,"See also: Robert GalbraithAlthough she writes under the pen name J.K. Rowling, pronounced like rolling, her name when her first Harry Potter book was published was simply Joanne Rowling. Anticipating that the target audience of young boys might not want to read a book written by a woman, her publishers demanded that she use two initials, rather than her full name. As she had no middle name, she chose K as the second initial of her pen name, from her paternal grandmother Kathleen Ada Bulgen Rowling. She calls herself Jo and has said, ""No one ever called me 'Joanne' when I was young, unless they were angry."" Following her marriage, she has sometimes used the name Joanne Murray when conducting personal business. During the Leveson Inquiry she gave evidence under the name of Joanne Kathleen Rowling. In a 2012 interview, Rowling noted that she no longer cared that people pronounced her name incorrectly.Rowling was born to Peter James Rowling, a Rolls-Royce aircraft engineer, and Anne Rowling (née Volant), on 31 July 1965 in Yate, Gloucestershire, England, 10 miles (16 km) northeast of Bristol. Her mother Anne was half-French and half-Scottish. Her parents first met on a train departing from King's Cross Station bound for Arbroath in 1964. They married on 14 March 1965. Her mother's maternal grandfather, Dugald Campbell, was born in Lamlash on the Isle of Arran. Her mother's paternal grandfather, Louis Volant, was awarded the Croix de Guerre for exceptional bravery in defending the village of Courcelles-le-Comte during the First World War.Rowling's sister Dianne was born at their home when Rowling was 23 months old. The family moved to the nearby village Winterbourne when Rowling was four. She attended St Michael's Primary School, a school founded by abolitionist William Wilberforce and education reformer Hannah More. Her headmaster at St Michael's, Alfred Dunn, has been suggested as the inspiration for the Harry Potter headmaster Albus Dumbledore.As a child, Rowling often wrote fantasy stories, which she would usually then read to her sister. She recalls that: ""I can still remember me telling her a story in which she fell down a rabbit hole and was fed strawberries by the rabbit family inside it. Certainly the first story I ever wrote down (when I was five or six) was about a rabbit called Rabbit. He got the measles and was visited by his friends, including a giant bee called Miss Bee."" At the age of nine, Rowling moved to Church Cottage in the Gloucestershire village of Tutshill, close to Chepstow, Wales. When she was a young teenager, her great aunt, who Rowling said ""taught classics and approved of a thirst for knowledge, even of a questionable kind,"" gave her a very old copy of Jessica Mitford's autobiography, Hons and Rebels. Mitford became Rowling's heroine, and Rowling subsequently read all of her books.Rowling has said of her teenage years, in an interview with The New Yorker, ""I wasn’t particularly happy. I think it’s a dreadful time of life."" She had a difficult homelife; her mother was ill and she had a difficult relationship with her father (she is no longer on speaking terms with him). She attended secondary school at Wyedean School and College, where her mother had worked as a technician in the science department. Rowling said of her adolescence, ""Hermione [a bookish, know-it-all Harry Potter character] is loosely based on me. She's a caricature of me when I was eleven, which I'm not particularly proud of."" Steve Eddy, who taught Rowling English when she first arrived, remembers her as ""not exceptional"" but ""one of a group of girls who were bright, and quite good at English."" Sean Harris, her best friend in the Upper Sixth owned a turquoise Ford Anglia, which she says inspired the one in her books.",,2026-10-06T07:03:53+00:00
Quotes to Scrape,https://quotes.toscrape.com/page/3/,Logic will get you from A to Z; imagination will get you everywhere.,,,,,Albert Einstein,imagination,"In 1879, Albert Einstein was born in Ulm, Germany. He completed his Ph.D. at the University of Zurich by 1909. His 1905 paper explaining the photoelectric effect, the basis of electronics, earned him the Nobel Prize in 1921. His first paper on Special Relativity Theory, also published in 1905, changed the world. After the rise of the Nazi party, Einstein made Princeton his permanent home, becoming a U.S. citizen in 1940. Einstein, a pacifist during World War I, stayed a firm proponent of social justice and responsibility. He chaired the Emergency Committee of Atomic Scientists, which organized to alert the public to the dangers of atomic warfare.At a symposium, he advised: ""In their struggle for the ethical good, teachers of religion must have the stature to give up the doctrine of a personal God, that is, give up that source of fear and hope which in the past placed such vast power in the hands of priests. In their labors they will have to avail themselves of those forces which are capable of cultivating the Good, the True, and the Beautiful in humanity itself. This is, to be sure a more difficult but an incomparably more worthy task . . . "" (""Science, Philosophy and Religion, A Symposium,"" published by the Conference on Science, Philosophy and Religion in their Relation to the Democratic Way of Life, Inc., New York, 1941). In a letter to philosopher Eric Gutkind, dated Jan. 3, 1954, Einstein stated: ""The word god is for me nothing more than the expression and product of human weaknesses, the Bible a collection of honorable, but still primitive legends which are nevertheless pretty childish. No interpretation no matter how subtle can (for me) change this,"" (The Guardian, ""Childish superstition: Einstein's letter makes view of religion relatively clear,"" by James Randerson, May 13, 2008). D. 1955.While best known for his mass–energy equivalence formula E = mc2 (which has been dubbed ""the world's most famous equation""), he received the 1921 Nobel Prize in Physics ""for his services to theoretical physics, and especially for his discovery of the law of the photoelectric effect"". The latter was pivotal in establishing quantum theory.Einstein thought that Newtonion mechanics was no longer enough to reconcile the laws of classical mechanics with the laws of the electromagnetic field. This led to the development of his special theory of relativity. He realized, however, that the principle of relativity could also be extended to gravitational fields, and with his subsequent theory of gravitation in 1916, he published a paper on the general theory of relativity. He continued to deal with problems of statistical mechanics and quantum theory, which led to his explanations of particle theory and the motion of molecules. He also investigated the thermal properties of light which laid the foundation of the photon theory of light.He was visiting the United States when Adolf Hitler came to power in 1933 and did not go back to Germany. On the eve of World War II, he endorsed a letter to President Franklin D. Roosevelt alerting him to the potential development of ""extremely powerful bombs of a new type"" and recommending that the U.S. begin similar research. This eventually led to what would become the Manhattan Project. Einstein supported defending the Allied forces, but largely denounced the idea of using the newly discovered nuclear fission as a weapon. Later, with Bertrand Russell, Einstein signed the Russell–Einstein Manifesto, which highlighted the danger of nuclear weapons. Einstein was affiliated with the Institute for Advanced Study in Princeton, New Jersey, until his death in 1955.His great intellectual achievements and originality have made the word ""Einstein"" synonymous with genius.More: http://en.wikipedia.org/wiki/Albert_E...http://www.nobelprize.org/nobel_prize...",,2026-10-06T07:03:53+00:00
Quotes to Scrape,https://quotes.toscrape.com/page/3/,"One good thing about music, when it hits you, you feel no pain.",,,,,Bob Marley,music,"Robert ""Bob"" Nesta Marley OM was a Jamaican singer, songwriter, guitarist, and activist. He was the frontman, lead singer, songwriter and guitarist for the ska, rocksteady and reggae bands: The Wailers (1964 – 1974) and Bob Marley & the Wailers (1974 - 1981). He is the most widely known performer of ska/reggae music, and is often credited for helping spread Jamaican music to the worldwide audience.Marley's best known hits includes ""I Shot the Sheriff"", ""No Woman, No Cry"", ""Exodus"", ""Could You Be Loved"", ""Stir It Up"", ""Jamming"", ""Redemption Song"", and ""One Love"", as well as the posthumous releases ""Buffalo Soldier"" och ""Iron Lion Zion"". The compilation album, Legend, released in 1984, three years after Marley's death, is the best-selling reggae album ever (10 times platinum), with sales of more than 12 million copies.",,2026-10-06T07:03:53+00:00
Quotes to Scrape,https://quotes.toscrape.com/page/4/,"The more that you read, the more things you will know. The more that you learn, the more places you'll go.",,,,,Dr. Seuss,learning|reading|seuss,"Theodor Seuss Geisel was born 2 March 1904 in Springfield, MA. He graduated Dartmouth College in 1925, and proceeded on to Oxford University with the intent of acquiring a doctorate in literature. At Oxford he met Helen Palmer, who he wed in 1927. He returned from Europe in 1927, and began working for a magazine called Judge, the leading humor magazine in America at the time, submitting both cartoons and humorous articles for them. Additionally, he was submitting cartoons to Life, Vanity Fair and Liberty. In some of his works, he'd made reference to an insecticide called Flit. These references gained notice, and led to a contract to draw comic ads for Flit. This association lasted 17 years, gained him national exposure, and coined the catchphrase ""Quick, Henry, the Flit!"" In 1936 on the way to a vaction in Europe, listening to the rhythm of the ship's engines, he came up with And to Think That I Saw It on Mulberry Street, which was then promptly rejected by the first 43 publishers he showed it to. Eventually in 1937 a friend published the book for him, and it went on to at least moderate success. During WW II, Geisel joined the army and was sent to Hollywood. Captain Geisel would write for Frank Capra's Signal Corps Unit (for which he won the Legion of Merit) and do documentaries (he won Oscar's for Hitler Lives and Design for Death). He also created a cartoon called Gerald McBoing-Boing which also won him an Oscar. In May of 1954, Life published a report concerning illiteracy among school children. The report said, among other things, that children were having trouble to read because their books were boring. This inspired Geisel's publisher, and prompted him to send Geisel a list of 400 words he felt were important, asked him to cut the list to 250 words (the publishers idea of how many words at one time a first grader could absorb), and write a book. Nine months later, Geisel, using 220 of the words given to him published The Cat in the Hat, which went on to instant success. In 1960 Bennett Cerf bet Geisel $50 that he couldn't write an entire book using only fifty words. The result was Green Eggs and Ham. Cerf never paid the $50 from the bet. Helen Palmer Geisel died in 1967. Theodor Geisel married Audrey Stone Diamond in 1968. Theodor Seuss Geisel died 24 September 1991. Also worked under the pen name:Theo Le Sieg",,2026-10-06T07:03:53+00:00
Quotes to Scrape,https://quotes.toscrape.com/page/4/,"Of course it is happening inside your head, Harry, but why on earth should that mean that it is not real?",,,,,J.K. Rowling,dumbledore,"See also: Robert GalbraithAlthough she writes under the pen name J.K. Rowling, pronounced like rolling, her name when her first Harry Potter book was published was simply Joanne Rowling. Anticipating that the target audience of young boys might not want to read a book written by a woman, her publishers demanded that she use two initials, rather than her full name. As she had no middle name, she chose K as the second initial of her pen name, from her paternal grandmother Kathleen Ada Bulgen Rowling. She calls herself Jo and has said, ""No one ever called me 'Joanne' when I was young, unless they were angry."" Following her marriage, she has sometimes used the name Joanne Murray when conducting personal business. During the Leveson Inquiry she gave evidence under the name of Joanne Kathleen Rowling. In a 2012 interview, Rowling noted that she no longer cared that people pronounced her name incorrectly.Rowling was born to Peter James Rowling, a Rolls-Royce aircraft engineer, and Anne Rowling (née Volant), on 31 July 1965 in Yate, Gloucestershire, England, 10 miles (16 km) northeast of Bristol. Her mother Anne was half-French and half-Scottish. Her parents first met on a train departing from King's Cross Station bound for Arbroath in 1964. They married on 14 March 1965. Her mother's maternal grandfather, Dugald Campbell, was born in Lamlash on the Isle of Arran. Her mother's paternal grandfather, Louis Volant, was awarded the Croix de Guerre for exceptional bravery in defending the village of Courcelles-le-Comte during the First World War.Rowling's sister Dianne was born at their home when Rowling was 23 months old. The family moved to the nearby village Winterbourne when Rowling was four. She attended St Michael's Primary School, a school founded by abolitionist William Wilberforce and education reformer Hannah More. Her headmaster at St Michael's, Alfred Dunn, has been suggested as the inspiration for the Harry Potter headmaster Albus Dumbledore.As a child, Rowling often wrote fantasy stories, which she would usually then read to her sister. She recalls that: ""I can still remember me telling her a story in which she fell down a rabbit hole and was fed strawberries by the rabbit family inside it. Certainly the first story I ever wrote down (when I was five or six) was about a rabbit called Rabbit. He got the measles and was visited by his friends, including a giant bee called Miss Bee."" At the age of nine, Rowling moved to Church Cottage in the Gloucestershire village of Tutshill, close to Chepstow, Wales. When she was a young teenager, her great aunt, who Rowling said ""taught classics and approved of a thirst for knowledge, even of a questionable kind,"" gave her a very old copy of Jessica Mitford's autobiography, Hons and Rebels. Mitford became Rowling's heroine, and Rowling subsequently read all of her books.Rowling has said of her teenage years, in an interview with The New Yorker, ""I wasn’t particularly happy. I think it’s a dreadful time of life."" She had a difficult homelife; her mother was ill and she had a difficult relationship with her father (she is no longer on speaking terms with him). She attended secondary school at Wyedean School and College, where her mother had worked as a technician in the science department. Rowling said of her adolescence, ""Hermione [a bookish, know-it-all Harry Potter character] is loosely based on me. She's a caricature of me when I was eleven, which I'm not particularly proud of."" Steve Eddy, who taught Rowling English when she first arrived, remembers her as ""not exceptional"" but ""one of a group of girls who were bright, and quite good at English."" Sean Harris, her best friend in the Upper Sixth owned a turquoise Ford Anglia, which she says inspired the one in her books.",,2026-10-06T07:03:53+00:00
Quotes to Scrape,https://quotes.toscrape.com/page/4/,"The truth is, everyone is going to hurt you. You just got to find the ones worth suffering for.",,,,,Bob Marley,friendship,"Robert ""Bob"" Nesta Marley OM was a Jamaican singer, songwriter, guitarist, and activist. He was the frontman, lead singer, songwriter and guitarist for the ska, rocksteady and reggae bands: The Wailers (1964 – 1974) and Bob Marley & the Wailers (1974 - 1981). He is the most widely known performer of ska/reggae music, and is often credited for helping spread Jamaican music to the worldwide audience.Marley's best known hits includes ""I Shot the Sheriff"", ""No Woman, No Cry"", ""Exodus"", ""Could You Be Loved"", ""Stir It Up"", ""Jamming"", ""Redemption Song"", and ""One Love"", as well as the posthumous releases ""Buffalo Soldier"" och ""Iron Lion Zion"". The compilation album, Legend, released in 1984, three years after Marley's death, is the best-selling reggae album ever (10 times platinum), with sales of more than 12 million copies.",,2026-10-06T07:03:53+00:00
Quotes to Scrape,https://quotes.toscrape.com/page/4/,Not all of us can do great things. But we can do small things with great love.,,,,,Mother Teresa,misattributed-to-mother-teresa|paraphrased,"Blessed Teresa of Calcutta, or Mother Teresa, born Agnes Gonxha Bojaxhiu was an Albanian Roman Catholic nun who founded the Missionaries of Charity in Kolkata (Calcutta), India in 1950. For over forty years she ministered to the poor, sick, orphaned, and dying, while guiding the Missionaries of Charity's expansion, first throughout India and then in other countries.By the 1970s she had become internationally famed as a humanitarian and advocate for the poor and helpless, due in part to a documentary, and book, Something Beautiful for God by Malcolm Muggeridge. She won the Nobel Peace Prize in 1979 and India's highest civilian honour, the Bharat Ratna, in 1980 for her humanitarian work. Mother Teresa's Missionaries of Charity continued to expand, and at the time of her death it was operating 610 missions in 123 countries, including hospices and homes for people with HIV/AIDS, leprosy and tuberculosis, soup kitchens, children's and family counseling programs, orphanages, and schools.Following her death she was beatified by Pope John Paul II and given the title Blessed Teresa of Calcutta.",,2026-10-06T07:03:53+00:00
Quotes to Scrape,https://quotes.toscrape.com/page/4/,"To the well-organized mind, death is but the next great adventure.",,,,,J.K. Rowling,death|inspirational,"See also: Robert GalbraithAlthough she writes under the pen name J.K. Rowling, pronounced like rolling, her name when her first Harry Potter book was published was simply Joanne Rowling. Anticipating that the target audience of young boys might not want to read a book written by a woman, her publishers demanded that she use two initials, rather than her full name. As she had no middle name, she chose K as the second initial of her pen name, from her paternal grandmother Kathleen Ada Bulgen Rowling. She calls herself Jo and has said, ""No one ever called me 'Joanne' when I was young, unless they were angry."" Following her marriage, she has sometimes used the name Joanne Murray when conducting personal business. During the Leveson Inquiry she gave evidence under the name of Joanne Kathleen Rowling. In a 2012 interview, Rowling noted that she no longer cared that people pronounced her name incorrectly.Rowling was born to Peter James Rowling, a Rolls-Royce aircraft engineer, and Anne Rowling (née Volant), on 31 July 1965 in Yate, Gloucestershire, England, 10 miles (16 km) northeast of Bristol. Her mother Anne was half-French and half-Scottish. Her parents first met on a train departing from King's Cross Station bound for Arbroath in 1964. They married on 14 March 1965. Her mother's maternal grandfather, Dugald Campbell, was born in Lamlash on the Isle of Arran. Her mother's paternal grandfather, Louis Volant, was awarded the Croix de Guerre for exceptional bravery in defending the village of Courcelles-le-Comte during the First World War.Rowling's sister Dianne was born at their home when Rowling was 23 months old. The family moved to the nearby village Winterbourne when Rowling was four. She attended St Michael's Primary School, a school founded by abolitionist William Wilberforce and education reformer Hannah More. Her headmaster at St Michael's, Alfred Dunn, has been suggested as the inspiration for the Harry Potter headmaster Albus Dumbledore.As a child, Rowling often wrote fantasy stories, which she would usually then read to her sister. She recalls that: ""I can still remember me telling her a story in which she fell down a rabbit hole and was fed strawberries by the rabbit family inside it. Certainly the first story I ever wrote down (when I was five or six) was about a rabbit called Rabbit. He got the measles and was visited by his friends, including a giant bee called Miss Bee."" At the age of nine, Rowling moved to Church Cottage in the Gloucestershire village of Tutshill, close to Chepstow, Wales. When she was a young teenager, her great aunt, who Rowling said ""taught classics and approved of a thirst for knowledge, even of a questionable kind,"" gave her a very old copy of Jessica Mitford's autobiography, Hons and Rebels. Mitford became Rowling's heroine, and Rowling subsequently read all of her books.Rowling has said of her teenage years, in an interview with The New Yorker, ""I wasn’t particularly happy. I think it’s a dreadful time of life."" She had a difficult homelife; her mother was ill and she had a difficult relationship with her father (she is no longer on speaking terms with him). She attended secondary school at Wyedean School and College, where her mother had worked as a technician in the science department. Rowling said of her adolescence, ""Hermione [a bookish, know-it-all Harry Potter character] is loosely based on me. She's a caricature of me when I was eleven, which I'm not particularly proud of."" Steve Eddy, who taught Rowling English when she first arrived, remembers her as ""not exceptional"" but ""one of a group of girls who were bright, and quite good at English."" Sean Harris, her best friend in the Upper Sixth owned a turquoise Ford Anglia, which she says inspired the one in her books.",,2026-10-06T07:03:53+00:00
Quotes to Scrape,https://quotes.toscrape.com/page/4/,All you need is love. But a little chocolate now and then doesn't hurt.,,,,,Charles M. Schulz,chocolate|food|humor,"Charles Monroe Schulz was an American cartoonist, whose comic strip Peanuts proved one of the most popular and influential in the history of the medium, and is still widely reprinted on a daily basis.Schulz's first regular cartoons, Li'l Folks, were published from 1947 to 1950 by the St. Paul Pioneer Press; he first used the name Charlie Brown for a character there, although he applied the name in four gags to three different boys and one buried in sand. The series also had a dog that looked much like Snoopy. In 1948, Schulz sold a cartoon to The Saturday Evening Post; the first of 17 single-panel cartoons by Schulz that would be published there. In 1948, Schulz tried to have Li'l Folks syndicated through the Newspaper Enterprise Association. Schulz would have been an independent contractor for the syndicate, unheard of in the 1940s, but the deal fell through. Li'l Folks was dropped from the Pioneer Press in January, 1950.Later that year, Schulz approached the United Feature Syndicate with his best strips from Li'l Folks, and Peanuts made its first appearance on October 2, 1950. The strip became one of the most popular comic strips of all time. He also had a short-lived sports-oriented comic strip called It's Only a Game (1957–1959), but he abandoned it due to the demands of the successful Peanuts. From 1956 to 1965 he contributed a single-panel strip (""Young Pillars"") featuring teenagers to Youth, a publication associated with the Church of God.Peanuts ran for nearly 50 years, almost without interruption; during the life of the strip, Schulz took only one vacation, a five-week break in late 1997. At its peak, Peanuts appeared in more than 2,600 newspapers in 75 countries. Schulz stated that his routine every morning consisted of eating a jelly donut and sitting down to write the day's strip. After coming up with an idea (which he said could take anywhere from a few minutes to a few hours), he began drawing it, which took about an hour for dailies and three hours for Sunday strips. He stubbornly refused to hire an inker or letterer, saying that ""it would be equivalent to a golfer hiring a man to make his putts for him."" In November 1999 Schulz suffered a stroke, and later it was discovered that he had colon cancer that had metastasized. Because of the chemotherapy and the fact he could not read or see clearly, he announced his retirement on December 14, 1999. Schulz often touched on religious themes in his work, including the classic television cartoon, A Charlie Brown Christmas (1965), which features the character Linus van Pelt quoting the King James Version of the Bible Luke 2:8-14 to explain ""what Christmas is all about."" In personal interviews Schulz mentioned that Linus represented his spiritual side. Schulz, reared in the Lutheran faith, had been active in the Church of God as a young adult and then later taught Sunday school at a United Methodist Church. In the 1960s, Robert L. Short interpreted certain themes and conversations in Peanuts as being consistent with parts of Christian theology, and used them as illustrations during his lectures about the gospel, as he explained in his bestselling paperback book, The Gospel According to Peanuts, the first of several books he wrote on religion and Peanuts, and other popular culture items.From the late 1980s, however, Schulz described himself in interviews as a ""secular humanist"": “I do not go to church anymore... I guess you might say I've come around to secular humanism, an obligation I believe all humans have to others and the world we live in.”",,2026-10-06T07:03:53+00:00
Quotes to Scrape,https://quotes.toscrape.com/page/4/,We read to know we're not alone.,,,,,William Nicholson,misattributed-to-c-s-lewis|reading,"Librarian Note: There is more than one author in the GoodReads database with this name. See this thread for more information. William Nicholson was born in 1948, and grew up in Sussex and Gloucestershire. His plays for television include Shadowlands and Life Story , both of which won the BAFTA Best Television Drama award in their year; other award-winners were Sweet As You Are and The March . In 1988 he received the Royal Television Society's Writer's Award. His first play, an adaptation of Shadowlands for the stage, was Evening Standard Best Play of 1990, and went on to a Tony Award winning run on Broadway. He was nominated for an Oscar for the screenplay of the film version, which was directed by Richard Attenborough and starred Anthony Hopkins and Debra Winger.Since then he has written more films - Sarafina, Nell, First Knight, Grey Owl , and Gladiator (as co-writer), for which he received a second Oscar nomination. He has written and directed his own film, Firelight ; and three further stage plays, Map of the Heart , Katherine Howard and The Retreat from Moscow , which ran for five months on Broadway and received three Tony Award nominations.His novel for older children, The Wind Singer, won the Smarties Prize Gold Award on publication in 2000, and the Blue Peter Book of the Year Award in 2001. Its sequel, Slaves of the Mastery , was published in May 2001, and the final volume in the trilogy, Firesong , in May 2002. The trilogy has been sold in every major foreign market, from the US to China.He is now at work on a new sequence of novels for older children, called The Noble Warriors . The first book, Seeker , was published in the UK in September 2005.The second book, Jango, in 2006 and the third book NOMAN, will be published in September 2007.His novels for adults are The Society of Others (April 2004) and The Trial of True Love (April 2005).He lives in Sussex with his wife Virginia and their three children.from williamnicholson.co.uk",,2026-10-06T07:03:53+00:00
Quotes to Scrape,https://quotes.toscrape.com/page/4/,Any fool can know. The point is to understand.,,,,,Albert Einstein,knowledge|learning|understanding|wisdom,"In 1879, Albert Einstein was born in Ulm, Germany. He completed his Ph.D. at the University of Zurich by 1909. His 1905 paper explaining the photoelectric effect, the basis of electronics, earned him the Nobel Prize in 1921. His first paper on Special Relativity Theory, also published in 1905, changed the world. After the rise of the Nazi party, Einstein made Princeton his permanent home, becoming a U.S. citizen in 1940. Einstein, a pacifist during World War I, stayed a firm proponent of social justice and responsibility. He chaired the Emergency Committee of Atomic Scientists, which organized to alert the public to the dangers of atomic warfare.At a symposium, he advised: ""In their struggle for the ethical good, teachers of religion must have the stature to give up the doctrine of a personal God, that is, give up that source of fear and hope which in the past placed such vast power in the hands of priests. In their labors they will have to avail themselves of those forces which are capable of cultivating the Good, the True, and the Beautiful in humanity itself. This is, to be sure a more difficult but an incomparably more worthy task . . . "" (""Science, Philosophy and Religion, A Symposium,"" published by the Conference on Science, Philosophy and Religion in their Relation to the Democratic Way of Life, Inc., New York, 1941). In a letter to philosopher Eric Gutkind, dated Jan. 3, 1954, Einstein stated: ""The word god is for me nothing more than the expression and product of human weaknesses, the Bible a collection of honorable, but still primitive legends which are nevertheless pretty childish. No interpretation no matter how subtle can (for me) change this,"" (The Guardian, ""Childish superstition: Einstein's letter makes view of religion relatively clear,"" by James Randerson, May 13, 2008). D. 1955.While best known for his mass–energy equivalence formula E = mc2 (which has been dubbed ""the world's most famous equation""), he received the 1921 Nobel Prize in Physics ""for his services to theoretical physics, and especially for his discovery of the law of the photoelectric effect"". The latter was pivotal in establishing quantum theory.Einstein thought that Newtonion mechanics was no longer enough to reconcile the laws of classical mechanics with the laws of the electromagnetic field. This led to the development of his special theory of relativity. He realized, however, that the principle of relativity could also be extended to gravitational fields, and with his subsequent theory of gravitation in 1916, he published a paper on the general theory of relativity. He continued to deal with problems of statistical mechanics and quantum theory, which led to his explanations of particle theory and the motion of molecules. He also investigated the thermal properties of light which laid the foundation of the photon theory of light.He was visiting the United States when Adolf Hitler came to power in 1933 and did not go back to Germany. On the eve of World War II, he endorsed a letter to President Franklin D. Roosevelt alerting him to the potential development of ""extremely powerful bombs of a new type"" and recommending that the U.S. begin similar research. This eventually led to what would become the Manhattan Project. Einstein supported defending the Allied forces, but largely denounced the idea of using the newly discovered nuclear fission as a weapon. Later, with Bertrand Russell, Einstein signed the Russell–Einstein Manifesto, which highlighted the danger of nuclear weapons. Einstein was affiliated with the Institute for Advanced Study in Princeton, New Jersey, until his death in 1955.His great intellectual achievements and originality have made the word ""Einstein"" synonymous with genius.More: http://en.wikipedia.org/wiki/Albert_E...http://www.nobelprize.org/nobel_prize...",,2026-10-06T07:03:53+00:00
Quotes to Scrape,https://quotes.toscrape.com/page/4/,I have always imagined that Paradise will be a kind of library.,,,,,Jorge Luis Borges,books|library,"Jorge Francisco Isidoro Luis Borges Acevedo (Spanish pronunciation: [xoɾxe lwis boɾxes], Russian: Хорхе Луис Борхес) was an Argentine writer and poet born in Buenos Aires. In 1914, his family moved to Switzerland where he attended school and traveled to Spain. On his return to Argentina in 1921, Borges began publishing his poems and essays in Surrealist literary journals. He also worked as a librarian and public lecturer. Borges was fluent in several languages. He was a target of political persecution during the Peron regime and supported the military juntas that overthrew it.Due to a hereditary condition, Borges became blind in his late fifties. In 1955, he was appointed director of the National Public Library (Biblioteca Nacional) and professor of Literature at the University of Buenos Aires. In 1961, he came to international attention when he received the first International Publishers' Prize Prix Formentor. His work was translated and published widely in the United States and in Europe. He died in Geneva, Switzerland, in 1986.J. M. Coetzee said of Borges: ""He, more than anyone, renovated the language of fiction and thus opened the way to a remarkable generation of Spanish American novelists.""",,2026-10-06T07:03:53+00:00
Quotes to Scrape,https://quotes.toscrape.com/page/4/,It is never too late to be what you might have been.,,,,,George Eliot,inspirational,"In 1819, novelist George Eliot (nee Mary Ann Evans), was born at a farmstead in Nuneaton, Warwickshire, England, where her father was estate manager. Mary Ann, the youngest child and a favorite of her father's, received a good education for a young woman of her day. Influenced by a favorite governess, she became a religious evangelical as an adolescent. Her first published work was a religious poem. Through a family friend, she was exposed to Charles Hennell's An Inquiry into the Origins of Christianity. Unable to believe, she conscientiously gave up religion and stopped attending church. Her father shunned her, sending the broken-hearted young dependent to live with a sister until she promised to reexamine her feelings. Her intellectual views did not, however, change. She translated David Strauss' Das Leben Jesu, a monumental task, without signing her name to the 1846 work. After her father's death in 1849, Mary Ann traveled, then accepted an unpaid position with The Westminster Review. Despite a heavy workload, she translated Ludwig Feuerbach's The Essence of Christianity, the only book ever published under her real name. That year, the shy, respectable writer scandalized British society by sending notices to friends announcing she had entered a free ""union"" with George Henry Lewes, editor of The Leader, who was unable to divorce his first wife. They lived harmoniously together for the next 24 years, but suffered social ostracism and financial hardship. She became salaried and began writing essays and reviews for The Westminster Review. Renaming herself ""Marian"" in private life and adopting the nom de plume ""George Eliot,"" she began her impressive fiction career, including: Adam Bede (1859), The Mill on the Floss (1860), Silas Marner (1861), Romola (1863), and Middlemarch (1871). Themes included her humanist vision and strong heroines. Her poem, ""O May I Join the Choir Invisible"" expressed her views about non supernatural immortality: ""O may I join the choir invisible/ Of those immortal dead who live again/ In minds made better by their presence. . ."" D. 1880.Her 1872 work Middlemarch has been described by Martin Amis and Julian Barnes as the greatest novel in the English language.More: http://en.wikipedia.org/wiki/George_E...http://www.bbc.co.uk/history/historic...http://www.britannica.com/EBchecked/t...http://www.victorianweb.org/victorian...http://www.biography.com/people/georg...http://www.pbs.org/wgbh/masterpiece/d...",,2026-10-06T07:03:53+00:00
Quotes to Scrape,https://quotes.toscrape.com/page/5/,"A reader lives a thousand lives before he dies, said Jojen. The man who never reads lives only one.",,,,,George R.R. Martin,read|readers|reading|reading-books,"George R. R. Martin was born September 20, 1948, in Bayonne, New Jersey. His father was Raymond Collins Martin, a longshoreman, and his mother was Margaret Brady Martin. He has two sisters, Darleen Martin Lapinski and Janet Martin Patten. Martin attended Mary Jane Donohoe School and Marist High School. He began writing very young, selling monster stories to other neighborhood children for pennies, dramatic readings included. Later he became a comic book fan and collector in high school, and began to write fiction for comic fanzines (amateur fan magazines). Martin's first professional sale was made in 1970 at age 21: ""The Hero,"" sold to Galaxy, published in February, 1971 issue. Other sales followed. In 1970 Martin received a B.S. in Journalism from Northwestern University, Evanston, Illinois, graduating summa cum laude. He went on to complete a M.S. in Journalism in 1971, also from Northwestern. As a conscientious objector, Martin did alternative service 1972-1974 with VISTA, attached to Cook County Legal Assistance Foundation. He also directed chess tournaments for the Continental Chess Association from 1973-1976, and was a Journalism instructor at Clarke College, Dubuque, Iowa, from 1976-1978. He wrote part-time throughout the 1970s while working as a VISTA Volunteer, chess director, and teacher. In 1975 he married Gale Burnick. They divorced in 1979, with no children. Martin became a full-time writer in 1979. He was writer-in-residence at Clarke College from 1978-79. Moving on to Hollywood, Martin signed on as a story editor for Twilight Zone at CBS Television in 1986. In 1987 Martin became an Executive Story Consultant for Beauty and the Beast at CBS. In 1988 he became a Producer for Beauty and the Beast, then in 1989 moved up to Co-Supervising Producer. He was Executive Producer for Doorways, a pilot which he wrote for Columbia Pictures Television, which was filmed during 1992-93. Martin's present home is Santa Fe, New Mexico. He is a member of Science Fiction & Fantasy Writers of America (he was South-Central Regional Director 1977-1979, and Vice President 1996-1998), and of Writers' Guild of America, West. http://us.macmillan.com/author/george...",,2026-10-06T07:03:53+00:00
Quotes to Scrape,https://quotes.toscrape.com/page/5/,You can never get a cup of tea large enough or a book long enough to suit me.,,,,,C.S. Lewis,books|inspirational|reading|tea,"CLIVE STAPLES LEWIS (1898–1963) was one of the intellectual giants of the twentieth century and arguably one of the most influential writers of his day. He was a Fellow and Tutor in English Literature at Oxford University until 1954. He was unanimously elected to the Chair of Medieval and Renaissance Literature at Cambridge University, a position he held until his retirement. He wrote more than thirty books, allowing him to reach a vast audience, and his works continue to attract thousands of new readers every year. His most distinguished and popular accomplishments include Mere Christianity, Out of the Silent Planet, The Great Divorce, The Screwtape Letters, and the universally acknowledged classics The Chronicles of Narnia. To date, the Narnia books have sold over 100 million copies and been transformed into three major motion pictures.",,2026-10-06T07:03:53+00:00
Quotes to Scrape,https://quotes.toscrape.com/page/5/,You believe lies so you eventually learn to trust no one but yourself.,,,,,Marilyn Monroe,,"Marilyn Monroe (born Norma Jeane Mortenson; June 1, 1926 – August 5, 1962) was an American actress, model, and singer, who became a major sex symbol, starring in a number of commercially successful motion pictures during the 1950s and early 1960s.After spending much of her childhood in foster homes, Monroe began a career as a model, which led to a film contract in 1946 with Twentieth Century-Fox. Her early film appearances were minor, but her performances in The Asphalt Jungle and All About Eve (both 1950), drew attention. By 1952 she had her first leading role in Don't Bother to Knock and 1953 brought a lead in Niagara, a melodramatic film noir that dwelt on her seductiveness. Her ""dumb blonde"" persona was used to comic effect in subsequent films such as Gentlemen Prefer Blondes (1953), How to Marry a Millionaire (1953) and The Seven Year Itch (1955). Limited by typecasting, Monroe studied at the Actors Studio to broaden her range. Her dramatic performance in Bus Stop (1956) was hailed by critics and garnered a Golden Globe nomination. Her production company, Marilyn Monroe Productions, released The Prince and the Showgirl (1957), for which she received a BAFTA Award nomination and won a David di Donatello award. She received a Golden Globe Award for her performance in Some Like It Hot (1959). Monroe's last completed film was The Misfits, co-starring Clark Gable with screenplay by her then-husband, Arthur Miller.Marilyn was a passionate reader, owning four hundred books at the time of her death, and was often photographed with a book.The final years of Monroe's life were marked by illness, personal problems, and a reputation for unreliability and being difficult to work with. The circumstances of her death, from an overdose of barbiturates, have been the subject of conjecture. Though officially classified as a ""probable suicide"", the possibility of an accidental overdose, as well as of homicide, have not been ruled out. In 1999, Monroe was ranked as the sixth greatest female star of all time by the American Film Institute. In the decades following her death, she has often been cited as both a pop and a cultural icon as well as the quintessential American sex symbol.",,2026-10-06T07:03:53+00:00
Quotes to Scrape,https://quotes.toscrape.com/page/5/,"If you can make a woman laugh, you can make her do anything.",,,,,Marilyn Monroe,girls|love,"Marilyn Monroe (born Norma Jeane Mortenson; June 1, 1926 – August 5, 1962) was an American actress, model, and singer, who became a major sex symbol, starring in a number of commercially successful motion pictures during the 1950s and early 1960s.After spending much of her childhood in foster homes, Monroe began a career as a model, which led to a film contract in 1946 with Twentieth Century-Fox. Her early film appearances were minor, but her performances in The Asphalt Jungle and All About Eve (both 1950), drew attention. By 1952 she had her first leading role in Don't Bother to Knock and 1953 brought a lead in Niagara, a melodramatic film noir that dwelt on her seductiveness. Her ""dumb blonde"" persona was used to comic effect in subsequent films such as Gentlemen Prefer Blondes (1953), How to Marry a Millionaire (1953) and The Seven Year Itch (1955). Limited by typecasting, Monroe studied at the Actors Studio to broaden her range. Her dramatic performance in Bus Stop (1956) was hailed by critics and garnered a Golden Globe nomination. Her production company, Marilyn Monroe Productions, released The Prince and the Showgirl (1957), for which she received a BAFTA Award nomination and won a David di Donatello award. She received a Golden Globe Award for her performance in Some Like It Hot (1959). Monroe's last completed film was The Misfits, co-starring Clark Gable with screenplay by her then-husband, Arthur Miller.Marilyn was a passionate reader, owning four hundred books at the time of her death, and was often photographed with a book.The final years of Monroe's life were marked by illness, personal problems, and a reputation for unreliability and being difficult to work with. The circumstances of her death, from an overdose of barbiturates, have been the subject of conjecture. Though officially classified as a ""probable suicide"", the possibility of an accidental overdose, as well as of homicide, have not been ruled out. In 1999, Monroe was ranked as the sixth greatest female star of all time by the American Film Institute. In the decades following her death, she has often been cited as both a pop and a cultural icon as well as the quintessential American sex symbol.",,2026-10-06T07:03:53+00:00
Quotes to Scrape,https://quotes.toscrape.com/page/5/,"Life is like riding a bicycle. To keep your balance, you must keep moving.",,,,,Albert Einstein,life|simile,"In 1879, Albert Einstein was born in Ulm, Germany. He completed his Ph.D. at the University of Zurich by 1909. His 1905 paper explaining the photoelectric effect, the basis of electronics, earned him the Nobel Prize in 1921. His first paper on Special Relativity Theory, also published in 1905, changed the world. After the rise of the Nazi party, Einstein made Princeton his permanent home, becoming a U.S. citizen in 1940. Einstein, a pacifist during World War I, stayed a firm proponent of social justice and responsibility. He chaired the Emergency Committee of Atomic Scientists, which organized to alert the public to the dangers of atomic warfare.At a symposium, he advised: ""In their struggle for the ethical good, teachers of religion must have the stature to give up the doctrine of a personal God, that is, give up that source of fear and hope which in the past placed such vast power in the hands of priests. In their labors they will have to avail themselves of those forces which are capable of cultivating the Good, the True, and the Beautiful in humanity itself. This is, to be sure a more difficult but an incomparably more worthy task . . . "" (""Science, Philosophy and Religion, A Symposium,"" published by the Conference on Science, Philosophy and Religion in their Relation to the Democratic Way of Life, Inc., New York, 1941). In a letter to philosopher Eric Gutkind, dated Jan. 3, 1954, Einstein stated: ""The word god is for me nothing more than the expression and product of human weaknesses, the Bible a collection of honorable, but still primitive legends which are nevertheless pretty childish. No interpretation no matter how subtle can (for me) change this,"" (The Guardian, ""Childish superstition: Einstein's letter makes view of religion relatively clear,"" by James Randerson, May 13, 2008). D. 1955.While best known for his mass–energy equivalence formula E = mc2 (which has been dubbed ""the world's most famous equation""), he received the 1921 Nobel Prize in Physics ""for his services to theoretical physics, and especially for his discovery of the law of the photoelectric effect"". The latter was pivotal in establishing quantum theory.Einstein thought that Newtonion mechanics was no longer enough to reconcile the laws of classical mechanics with the laws of the electromagnetic field. This led to the development of his special theory of relativity. He realized, however, that the principle of relativity could also be extended to gravitational fields, and with his subsequent theory of gravitation in 1916, he published a paper on the general theory of relativity. He continued to deal with problems of statistical mechanics and quantum theory, which led to his explanations of particle theory and the motion of molecules. He also investigated the thermal properties of light which laid the foundation of the photon theory of light.He was visiting the United States when Adolf Hitler came to power in 1933 and did not go back to Germany. On the eve of World War II, he endorsed a letter to President Franklin D. Roosevelt alerting him to the potential development of ""extremely powerful bombs of a new type"" and recommending that the U.S. begin similar research. This eventually led to what would become the Manhattan Project. Einstein supported defending the Allied forces, but largely denounced the idea of using the newly discovered nuclear fission as a weapon. Later, with Bertrand Russell, Einstein signed the Russell–Einstein Manifesto, which highlighted the danger of nuclear weapons. Einstein was affiliated with the Institute for Advanced Study in Princeton, New Jersey, until his death in 1955.His great intellectual achievements and originality have made the word ""Einstein"" synonymous with genius.More: http://en.wikipedia.org/wiki/Albert_E...http://www.nobelprize.org/nobel_prize...",,2026-10-06T07:03:53+00:00
Quotes to Scrape,https://quotes.toscrape.com/page/5/,The real lover is the man who can thrill you by kissing your forehead or smiling into your eyes or just staring into space.,,,,,Marilyn Monroe,love,"Marilyn Monroe (born Norma Jeane Mortenson; June 1, 1926 – August 5, 1962) was an American actress, model, and singer, who became a major sex symbol, starring in a number of commercially successful motion pictures during the 1950s and early 1960s.After spending much of her childhood in foster homes, Monroe began a career as a model, which led to a film contract in 1946 with Twentieth Century-Fox. Her early film appearances were minor, but her performances in The Asphalt Jungle and All About Eve (both 1950), drew attention. By 1952 she had her first leading role in Don't Bother to Knock and 1953 brought a lead in Niagara, a melodramatic film noir that dwelt on her seductiveness. Her ""dumb blonde"" persona was used to comic effect in subsequent films such as Gentlemen Prefer Blondes (1953), How to Marry a Millionaire (1953) and The Seven Year Itch (1955). Limited by typecasting, Monroe studied at the Actors Studio to broaden her range. Her dramatic performance in Bus Stop (1956) was hailed by critics and garnered a Golden Globe nomination. Her production company, Marilyn Monroe Productions, released The Prince and the Showgirl (1957), for which she received a BAFTA Award nomination and won a David di Donatello award. She received a Golden Globe Award for her performance in Some Like It Hot (1959). Monroe's last completed film was The Misfits, co-starring Clark Gable with screenplay by her then-husband, Arthur Miller.Marilyn was a passionate reader, owning four hundred books at the time of her death, and was often photographed with a book.The final years of Monroe's life were marked by illness, personal problems, and a reputation for unreliability and being difficult to work with. The circumstances of her death, from an overdose of barbiturates, have been the subject of conjecture. Though officially classified as a ""probable suicide"", the possibility of an accidental overdose, as well as of homicide, have not been ruled out. In 1999, Monroe was ranked as the sixth greatest female star of all time by the American Film Institute. In the decades following her death, she has often been cited as both a pop and a cultural icon as well as the quintessential American sex symbol.",,2026-10-06T07:03:53+00:00
Quotes to Scrape,https://quotes.toscrape.com/page/5/,"A wise girl kisses but doesn't love, listens but doesn't believe, and leaves before she is left.",,,,,Marilyn Monroe,attributed-no-source,"Marilyn Monroe (born Norma Jeane Mortenson; June 1, 1926 – August 5, 1962) was an American actress, model, and singer, who became a major sex symbol, starring in a number of commercially successful motion pictures during the 1950s and early 1960s.After spending much of her childhood in foster homes, Monroe began a career as a model, which led to a film contract in 1946 with Twentieth Century-Fox. Her early film appearances were minor, but her performances in The Asphalt Jungle and All About Eve (both 1950), drew attention. By 1952 she had her first leading role in Don't Bother to Knock and 1953 brought a lead in Niagara, a melodramatic film noir that dwelt on her seductiveness. Her ""dumb blonde"" persona was used to comic effect in subsequent films such as Gentlemen Prefer Blondes (1953), How to Marry a Millionaire (1953) and The Seven Year Itch (1955). Limited by typecasting, Monroe studied at the Actors Studio to broaden her range. Her dramatic performance in Bus Stop (1956) was hailed by critics and garnered a Golden Globe nomination. Her production company, Marilyn Monroe Productions, released The Prince and the Showgirl (1957), for which she received a BAFTA Award nomination and won a David di Donatello award. She received a Golden Globe Award for her performance in Some Like It Hot (1959). Monroe's last completed film was The Misfits, co-starring Clark Gable with screenplay by her then-husband, Arthur Miller.Marilyn was a passionate reader, owning four hundred books at the time of her death, and was often photographed with a book.The final years of Monroe's life were marked by illness, personal problems, and a reputation for unreliability and being difficult to work with. The circumstances of her death, from an overdose of barbiturates, have been the subject of conjecture. Though officially classified as a ""probable suicide"", the possibility of an accidental overdose, as well as of homicide, have not been ruled out. In 1999, Monroe was ranked as the sixth greatest female star of all time by the American Film Institute. In the decades following her death, she has often been cited as both a pop and a cultural icon as well as the quintessential American sex symbol.",,2026-10-06T07:03:53+00:00
Quotes to Scrape,https://quotes.toscrape.com/page/5/,Only in the darkness can you see the stars.,,,,,Martin Luther King Jr.,hope|inspirational,"Martin Luther King, Jr. was one of the pivotal leaders of the American civil rights movement. King was a Baptist minister, one of the few leadership roles available to black men at the time. He became a civil rights activist early in his career. He led the Montgomery Bus Boycott (1955–1956) and helped found the Southern Christian Leadership Conference (1957), serving as its first president. His efforts led to the 1963 March on Washington, where King delivered his “I Have a Dream” speech. Here he raised public consciousness of the civil rights movement and established himself as one of the greatest orators in U.S. history. In 1964, King became the youngest person to receive the Nobel Peace Prize for his efforts to end segregation and racial discrimination through civil disobedience and other non-violent means.King was assassinated on April 4, 1968, in Memphis, Tennessee. He was posthumously awarded the Presidential Medal of Freedom by President Jimmy Carter in 1977. Martin Luther King, Jr. Day was established as a national holiday in the United States in 1986. In 2004, King was posthumously awarded a Congressional Gold Medal.",,2026-10-06T07:03:53+00:00
Quotes to Scrape,https://quotes.toscrape.com/page/5/,"It matters not what someone is born, but what they grow to be.",,,,,J.K. Rowling,dumbledore,"See also: Robert GalbraithAlthough she writes under the pen name J.K. Rowling, pronounced like rolling, her name when her first Harry Potter book was published was simply Joanne Rowling. Anticipating that the target audience of young boys might not want to read a book written by a woman, her publishers demanded that she use two initials, rather than her full name. As she had no middle name, she chose K as the second initial of her pen name, from her paternal grandmother Kathleen Ada Bulgen Rowling. She calls herself Jo and has said, ""No one ever called me 'Joanne' when I was young, unless they were angry."" Following her marriage, she has sometimes used the name Joanne Murray when conducting personal business. During the Leveson Inquiry she gave evidence under the name of Joanne Kathleen Rowling. In a 2012 interview, Rowling noted that she no longer cared that people pronounced her name incorrectly.Rowling was born to Peter James Rowling, a Rolls-Royce aircraft engineer, and Anne Rowling (née Volant), on 31 July 1965 in Yate, Gloucestershire, England, 10 miles (16 km) northeast of Bristol. Her mother Anne was half-French and half-Scottish. Her parents first met on a train departing from King's Cross Station bound for Arbroath in 1964. They married on 14 March 1965. Her mother's maternal grandfather, Dugald Campbell, was born in Lamlash on the Isle of Arran. Her mother's paternal grandfather, Louis Volant, was awarded the Croix de Guerre for exceptional bravery in defending the village of Courcelles-le-Comte during the First World War.Rowling's sister Dianne was born at their home when Rowling was 23 months old. The family moved to the nearby village Winterbourne when Rowling was four. She attended St Michael's Primary School, a school founded by abolitionist William Wilberforce and education reformer Hannah More. Her headmaster at St Michael's, Alfred Dunn, has been suggested as the inspiration for the Harry Potter headmaster Albus Dumbledore.As a child, Rowling often wrote fantasy stories, which she would usually then read to her sister. She recalls that: ""I can still remember me telling her a story in which she fell down a rabbit hole and was fed strawberries by the rabbit family inside it. Certainly the first story I ever wrote down (when I was five or six) was about a rabbit called Rabbit. He got the measles and was visited by his friends, including a giant bee called Miss Bee."" At the age of nine, Rowling moved to Church Cottage in the Gloucestershire village of Tutshill, close to Chepstow, Wales. When she was a young teenager, her great aunt, who Rowling said ""taught classics and approved of a thirst for knowledge, even of a questionable kind,"" gave her a very old copy of Jessica Mitford's autobiography, Hons and Rebels. Mitford became Rowling's heroine, and Rowling subsequently read all of her books.Rowling has said of her teenage years, in an interview with The New Yorker, ""I wasn’t particularly happy. I think it’s a dreadful time of life."" She had a difficult homelife; her mother was ill and she had a difficult relationship with her father (she is no longer on speaking terms with him). She attended secondary school at Wyedean School and College, where her mother had worked as a technician in the science department. Rowling said of her adolescence, ""Hermione [a bookish, know-it-all Harry Potter character] is loosely based on me. She's a caricature of me when I was eleven, which I'm not particularly proud of."" Steve Eddy, who taught Rowling English when she first arrived, remembers her as ""not exceptional"" but ""one of a group of girls who were bright, and quite good at English."" Sean Harris, her best friend in the Upper Sixth owned a turquoise Ford Anglia, which she says inspired the one in her books.",,2026-10-06T07:03:53+00:00
Quotes to Scrape,https://quotes.toscrape.com/page/5/,"Love does not begin and end the way we seem to think it does. Love is a battle, love is a war; love is a growing up.",,,,,James Baldwin,love,"Librarian Note: There is more than one author in the GoodReads database with this name. See this thread for more information.James Arthur Baldwin was an American novelist, essayist, playwright, poet, and social critic.James Baldwin offered a vital literary voice during the era of civil rights activism in the 1950s and '60s. The eldest of nine children, his stepfather was a minister. At age 14, Baldwin became a preacher at the small Fireside Pentecostal Church in Harlem. In the early 1940s, he transferred his faith from religion to literature. Critics, however, note the impassioned cadences of Black churches are still evident in his writing. Go Tell It on the Mountain, his first novel, is a partially autobiographical account of his youth. His essay collections Notes of a Native Son, Nobody Knows My Name, and The Fire Next Time were influential in informing a large white audience.From 1948, Baldwin made his home primarily in the south of France, but often returned to the USA to lecture or teach. In 1957, he began spending half of each year in New York City. His novels include Giovanni's Room, about a white American expatriate who must come to terms with his homosexuality, and Another Country, about racial and gay sexual tensions among New York intellectuals. His inclusion of gay themes resulted in a lot of savage criticism from the Black community. Eldridge Cleaver, of the Black Panthers, stated the Baldwin's writing displayed an ""agonizing, total hatred of blacks."" Baldwin's play, Blues for Mister Charlie, was produced in 1964. Going to Meet the Man and Tell Me How Long the Train's Been Gone provided powerful descriptions of American racism. As an openly gay man, he became increasingly outspoken in condemning discrimination against lesbian and gay people.On November 30, 1987 Baldwin died from stomach cancer in Saint-Paul-de-Vence, France.He was buried at the Ferncliff Cemetery in Hartsdale, near New York City.",,2026-10-06T07:03:53+00:00
Quotes to Scrape,https://quotes.toscrape.com/page/6/,"There is nothing I would not do for those who are really my friends. I have no notion of loving people by halves, it is not my nature.",,,,,Jane Austen,friendship|love,"Jane Austen was an English novelist whose works of romantic fiction, set among the landed gentry, earned her a place as one of the most widely read writers in English literature, her realism and biting social commentary cementing her historical importance among scholars and critics.Austen lived her entire life as part of a close-knit family located on the lower fringes of the English landed gentry. She was educated primarily by her father and older brothers as well as through her own reading. The steadfast support of her family was critical to her development as a professional writer. Her artistic apprenticeship lasted from her teenage years until she was about 35 years old. During this period, she experimented with various literary forms, including the epistolary novel which she tried then abandoned, and wrote and extensively revised three major novels and began a fourth. From 1811 until 1816, with the release of Sense and Sensibility (1811), Pride and Prejudice (1813), Mansfield Park (1814) and Emma (1815), she achieved success as a published writer. She wrote two additional novels, Northanger Abbey and Persuasion, both published posthumously in 1818, and began a third, which was eventually titled Sanditon, but died before completing it.Austen's works critique the novels of sensibility of the second half of the 18th century and are part of the transition to 19th-century realism. Her plots, though fundamentally comic, highlight the dependence of women on marriage to secure social standing and economic security. Her work brought her little personal fame and only a few positive reviews during her lifetime, but the publication in 1869 of her nephew's A Memoir of Jane Austen introduced her to a wider public, and by the 1940s she had become widely accepted in academia as a great English writer. The second half of the 20th century saw a proliferation of Austen scholarship and the emergence of a Janeite fan culture.",,2026-10-06T07:03:53+00:00
Quotes to Scrape,https://quotes.toscrape.com/page/6/,Do one thing every day that scares you.,,,,,Eleanor Roosevelt,attributed|fear|inspiration,"Anna Eleanor Roosevelt was an American political leader who used her influence as an active First Lady from 1933 to 1945 to promote the New Deal policies of her husband, President Franklin D. Roosevelt, as well as taking a prominent role as an advocate for civil rights. After her husband's death in 1945, she continued to be an internationally prominent author and speaker for the New Deal coalition. She was a suffragist who worked to enhance the status of working women, although she opposed the Equal Rights Amendment because she believed it would adversely affect women. In the 1940s, she was one of the co-founders of Freedom House and supported the formation of the United Nations. Eleanor Roosevelt founded the UN Association of the United States in 1943 to advance support for the formation of the UN. She was a delegate to the UN General Assembly from 1945 and 1952, a job for which she was appointed by President Harry S. Truman and confirmed by the United States Congress. During her time at the United Nations chaired the committee that drafted and approved the Universal Declaration of Human Rights. President Truman called her the ""First Lady of the World"" in tribute to her human rights achievements.She was one of the most admired persons of the 20th century, according to Gallup's List of Widely Admired People.",,2026-10-06T07:03:53+00:00
Quotes to Scrape,https://quotes.toscrape.com/page/6/,"I am good, but not an angel. I do sin, but I am not the devil. I am just a small girl in a big world trying to find someone to love.",,,,,Marilyn Monroe,attributed-no-source,"Marilyn Monroe (born Norma Jeane Mortenson; June 1, 1926 – August 5, 1962) was an American actress, model, and singer, who became a major sex symbol, starring in a number of commercially successful motion pictures during the 1950s and early 1960s.After spending much of her childhood in foster homes, Monroe began a career as a model, which led to a film contract in 1946 with Twentieth Century-Fox. Her early film appearances were minor, but her performances in The Asphalt Jungle and All About Eve (both 1950), drew attention. By 1952 she had her first leading role in Don't Bother to Knock and 1953 brought a lead in Niagara, a melodramatic film noir that dwelt on her seductiveness. Her ""dumb blonde"" persona was used to comic effect in subsequent films such as Gentlemen Prefer Blondes (1953), How to Marry a Millionaire (1953) and The Seven Year Itch (1955). Limited by typecasting, Monroe studied at the Actors Studio to broaden her range. Her dramatic performance in Bus Stop (1956) was hailed by critics and garnered a Golden Globe nomination. Her production company, Marilyn Monroe Productions, released The Prince and the Showgirl (1957), for which she received a BAFTA Award nomination and won a David di Donatello award. She received a Golden Globe Award for her performance in Some Like It Hot (1959). Monroe's last completed film was The Misfits, co-starring Clark Gable with screenplay by her then-husband, Arthur Miller.Marilyn was a passionate reader, owning four hundred books at the time of her death, and was often photographed with a book.The final years of Monroe's life were marked by illness, personal problems, and a reputation for unreliability and being difficult to work with. The circumstances of her death, from an overdose of barbiturates, have been the subject of conjecture. Though officially classified as a ""probable suicide"", the possibility of an accidental overdose, as well as of homicide, have not been ruled out. In 1999, Monroe was ranked as the sixth greatest female star of all time by the American Film Institute. In the decades following her death, she has often been cited as both a pop and a cultural icon as well as the quintessential American sex symbol.",,2026-10-06T07:03:53+00:00
Quotes to Scrape,https://quotes.toscrape.com/page/6/,"If I were not a physicist, I would probably be a musician. I often think in music. I live my daydreams in music. I see my life in terms of music.",,,,,Albert Einstein,music,"In 1879, Albert Einstein was born in Ulm, Germany. He completed his Ph.D. at the University of Zurich by 1909. His 1905 paper explaining the photoelectric effect, the basis of electronics, earned him the Nobel Prize in 1921. His first paper on Special Relativity Theory, also published in 1905, changed the world. After the rise of the Nazi party, Einstein made Princeton his permanent home, becoming a U.S. citizen in 1940. Einstein, a pacifist during World War I, stayed a firm proponent of social justice and responsibility. He chaired the Emergency Committee of Atomic Scientists, which organized to alert the public to the dangers of atomic warfare.At a symposium, he advised: ""In their struggle for the ethical good, teachers of religion must have the stature to give up the doctrine of a personal God, that is, give up that source of fear and hope which in the past placed such vast power in the hands of priests. In their labors they will have to avail themselves of those forces which are capable of cultivating the Good, the True, and the Beautiful in humanity itself. This is, to be sure a more difficult but an incomparably more worthy task . . . "" (""Science, Philosophy and Religion, A Symposium,"" published by the Conference on Science, Philosophy and Religion in their Relation to the Democratic Way of Life, Inc., New York, 1941). In a letter to philosopher Eric Gutkind, dated Jan. 3, 1954, Einstein stated: ""The word god is for me nothing more than the expression and product of human weaknesses, the Bible a collection of honorable, but still primitive legends which are nevertheless pretty childish. No interpretation no matter how subtle can (for me) change this,"" (The Guardian, ""Childish superstition: Einstein's letter makes view of religion relatively clear,"" by James Randerson, May 13, 2008). D. 1955.While best known for his mass–energy equivalence formula E = mc2 (which has been dubbed ""the world's most famous equation""), he received the 1921 Nobel Prize in Physics ""for his services to theoretical physics, and especially for his discovery of the law of the photoelectric effect"". The latter was pivotal in establishing quantum theory.Einstein thought that Newtonion mechanics was no longer enough to reconcile the laws of classical mechanics with the laws of the electromagnetic field. This led to the development of his special theory of relativity. He realized, however, that the principle of relativity could also be extended to gravitational fields, and with his subsequent theory of gravitation in 1916, he published a paper on the general theory of relativity. He continued to deal with problems of statistical mechanics and quantum theory, which led to his explanations of particle theory and the motion of molecules. He also investigated the thermal properties of light which laid the foundation of the photon theory of light.He was visiting the United States when Adolf Hitler came to power in 1933 and did not go back to Germany. On the eve of World War II, he endorsed a letter to President Franklin D. Roosevelt alerting him to the potential development of ""extremely powerful bombs of a new type"" and recommending that the U.S. begin similar research. This eventually led to what would become the Manhattan Project. Einstein supported defending the Allied forces, but largely denounced the idea of using the newly discovered nuclear fission as a weapon. Later, with Bertrand Russell, Einstein signed the Russell–Einstein Manifesto, which highlighted the danger of nuclear weapons. Einstein was affiliated with the Institute for Advanced Study in Princeton, New Jersey, until his death in 1955.His great intellectual achievements and originality have made the word ""Einstein"" synonymous with genius.More: http://en.wikipedia.org/wiki/Albert_E...http://www.nobelprize.org/nobel_prize...",,2026-10-06T07:03:53+00:00
Quotes to Scrape,https://quotes.toscrape.com/page/6/,"If you only read the books that everyone else is reading, you can only think what everyone else is thinking.",,,,,Haruki Murakami,books|thought,"Haruki Murakami (Japanese: 村上 春樹) is a popular contemporary Japanese writer and translator. His work has been described as 'easily accessible, yet profoundly complex'. He can be located on Facebook at: https://www.facebook.com/harukimuraka...Since childhood, Murakami has been heavily influenced by Western culture, particularly Western music and literature. He grew up reading a range of works by American writers, such as Kurt Vonnegut and Richard Brautigan, and he is often distinguished from other Japanese writers by his Western influences.Murakami studied drama at Waseda University in Tokyo, where he met his wife, Yoko. His first job was at a record store, which is where one of his main characters, Toru Watanabe in Norwegian Wood, works. Shortly before finishing his studies, Murakami opened the coffeehouse 'Peter Cat' which was a jazz bar in the evening in Kokubunji, Tokyo with his wife.Many of his novels have themes and titles that invoke classical music, such as the three books making up The Wind-Up Bird Chronicle: The Thieving Magpie (after Rossini's opera), Bird as Prophet (after a piano piece by Robert Schumann usually known in English as The Prophet Bird), and The Bird-Catcher (a character in Mozart's opera The Magic Flute). Some of his novels take their titles from songs: Dance, Dance, Dance (after The Dells' song, although it is widely thought it was titled after the Beach Boys tune), Norwegian Wood (after The Beatles' song) and South of the Border, West of the Sun (the first part being the title of a song by Nat King Cole).",,2026-10-06T07:03:53+00:00
Quotes to Scrape,https://quotes.toscrape.com/page/6/,The difference between genius and stupidity is: genius has its limits.,,,,,Alexandre Dumas fils,misattributed-to-einstein,"Alexandre Dumas (son) was born in Paris, France, the illegitimate child of Marie-Laure-Catherine Labay (1794-1868), a dressmaker, and novelist Alexandre Dumas. During 1831 his father legally recognized him and ensured that the young Dumas received the best education possible at the Institution Goubaux and the Collège Bourbon. At that time, the law allowed the elder Dumas to take the child away from his mother. Her agony inspired Dumas fils to write about tragic female characters. In almost all of his writings, he emphasized the moral purpose of literature and in his play The Illegitimate Son (1858) he espoused the belief that if a man fathers an illegitimate child then he has an obligation to legitimize the child and marry the woman.Dumas' paternal great-grandparents were a French nobleman and a Haitian woman. In boarding schools, Dumas fils was constantly taunted by his classmates. These issues all profoundly influenced his thoughts, behaviour, and writing.During 1844 Dumas moved to Saint-Germain-en-Laye to live with his father. There, he met Marie Duplessis, a young courtesan who would be the inspiration for his romantic novel The Lady of the Camellias. Adapted into a play, it was titled in English (especially in the United States) as Camille and is the basis for Verdi's 1853 opera, La Traviata. Although he admitted that he had done the adaptation because he needed the money, he had a great success with the play. Thus began the career of Dumas fils as a dramatist, which was not only more renowned than that of his father during his lifetime but also dominated the serious French stage for most of the second half of the 19th century. After this, he virtually abandoned writing novels (though his semi-autobiographical L'Affaire Clemenceau (1867) achieved some success).On 31 December 1864, in Moscow, Dumas married Nadjeschda von Knorring (1826 – April 1895), daughter of Johan Reinhold von Knorring and wife, and widow of Alexander, Prince Naryschkine. The couple had two daughters: Marie-Alexandrine-Henriette Dumas, born 20 November 1860, who married Maurice Lippmann and was the mother of Serge Napoléon Lippmann (1886–1975) and Auguste Alexandre Lippmann (1881–1960); and Jeanine Dumas (3 May 1867–), who married Ernest d' Hauterive (1864–1957), son of George Lecourt d' Hauterive and wife (married in 1861) Léontine de Leusse. After Naryschkine's death, he married in June 1895 Henriette Régnier de La Brière (1851–1934), without issue.During 1874, he was admitted to the Académie française, and in 1894 he was awarded the Légion d'honneur.Alexandre Dumas fils died at Marly-le-Roi, Yvelines, on November 27, 1895 and was interred in the Cimetière de Montmartre in Paris. His grave is, perhaps coincidentally, only some 100 metres away from that of Marie Duplessis.",,2026-10-06T07:03:53+00:00
Quotes to Scrape,https://quotes.toscrape.com/page/6/,"He's like a drug for you, Bella.",,,,,Stephenie Meyer,drug|romance|simile,"I was born in Connecticut in 1973, during a brief blip in my family's otherwise western U.S. existence. We were settled in Phoenix by the time I was four, and I think of myself as a native. The unusual spelling of my name was a gift from my father, Stephen (+ ie = me). Though I have had my name spelled wrong on pretty much everything my entire life long, I must admit that it makes it easier to google myself now.I filled the ""Jan Brady"" spot in my family-the second of three girls. Unlike the Brady's, none of my three brothers are steps, and all of them are younger than all the girls. I went to high school in Scottsdale, Arizona, the kind of place where every fall a few girls would come back to school with new noses and there were Porsches in the student lot (for the record, I have my original nose, and never had a car until after I was in my twenties). I was awarded a National Merit Scholarship, and I used it to pay my way to Brigham Young University, in Provo, Utah. I majored in English, but concentrated on literature rather than creative writing, mostly because I didn't consider reading books ""work"" (as long as I was going to be doing something anyway, I might as well get course credit for it, right?).I met my husband, Pancho (his real name is Christiaan), when I was four, but we were never anywhere close to being childhood sweethearts. In fact, though we saw each other at least weekly through church activities, I can't recall a single instance when we so much as greeted each other with a friendly wave, let alone exchanged actual words. This may have been for the best, because when we did eventually get around to exchanging words, sixteen years after our first meeting, it only took nine months from the first ""hello"" to the wedding. Of course, we were able to skip over a lot of the getting to know you parts (many of our conversations would go something like this: ""This one time, when I was ten, I broke my hand at a party when-"" ""Yeah, I know what happened. I was there, remember?"") We've been married for ten and a half years now, and have three beautiful, brilliant, wonderful boys who often remind me chimpanzees on crack. I can't write without music, and my biggest muse is, ironically enough, the band Muse. My other favorite sources of inspiration are Linkin Park, My Chemical Romance, Coldplay, The All American Rejects, Travis, The Strokes, Brand New, U2, Kasabian, Jimmy Eat World, and Weezer, to mention a few.",,2026-10-06T07:03:53+00:00
Quotes to Scrape,https://quotes.toscrape.com/page/6/,There is no friend as loyal as a book.,,,,,Ernest Hemingway,books|friends|novelist-quotes,"Ernest Miller Hemingway was an American author and journalist. His economical and understated style had a strong influence on 20th-century fiction, while his life of adventure and his public image influenced later generations. Hemingway produced most of his work between the mid-1920s and the mid-1950s, and won the Nobel Prize in Literature in 1954. He published seven novels, six short story collections and two non-fiction works. Three novels, four collections of short stories and three non-fiction works were published posthumously. Many of these are considered classics of American literature.Hemingway was raised in Oak Park, Illinois. After high school he reported for a few months for The Kansas City Star, before leaving for the Italian front to enlist with the World War I ambulance drivers. In 1918, he was seriously wounded and returned home. His wartime experiences formed the basis for his novel A Farewell to Arms. In 1922, he married Hadley Richardson, the first of his four wives. The couple moved to Paris, where he worked as a foreign correspondent, and fell under the influence of the modernist writers and artists of the 1920s ""Lost Generation"" expatriate community. The Sun Also Rises, Hemingway's first novel, was published in 1926.After his 1927 divorce from Hadley Richardson, Hemingway married Pauline Pfeiffer. They divorced after he returned from Spanish Civil War where he had acted as a journalist, and after which he wrote For Whom the Bell Tolls. Martha Gellhorn became his third wife in 1940. They separated when he met Mary Welsh in London during World War II; during which he was present at the Normandy Landings and liberation of Paris.Shortly after the publication of The Old Man and the Sea in 1952, Hemingway went on safari to Africa, where he was almost killed in two plane crashes that left him in pain or ill-health for much of the rest of his life. Hemingway had permanent residences in Key West, Florida, and Cuba during the 1930s and 1940s, but in 1959 he moved from Cuba to Ketchum, Idaho, where he committed suicide in the summer of 1961.",,2026-10-06T07:03:53+00:00
Quotes to Scrape,https://quotes.toscrape.com/page/6/,"When one door of happiness closes, another opens; but often we look so long at the closed door that we do not see the one which has been opened for us.",,,,,Helen Keller,inspirational,"Helen Keller would not be bound by conditions. Rendered deaf and blind at 19 months by scarlet fever, she learned to read (in several languages) and even speak, eventually graduating with honors from Radcliffe College in 1904, where as a student she wrote The Story of My Life. That she accomplished all of this in an age when few women attended college and the disabled were often relegated to the background, spoken of only in hushed tones, is remarkable. But Keller's many other achievements are impressive by any standard: she authored 13 books, wrote countless articles, and devoted her life to social reform. An active and effective suffragist, pacifist, and socialist (the latter association earned her an FBI file), she lectured on behalf of disabled people everywhere. She also helped start several foundations that continue to improve the lives of the deaf and blind around the world. As a young girl Keller was obstinate, prone to fits of violence, and seething with rage at her inability to express herself. But at the age of 7 this wild child was transformed when, at the urging of Alexander Graham Bell, Anne Sullivan became her teacher, an event she declares ""the most important day I remember in all my life."" (Sullivan herself had once been blind, but partially recovered her sight after a series of operations.) In a memorable passage, Keller writes of the day ""Teacher"" led her to a stream and repeatedly spelled out the letters w-a-t-e-r on one of her hands while pouring water over the other. This method proved a revelation: ""That living world awakened my soul, gave it light, hope, joy, set it free! There were barriers still, it is true, but barriers that could in time be swept away."" And, indeed, most of them were. In her lovingly crafted and deeply perceptive autobiography, Keller's joyous spirit is most vividly expressed in her connection to nature: Indeed, everything that could hum, or buzz, or sing, or bloom, had a part in my education.... Few know what joy it is to feel the roses pressing softly into the hand, or the beautiful motion of the lilies as they sway in the morning breeze. Sometimes I caught an insect in the flower I was plucking, and I felt the faint noise of a pair of wings rubbed together in a sudden terror.... The idea of feeling rather than hearing a sound, or of admiring a flower's motion rather than its color, evokes a strong visceral sensation in the reader, giving The Story of My Life a subtle power and beauty. Keller's celebration of discovery becomes our own. In the end, this blind and deaf woman succeeds in sharpening our eyes and ears to the beauty of the world. --Shawn Carkonen",,2026-10-06T07:03:53+00:00
Quotes to Scrape,https://quotes.toscrape.com/page/6/,Life isn't about finding yourself. Life is about creating yourself.,,,,,George Bernard Shaw,inspirational|life|yourself,"George Bernard Shaw was an Irish playwright, socialist, and a co-founder of the London School of Economics. Although his first profitable writing was music and literary criticism, in which capacity he wrote many highly articulate pieces of journalism, his main talent was for drama. Over the course of his life he wrote more than 60 plays. Nearly all his plays address prevailing social problems, but each also includes a vein of comedy that makes their stark themes more palatable. In these works Shaw examined education, marriage, religion, government, health care, and class privilege.An ardent socialist, Shaw was angered by what he perceived to be the exploitation of the working class. He wrote many brochures and speeches for the Fabian Society. He became an accomplished orator in the furtherance of its causes, which included gaining equal rights for men and women, alleviating abuses of the working class, rescinding private ownership of productive land, and promoting healthy lifestyles. For a short time he was active in local politics, serving on the London County Council.In 1898, Shaw married Charlotte Payne-Townshend, a fellow Fabian, whom he survived. They settled in Ayot St. Lawrence in a house now called Shaw's Corner. He is the only person to have been awarded both a Nobel Prize for Literature (1925) and an Oscar (1938). The former for his contributions to literature and the latter for his work on the film ""Pygmalion"" (adaptation of his play of the same name). Shaw wanted to refuse his Nobel Prize outright, as he had no desire for public honours, but he accepted it at his wife's behest. She considered it a tribute to Ireland. He did reject the monetary award, requesting it be used to finance translation of Swedish books to English.Shaw died at Shaw's Corner, aged 94, from chronic health problems exacerbated by injuries incurred by falling.",,2026-10-06T07:03:53+00:00
Quotes to Scrape,https://quotes.toscrape.com/page/7/,"That's the problem with drinking, I thought, as I poured myself a drink. If something bad happens you drink in an attempt to forget; if something good happens you drink in order to celebrate; and if nothing happens you drink to make something happen.",,,,,Charles Bukowski,alcohol,"Henry Charles Bukowski (born as Heinrich Karl Bukowski) was a German-born American poet, novelist and short story writer. His writing was influenced by the social, cultural and economic ambience of his home city of Los Angeles.It is marked by an emphasis on the ordinary lives of poor Americans, the act of writing, alcohol, relationships with women and the drudgery of work. Bukowski wrote thousands of poems, hundreds of short stories and six novels, eventually publishing over sixty booksCharles Bukowski was the only child of an American soldier and a German mother. At the age of three, he came with his family to the United States and grew up in Los Angeles. He attended Los Angeles City College from 1939 to 1941, then left school and moved to New York City to become a writer. His lack of publishing success at this time caused him to give up writing in 1946 and spurred a ten-year stint of heavy drinking. After he developed a bleeding ulcer, he decided to take up writing again. He worked a wide range of jobs to support his writing, including dishwasher, truck driver and loader, mail carrier, guard, gas station attendant, stock boy, warehouse worker, shipping clerk, post office clerk, parking lot attendant, Red Cross orderly, and elevator operator. He also worked in a dog biscuit factory, a slaughterhouse, a cake and cookie factory, and he hung posters in New York City subways.Bukowski published his first story when he was twenty-four and began writing poetry at the age of thirty-five. His first book of poetry was published in 1959; he went on to publish more than forty-five books of poetry and prose, including Pulp (1994), Screams from the Balcony (1993), and The Last Night of the Earth Poems (1992).He died of leukemia in San Pedro on March 9, 1994.",,2026-10-06T07:03:53+00:00
Quotes to Scrape,https://quotes.toscrape.com/page/7/,You don’t forget the face of the person who was your last hope.,,,,,Suzanne Collins,the-hunger-games,"Librarian Note: There is more than one author in the Goodreads database with this name.Since 1991, Suzanne Collins has been busy writing for children’s television. She has worked on the staffs of several Nickelodeon shows, including the Emmy-nominated hit Clarissa Explains it All and The Mystery Files of Shelby Woo. For preschool viewers, she penned multiple stories for the Emmy-nominated Little Bear and Oswald. She also co-wrote the critically acclaimed Rankin/Bass Christmas special, Santa, Baby! Most recently she was the Head Writer for Scholastic Entertainment’s Clifford’s Puppy Days.While working on a Kids WB show called Generation O! she met children’s author James Proimos, who talked her into giving children’s books a try.Thinking one day about Alice in Wonderland, she was struck by how pastoral the setting must seem to kids who, like her own, lived in urban surroundings. In New York City, you’re much more likely to fall down a manhole than a rabbit hole and, if you do, you’re not going to find a tea party. What you might find...? Well, that’s the story of Gregor the Overlander, the first book in her five-part series, The Underland Chronicles. Suzanne also has a rhyming picture book illustrated by Mike Lester entitled When Charlie McButton Lost Power.She currently lives in Connecticut with her family and a pair of feral kittens they adopted from their backyard.The books she is most successful for in teenage eyes are The Hunger Games, Catching Fire and Mockingjay. These books have won several awards, including the GA Peach Award.",,2026-10-06T07:03:53+00:00
Quotes to Scrape,https://quotes.toscrape.com/page/7/,"Remember, we're madly in love, so it's all right to kiss me anytime you feel like it.",,,,,Suzanne Collins,humor,"Librarian Note: There is more than one author in the Goodreads database with this name.Since 1991, Suzanne Collins has been busy writing for children’s television. She has worked on the staffs of several Nickelodeon shows, including the Emmy-nominated hit Clarissa Explains it All and The Mystery Files of Shelby Woo. For preschool viewers, she penned multiple stories for the Emmy-nominated Little Bear and Oswald. She also co-wrote the critically acclaimed Rankin/Bass Christmas special, Santa, Baby! Most recently she was the Head Writer for Scholastic Entertainment’s Clifford’s Puppy Days.While working on a Kids WB show called Generation O! she met children’s author James Proimos, who talked her into giving children’s books a try.Thinking one day about Alice in Wonderland, she was struck by how pastoral the setting must seem to kids who, like her own, lived in urban surroundings. In New York City, you’re much more likely to fall down a manhole than a rabbit hole and, if you do, you’re not going to find a tea party. What you might find...? Well, that’s the story of Gregor the Overlander, the first book in her five-part series, The Underland Chronicles. Suzanne also has a rhyming picture book illustrated by Mike Lester entitled When Charlie McButton Lost Power.She currently lives in Connecticut with her family and a pair of feral kittens they adopted from their backyard.The books she is most successful for in teenage eyes are The Hunger Games, Catching Fire and Mockingjay. These books have won several awards, including the GA Peach Award.",,2026-10-06T07:03:53+00:00
Quotes to Scrape,https://quotes.toscrape.com/page/7/,"To love at all is to be vulnerable. Love anything and your heart will be wrung and possibly broken. If you want to make sure of keeping it intact you must give it to no one, not even an animal. Wrap it carefully round with hobbies and little luxuries; avoid all entanglements. Lock it up safe in the casket or coffin of your selfishness. But in that casket, safe, dark, motionless, airless, it will change. It will not be broken; it will become unbreakable, impenetrable, irredeemable. To love is to be vulnerable.",,,,,C.S. Lewis,love,"CLIVE STAPLES LEWIS (1898–1963) was one of the intellectual giants of the twentieth century and arguably one of the most influential writers of his day. He was a Fellow and Tutor in English Literature at Oxford University until 1954. He was unanimously elected to the Chair of Medieval and Renaissance Literature at Cambridge University, a position he held until his retirement. He wrote more than thirty books, allowing him to reach a vast audience, and his works continue to attract thousands of new readers every year. His most distinguished and popular accomplishments include Mere Christianity, Out of the Silent Planet, The Great Divorce, The Screwtape Letters, and the universally acknowledged classics The Chronicles of Narnia. To date, the Narnia books have sold over 100 million copies and been transformed into three major motion pictures.",,2026-10-06T07:03:53+00:00
Quotes to Scrape,https://quotes.toscrape.com/page/7/,Not all those who wander are lost.,,,,,J.R.R. Tolkien,bilbo|journey|lost|quest|travel|wander,"John Ronald Reuel Tolkien, CBE, was an English writer, poet, WWI veteran (a First Lieutenant in the Lancashire Fusiliers, British Army), philologist, and university professor, best known as the author of the high fantasy classic works The Hobbit and The Lord of the Rings .Tolkien was Rawlinson and Bosworth Professor of Anglo-Saxon at Oxford from 1925 to 1945, and Merton Professor of English language and literature from 1945 to 1959. He was a close friend of C.S. Lewis.Christopher Tolkien published a series of works based on his father's extensive notes and unpublished manuscripts, including The Silmarillion . These, together with The Hobbit and The Lord of the Rings, form a connected body of tales, poems, fictional histories, invented languages, and literary essays about an imagined world called Arda, and Middle-earth within it. Between 1951 and 1955, Tolkien applied the word ""legendarium"" to the larger part of these writings. While many other authors had published works of fantasy before Tolkien, the great success of The Hobbit and The Lord of the Rings led directly to a popular resurgence of the genre. This has caused Tolkien to be popularly identified as the ""father"" of modern fantasy literature—or more precisely, high fantasy. Tolkien's writings have inspired many other works of fantasy and have had a lasting effect on the entire field.In 2008, The Times ranked him sixth on a list of ""The 50 greatest British writers since 1945"". Forbes ranked him the 5th top-earning dead celebrity in 2009.Religious influencesJ.R.R. Tolkien, was born in South Africa in 1892, but his family moved to Britain when he was about 3 years old. When Tolkien was 8 years old, his mother converted to Catholicism, and he remained a Catholic throughout his life. In his last interview, two years before his death, he unhesitatingly testified, “I’m a devout Roman Catholic.” Tolkien married his childhood sweetheart, Edith, and they had four children. He wrote them letters each year as if from Santa Claus, and a selection of these was published in 1976 as The Father Christmas Letters . One of Tolkien’s sons became a Catholic priest. Tolkien was an advisor for the translation of the Jerusalem Bible . Tolkien once described The Lord of the Rings to his friend Robert Murray, an English Jesuit priest, as ""a fundamentally religious and Catholic work, unconsciously so at first, but consciously in the revision."" There are many theological themes underlying the narrative including the battle of good versus evil, the triumph of humility over pride, and the activity of grace. In addition the saga includes themes which incorporate death and immortality, mercy and pity, resurrection, salvation, repentance, self-sacrifice, free will, justice, fellowship, authority and healing. In addition The Lord's Prayer ""And lead us not into temptation, but deliver us from evil"" was reportedly present in Tolkien's mind as he described Frodo's struggles against the power of the ""One Ring.''",,2026-10-06T07:03:53+00:00
Quotes to Scrape,https://quotes.toscrape.com/page/7/,"Do not pity the dead, Harry. Pity the living, and, above all those who live without love.",,,,,J.K. Rowling,live-death-love,"See also: Robert GalbraithAlthough she writes under the pen name J.K. Rowling, pronounced like rolling, her name when her first Harry Potter book was published was simply Joanne Rowling. Anticipating that the target audience of young boys might not want to read a book written by a woman, her publishers demanded that she use two initials, rather than her full name. As she had no middle name, she chose K as the second initial of her pen name, from her paternal grandmother Kathleen Ada Bulgen Rowling. She calls herself Jo and has said, ""No one ever called me 'Joanne' when I was young, unless they were angry."" Following her marriage, she has sometimes used the name Joanne Murray when conducting personal business. During the Leveson Inquiry she gave evidence under the name of Joanne Kathleen Rowling. In a 2012 interview, Rowling noted that she no longer cared that people pronounced her name incorrectly.Rowling was born to Peter James Rowling, a Rolls-Royce aircraft engineer, and Anne Rowling (née Volant), on 31 July 1965 in Yate, Gloucestershire, England, 10 miles (16 km) northeast of Bristol. Her mother Anne was half-French and half-Scottish. Her parents first met on a train departing from King's Cross Station bound for Arbroath in 1964. They married on 14 March 1965. Her mother's maternal grandfather, Dugald Campbell, was born in Lamlash on the Isle of Arran. Her mother's paternal grandfather, Louis Volant, was awarded the Croix de Guerre for exceptional bravery in defending the village of Courcelles-le-Comte during the First World War.Rowling's sister Dianne was born at their home when Rowling was 23 months old. The family moved to the nearby village Winterbourne when Rowling was four. She attended St Michael's Primary School, a school founded by abolitionist William Wilberforce and education reformer Hannah More. Her headmaster at St Michael's, Alfred Dunn, has been suggested as the inspiration for the Harry Potter headmaster Albus Dumbledore.As a child, Rowling often wrote fantasy stories, which she would usually then read to her sister. She recalls that: ""I can still remember me telling her a story in which she fell down a rabbit hole and was fed strawberries by the rabbit family inside it. Certainly the first story I ever wrote down (when I was five or six) was about a rabbit called Rabbit. He got the measles and was visited by his friends, including a giant bee called Miss Bee."" At the age of nine, Rowling moved to Church Cottage in the Gloucestershire village of Tutshill, close to Chepstow, Wales. When she was a young teenager, her great aunt, who Rowling said ""taught classics and approved of a thirst for knowledge, even of a questionable kind,"" gave her a very old copy of Jessica Mitford's autobiography, Hons and Rebels. Mitford became Rowling's heroine, and Rowling subsequently read all of her books.Rowling has said of her teenage years, in an interview with The New Yorker, ""I wasn’t particularly happy. I think it’s a dreadful time of life."" She had a difficult homelife; her mother was ill and she had a difficult relationship with her father (she is no longer on speaking terms with him). She attended secondary school at Wyedean School and College, where her mother had worked as a technician in the science department. Rowling said of her adolescence, ""Hermione [a bookish, know-it-all Harry Potter character] is loosely based on me. She's a caricature of me when I was eleven, which I'm not particularly proud of."" Steve Eddy, who taught Rowling English when she first arrived, remembers her as ""not exceptional"" but ""one of a group of girls who were bright, and quite good at English."" Sean Harris, her best friend in the Upper Sixth owned a turquoise Ford Anglia, which she says inspired the one in her books.",,2026-10-06T07:03:53+00:00
Quotes to Scrape,https://quotes.toscrape.com/page/7/,There is nothing to writing. All you do is sit down at a typewriter and bleed.,,,,,Ernest Hemingway,good|writing,"Ernest Miller Hemingway was an American author and journalist. His economical and understated style had a strong influence on 20th-century fiction, while his life of adventure and his public image influenced later generations. Hemingway produced most of his work between the mid-1920s and the mid-1950s, and won the Nobel Prize in Literature in 1954. He published seven novels, six short story collections and two non-fiction works. Three novels, four collections of short stories and three non-fiction works were published posthumously. Many of these are considered classics of American literature.Hemingway was raised in Oak Park, Illinois. After high school he reported for a few months for The Kansas City Star, before leaving for the Italian front to enlist with the World War I ambulance drivers. In 1918, he was seriously wounded and returned home. His wartime experiences formed the basis for his novel A Farewell to Arms. In 1922, he married Hadley Richardson, the first of his four wives. The couple moved to Paris, where he worked as a foreign correspondent, and fell under the influence of the modernist writers and artists of the 1920s ""Lost Generation"" expatriate community. The Sun Also Rises, Hemingway's first novel, was published in 1926.After his 1927 divorce from Hadley Richardson, Hemingway married Pauline Pfeiffer. They divorced after he returned from Spanish Civil War where he had acted as a journalist, and after which he wrote For Whom the Bell Tolls. Martha Gellhorn became his third wife in 1940. They separated when he met Mary Welsh in London during World War II; during which he was present at the Normandy Landings and liberation of Paris.Shortly after the publication of The Old Man and the Sea in 1952, Hemingway went on safari to Africa, where he was almost killed in two plane crashes that left him in pain or ill-health for much of the rest of his life. Hemingway had permanent residences in Key West, Florida, and Cuba during the 1930s and 1940s, but in 1959 he moved from Cuba to Ketchum, Idaho, where he committed suicide in the summer of 1961.",,2026-10-06T07:03:53+00:00
Quotes to Scrape,https://quotes.toscrape.com/page/7/,Finish each day and be done with it. You have done what you could. Some blunders and absurdities no doubt crept in; forget them as soon as you can. Tomorrow is a new day. You shall begin it serenely and with too high a spirit to be encumbered with your old nonsense.,,,,,Ralph Waldo Emerson,life|regrets,"in 1803, Ralph Waldo Emerson was born in Boston. Educated at Harvard and the Cambridge Divinity School, he became a Unitarian minister in 1826 at the Second Church Unitarian. The congregation, with Christian overtones, issued communion, something Emerson refused to do. ""Really, it is beyond my comprehension,"" Emerson once said, when asked by a seminary professor whether he believed in God. (Quoted in 2,000 Years of Freethought edited by Jim Haught.) By 1832, after the untimely death of his first wife, Emerson cut loose from Unitarianism. During a year-long trip to Europe, Emerson became acquainted with such intelligentsia as British writer Thomas Carlyle, and poets Wordsworth and Coleridge. He returned to the United States in 1833, to a life as poet, writer and lecturer. Emerson inspired Transcendentalism, although never adopting the label himself. He rejected traditional ideas of deity in favor of an ""Over-Soul"" or ""Form of Good,"" ideas which were considered highly heretical. His books include Nature (1836), The American Scholar (1837), Divinity School Address (1838), Essays, 2 vol. (1841, 1844), Nature, Addresses and Lectures (1849), and three volumes of poetry. Margaret Fuller became one of his ""disciples,"" as did Henry David Thoreau.The best of Emerson's rather wordy writing survives as epigrams, such as the famous: ""A foolish consistency is the hobgoblin of little minds, adored by little statesmen and philosophers and divines."" Other one- (and two-) liners include: ""As men's prayers are a disease of the will, so are their creeds a disease of the intellect"" (Self-Reliance, 1841). ""The most tedious of all discourses are on the subject of the Supreme Being"" (Journal, 1836). ""The word miracle, as pronounced by Christian churches, gives a false impression; it is a monster. It is not one with the blowing clover and the falling rain"" (Address to Harvard Divinity College, July 15, 1838). He demolished the right wing hypocrites of his era in his essay ""Worship"": "". . . the louder he talked of his honor, the faster we counted our spoons"" (Conduct of Life, 1860). ""I hate this shallow Americanism which hopes to get rich by credit, to get knowledge by raps on midnight tables, to learn the economy of the mind by phrenology, or skill without study, or mastery without apprenticeship"" (Self-Reliance). ""The first and last lesson of religion is, 'The things that are seen are temporal; the things that are not seen are eternal.' It puts an affront upon nature"" (English Traits , 1856). ""The god of the cannibals will be a cannibal, of the crusaders a crusader, and of the merchants a merchant."" (Civilization, 1862). He influenced generations of Americans, from his friend Henry David Thoreau to John Dewey, and in Europe, Friedrich Nietzsche, who takes up such Emersonian themes as power, fate, the uses of poetry and history, and the critique of Christianity. D. 1882.More: http://www.rwe.org/http://plato.stanford.edu/entries/eme...http://transcendentalism-legacy.tamu....http://en.wikipedia.org/wiki/Ralph_Wa...http://www.poets.org/poet.php/prmPID/201http://www.pbs.org/wnet/ihas/poet/eme...http://www.biography.com/people/ralph...http://www.online-literature.com/emer...http://www.emersoncentral.com/",,2026-10-06T07:03:53+00:00
Quotes to Scrape,https://quotes.toscrape.com/page/7/,I have never let my schooling interfere with my education.,,,,,Mark Twain,education,"Samuel Langhorne Clemens, better known by his pen name Mark Twain, was an American author and humorist. He is noted for his novels Adventures of Huckleberry Finn (1885), called ""the Great American Novel"", and The Adventures of Tom Sawyer (1876).Twain grew up in Hannibal, Missouri, which would later provide the setting for Huckleberry Finn and Tom Sawyer. He apprenticed with a printer. He also worked as a typesetter and contributed articles to his older brother Orion's newspaper. After toiling as a printer in various cities, he became a master riverboat pilot on the Mississippi River, before heading west to join Orion. He was a failure at gold mining, so he next turned to journalism. While a reporter, he wrote a humorous story, ""The Celebrated Jumping Frog of Calaveras County,"" which proved to be very popular and brought him nationwide attention. His travelogues were also well-received. Twain had found his calling.He achieved great success as a writer and public speaker. His wit and satire earned praise from critics and peers, and he was a friend to presidents, artists, industrialists, and European royalty.However, he lacked financial acumen. Though he made a great deal of money from his writings and lectures, he squandered it on various ventures, in particular the Paige Compositor, and was forced to declare bankruptcy. With the help of Henry Huttleston Rogers, however, he eventually overcame his financial troubles. Twain worked hard to ensure that all of his creditors were paid in full, even though his bankruptcy had relieved him of the legal responsibility.Born during a visit by Halley's Comet, he died on its return. He was lauded as the ""greatest American humorist of his age"", and William Faulkner called Twain ""the father of American literature"".Excerpted from Wikipedia.",,2026-10-06T07:03:53+00:00
Quotes to Scrape,https://quotes.toscrape.com/page/7/,I have heard there are troubles of more than one kind. Some come from ahead and some come from behind. But I've bought a big bat. I'm all ready you see. Now my troubles are going to have troubles with me!,,,,,Dr. Seuss,troubles,"Theodor Seuss Geisel was born 2 March 1904 in Springfield, MA. He graduated Dartmouth College in 1925, and proceeded on to Oxford University with the intent of acquiring a doctorate in literature. At Oxford he met Helen Palmer, who he wed in 1927. He returned from Europe in 1927, and began working for a magazine called Judge, the leading humor magazine in America at the time, submitting both cartoons and humorous articles for them. Additionally, he was submitting cartoons to Life, Vanity Fair and Liberty. In some of his works, he'd made reference to an insecticide called Flit. These references gained notice, and led to a contract to draw comic ads for Flit. This association lasted 17 years, gained him national exposure, and coined the catchphrase ""Quick, Henry, the Flit!"" In 1936 on the way to a vaction in Europe, listening to the rhythm of the ship's engines, he came up with And to Think That I Saw It on Mulberry Street, which was then promptly rejected by the first 43 publishers he showed it to. Eventually in 1937 a friend published the book for him, and it went on to at least moderate success. During WW II, Geisel joined the army and was sent to Hollywood. Captain Geisel would write for Frank Capra's Signal Corps Unit (for which he won the Legion of Merit) and do documentaries (he won Oscar's for Hitler Lives and Design for Death). He also created a cartoon called Gerald McBoing-Boing which also won him an Oscar. In May of 1954, Life published a report concerning illiteracy among school children. The report said, among other things, that children were having trouble to read because their books were boring. This inspired Geisel's publisher, and prompted him to send Geisel a list of 400 words he felt were important, asked him to cut the list to 250 words (the publishers idea of how many words at one time a first grader could absorb), and write a book. Nine months later, Geisel, using 220 of the words given to him published The Cat in the Hat, which went on to instant success. In 1960 Bennett Cerf bet Geisel $50 that he couldn't write an entire book using only fifty words. The result was Green Eggs and Ham. Cerf never paid the $50 from the bet. Helen Palmer Geisel died in 1967. Theodor Geisel married Audrey Stone Diamond in 1968. Theodor Seuss Geisel died 24 September 1991. Also worked under the pen name:Theo Le Sieg",,2026-10-06T07:03:53+00:00
Quotes to Scrape,https://quotes.toscrape.com/page/8/,If I had a flower for every time I thought of you...I could walk through my garden forever.,,,,,Alfred Tennyson,friendship|love,"Alfred Tennyson was born in Somersby, Lincolnshire, the fourth of the twelve children of George Tennyson, clergyman, and his wife, Elizabeth. In 1816 Tennyson was sent to Louth Grammar School, which he disliked so intensely that from 1820 he was educated at home until at the age of 18 he joined his two brothers at Trinity College, Cambridge and with his brother Charles published his first book, Poems by Two Brothers the same year. His second book, Poems Chiefly Lyrical was published in 1830. In 1833, Tennyson's best friend Arthur Henry Hallam, who was engaged to his sister, died, inspiring some of his best work including In Memoriam, Ulysses and the Passing of Arthur.In 1850, following William Wordsworth, Tennyson was appointed Poet Laureate and married his childhood friend, Emily Sellwood. They had two children, Hallam born in 1852 and Lionel, two years later. In 1884, as a great favourite of both Queen Victoria and Prince Albert, he was raised to the peerage and was thereafter known as Baron Tennyson of Aldworth. He was the first Englishman to be granted such a high rank solely for literary distinction. Tennyson continued to write poetry throughout his life and in the 1870s also wrote a number of plays. he died in 1892 at the age of 83 and was buried in Westminster Abbey.*Note. On all books written by Tennyson, his name is written as Arthur Lord Tennyson, and never Arthur Tennyson, and so his author's profile ought to be in this name too.",,2026-10-06T07:03:53+00:00
Quotes to Scrape,https://quotes.toscrape.com/page/8/,Some people never go crazy. What truly horrible lives they must lead.,,,,,Charles Bukowski,humor,"Henry Charles Bukowski (born as Heinrich Karl Bukowski) was a German-born American poet, novelist and short story writer. His writing was influenced by the social, cultural and economic ambience of his home city of Los Angeles.It is marked by an emphasis on the ordinary lives of poor Americans, the act of writing, alcohol, relationships with women and the drudgery of work. Bukowski wrote thousands of poems, hundreds of short stories and six novels, eventually publishing over sixty booksCharles Bukowski was the only child of an American soldier and a German mother. At the age of three, he came with his family to the United States and grew up in Los Angeles. He attended Los Angeles City College from 1939 to 1941, then left school and moved to New York City to become a writer. His lack of publishing success at this time caused him to give up writing in 1946 and spurred a ten-year stint of heavy drinking. After he developed a bleeding ulcer, he decided to take up writing again. He worked a wide range of jobs to support his writing, including dishwasher, truck driver and loader, mail carrier, guard, gas station attendant, stock boy, warehouse worker, shipping clerk, post office clerk, parking lot attendant, Red Cross orderly, and elevator operator. He also worked in a dog biscuit factory, a slaughterhouse, a cake and cookie factory, and he hung posters in New York City subways.Bukowski published his first story when he was twenty-four and began writing poetry at the age of thirty-five. His first book of poetry was published in 1959; he went on to publish more than forty-five books of poetry and prose, including Pulp (1994), Screams from the Balcony (1993), and The Last Night of the Earth Poems (1992).He died of leukemia in San Pedro on March 9, 1994.",,2026-10-06T07:03:53+00:00
Quotes to Scrape,https://quotes.toscrape.com/page/8/,"The trouble with having an open mind, of course, is that people will insist on coming along and trying to put things in it.",,,,,Terry Pratchett,humor|open-mind|thinking,"Sir Terry Pratchett sold his first story when he was thirteen, which earned him enough money to buy a second-hand typewriter. His first novel, a humorous fantasy entitled The Carpet People, appeared in 1971 from the publisher Colin Smythe. Terry worked for many years as a journalist and press officer, writing in his spare time and publishing a number of novels, including his first Discworld novel, The Color of Magic, in 1983. In 1987, he turned to writing full time. There are over 40 books in the Discworld series, of which four are written for children. The first of these, The Amazing Maurice and His Educated Rodents, won the Carnegie Medal. A non-Discworld book, Good Omens, his 1990 collaboration with Neil Gaiman, has been a longtime bestseller and was reissued in hardcover by William Morrow in early 2006 (it is also available as a mass market paperback - Harper Torch, 2006 - and trade paperback - Harper Paperbacks, 2006). In 2008, Harper Children's published Terry's standalone non-Discworld YA novel, Nation. Terry published Snuff in October 2011. Regarded as one of the most significant contemporary English-language satirists, Pratchett has won numerous literary awards, was named an Officer of the British Empire “for services to literature” in 1998, and has received honorary doctorates from University of Warwick in 1999, the University of Portsmouth in 2001, the University of Bath in 2003, the University of Bristol in 2004, Buckinghamshire New University in 2008, the University of Dublin in 2008, Bradford University in 2009, University of Winchester in 2009, and The Open University in 2013 for his contribution to Public Service.In Dec. of 2007, Pratchett disclosed that he had been diagnosed with Alzheimer's disease. On 18 Feb, 2009, he was knighted by Queen Elizabeth II.He was awarded the World Fantasy Life Achievement Award in 2010.Sir Terry Pratchett passed away on 12th March 2015.",,2026-10-06T07:03:53+00:00
Quotes to Scrape,https://quotes.toscrape.com/page/8/,"Think left and think right and think low and think high. Oh, the thinks you can think up if only you try!",,,,,Dr. Seuss,humor|philosophy,"Theodor Seuss Geisel was born 2 March 1904 in Springfield, MA. He graduated Dartmouth College in 1925, and proceeded on to Oxford University with the intent of acquiring a doctorate in literature. At Oxford he met Helen Palmer, who he wed in 1927. He returned from Europe in 1927, and began working for a magazine called Judge, the leading humor magazine in America at the time, submitting both cartoons and humorous articles for them. Additionally, he was submitting cartoons to Life, Vanity Fair and Liberty. In some of his works, he'd made reference to an insecticide called Flit. These references gained notice, and led to a contract to draw comic ads for Flit. This association lasted 17 years, gained him national exposure, and coined the catchphrase ""Quick, Henry, the Flit!"" In 1936 on the way to a vaction in Europe, listening to the rhythm of the ship's engines, he came up with And to Think That I Saw It on Mulberry Street, which was then promptly rejected by the first 43 publishers he showed it to. Eventually in 1937 a friend published the book for him, and it went on to at least moderate success. During WW II, Geisel joined the army and was sent to Hollywood. Captain Geisel would write for Frank Capra's Signal Corps Unit (for which he won the Legion of Merit) and do documentaries (he won Oscar's for Hitler Lives and Design for Death). He also created a cartoon called Gerald McBoing-Boing which also won him an Oscar. In May of 1954, Life published a report concerning illiteracy among school children. The report said, among other things, that children were having trouble to read because their books were boring. This inspired Geisel's publisher, and prompted him to send Geisel a list of 400 words he felt were important, asked him to cut the list to 250 words (the publishers idea of how many words at one time a first grader could absorb), and write a book. Nine months later, Geisel, using 220 of the words given to him published The Cat in the Hat, which went on to instant success. In 1960 Bennett Cerf bet Geisel $50 that he couldn't write an entire book using only fifty words. The result was Green Eggs and Ham. Cerf never paid the $50 from the bet. Helen Palmer Geisel died in 1967. Theodor Geisel married Audrey Stone Diamond in 1968. Theodor Seuss Geisel died 24 September 1991. Also worked under the pen name:Theo Le Sieg",,2026-10-06T07:03:53+00:00
Quotes to Scrape,https://quotes.toscrape.com/page/8/,"What really knocks me out is a book that, when you're all done reading it, you wish the author that wrote it was a terrific friend of yours and you could call him up on the phone whenever you felt like it. That doesn't happen much, though.",,,,,J.D. Salinger,authors|books|literature|reading|writing,"Jerome David Salinger was an American author, best known for his 1951 novel The Catcher in the Rye, as well as his reclusive nature. His last original published work was in 1965; he gave his last interview in 1980. Raised in Manhattan, Salinger began writing short stories while in secondary school, and published several stories in the early 1940s before serving in World War II. In 1948 he published the critically acclaimed story ""A Perfect Day for Bananafish"" in The New Yorker magazine, which became home to much of his subsequent work. In 1951 Salinger released his novel The Catcher in the Rye, an immediate popular success. His depiction of adolescent alienation and loss of innocence in the protagonist Holden Caulfield was influential, especially among adolescent readers. The novel remains widely read and controversial, selling around 250,000 copies a year.The success of The Catcher in the Rye led to public attention and scrutiny: Salinger became reclusive, publishing new work less frequently. He followed Catcher with a short story collection, Nine Stories (1953), a collection of a novella and a short story, Franny and Zooey (1961), and a collection of two novellas, Raise High the Roof Beam, Carpenters and Seymour: An Introduction (1963). His last published work, a novella entitled ""Hapworth 16, 1924"", appeared in The New Yorker on June 19, 1965.Afterward, Salinger struggled with unwanted attention, including a legal battle in the 1980s with biographer Ian Hamilton and the release in the late 1990s of memoirs written by two people close to him: Joyce Maynard, an ex-lover; and Margaret Salinger, his daughter. In 1996, a small publisher announced a deal with Salinger to publish ""Hapworth 16, 1924"" in book form, but amid the ensuing publicity, the release was indefinitely delayed. He made headlines around the globe in June 2009, after filing a lawsuit against another writer for copyright infringement resulting from that writer's use of one of Salinger's characters from The Catcher in the Rye. Salinger died of natural causes on January 27, 2010, at his home in Cornish, New Hampshire.",,2026-10-06T07:03:53+00:00
Quotes to Scrape,https://quotes.toscrape.com/page/8/,The reason I talk to myself is because I’m the only one whose answers I accept.,,,,,George Carlin,humor|insanity|lies|lying|self-indulgence|truth,"George Denis Patrick Carlin was a Grammy-winning American stand-up comedian, actor, author, and philosopher.Carlin was especially noted for his political and black humor and his observations on language, psychology, and religion along with many taboo subjects. Carlin and his ""Seven Dirty Words"" comedy routine were central to the 1978 U.S. Supreme Court case F.C.C. v. Pacifica Foundation, in which a narrow 5-4 decision by the justices affirmed the government's right to regulate Carlin's act on the public airwaves.Carlin's mid-2000s stand-up routines focused on the flaws in modern-day America. He often took on contemporary political issues in the United States and satirized the excesses of American culture.A disciple of Lenny Bruce, he placed second on the Comedy Central cable television network list of the 10 greatest stand-up comedians, ahead of Bruce and behind Richard Pryor. He was a frequent performer and guest host on The Tonight Show during the three-decade Johnny Carson era, and was also the first person to host Saturday Night Live.",,2026-10-06T07:03:53+00:00
Quotes to Scrape,https://quotes.toscrape.com/page/8/,"You may say I'm a dreamer, but I'm not the only one. I hope someday you'll join us. And the world will live as one.",,,,,John Lennon,beatles|connection|dreamers|dreaming|dreams|hope|inspirational|peace,"John Winston Ono Lennon, MBE, was an English singer-songwriter who rose to worldwide fame as one of the founding members of The Beatles, and together with Paul McCartney formed one of the most successful songwriting partnerships of the 20th century.Born and raised in Liverpool, Lennon became involved in the skiffle craze as a teenager, his first band, The Quarrymen, evolving into The Beatles in 1960. As the group began to undergo the disintegration that led to their break-up towards the end of that decade, Lennon launched a solo career that would span the next decade, punctuated by critically acclaimed albums, including John Lennon/Plastic Ono Band and Imagine, and iconic songs such as ""Give Peace a Chance"" and ""Imagine"".Lennon revealed a rebellious nature and acerbic wit in his music, his writing, on film, and in interviews, and became controversial through his work as a peace activist. He moved to New York City in 1971, where his criticism of the Vietnam War resulted in a lengthy attempt by Richard Nixon's administration to deport him, while his songs were adapted as anthems by the anti-war movement. Disengaging himself from the music business in 1975 to devote time to his family, Lennon reemerged in October 1980 with a new single and a comeback album, Double Fantasy, but was murdered weeks after their release on the sidewalk outside his home in the Dakota. Ironically, ""Imagine"" (imagine all the people, living life in peace) was a featured cut from this album.Lennon's album sales in the United States alone stand at 14 million units, and as performer, writer, or co-writer he is responsible for 27 number one singles on the US Hot 100 chart. In 2002, a BBC poll on the 100 Greatest Britons voted him eighth, and in 2008 Rolling Stone ranked him the fifth greatest singer of all time. He was posthumously inducted into the Songwriters Hall of Fame in 1987 and into the Rock and Roll Hall of Fame in 1994.--Wikipedia the Free Encyclopedia --",,2026-10-06T07:03:53+00:00
Quotes to Scrape,https://quotes.toscrape.com/page/8/,I am free of all prejudice. I hate everyone equally.,,,,,W.C. Fields,humor|sinister,"W. C. Fields was born William Claude Dukenfield, the eldest of five children. Field's parents were a Cockney immigrant James Dukenfield and Philadelphia native Kate FeltonHe was an American juggler, comedian, and actor. Fields created one of the great American comic personas of the first half of the 20th century—a misanthrope who teetered on the edge of buffoonery but never quite fell in, an egotist blind to his own failings, a charming drunk; and a man who hated children, dogs, and women, unless they were the wrong sort of women.Fields was a marvel of marketing, he would go as far as pretending to drown in the ocean or other bodies of water, hoping to draw crowds (i.e. customers). His notoriety began around the age of 19, being propelled by his early 20s. His stardom would reach the heights Perform for Sarah Bernhardt at Buckingham Palace and other high profiled dignitaries. During his life, he would preform with some of the greatest names (e.g. Charles Chaplin) and on some of he greatest stages. As a person, W. C. Field's had two sons: William Rexford Field Morris and William Claude Fields, Jr. Fields was married only once to Harriet Hughes from 1900 to 1946. Harriet bore Field's one son and a girlfriend by the name of Bessie Poole bore him the other son. However, there is rumor that he had a number of girlfriend's throughout his life, but the most significant were Bessie Poole and Carlotta Monti.",,2026-10-06T07:03:53+00:00
Quotes to Scrape,https://quotes.toscrape.com/page/8/,The question isn't who is going to let me; it's who is going to stop me.,,,,,Ayn Rand,,"Alisa Rosenbaum was born in pre-revolutionary St. Petersburg to a prosperous Jewish family. When the Bolsheviks requisitioned the pharmacy owned by her father, Fronz, the Rosenbaums fled to the Crimea. Alisa returned to the city (renamed Leningrad) to attend the university, but in 1926 relatives who had already settled in America offered her the chance of joining them there. With money from the sale of her mother's jewelry, Alisa bought a ticket to New York. On arrival at Ellis Island, she changed into Ayn (after a name of some Finnish author, probably ""Aino"") Rand (taken from the brand name of her Remington-Rand typewriter). She moved swiftly to Hollywood, where she learned English, worked in the RKO wardrobe department and as an extra, and wrote through the night on screenplays and novels. She also married a bit-part actor called Frank O'Connor because he was 'beautiful' - and because her original visitor's visa had run out.Rand sold her first screenplay in 1932, but nobody would buy her first novel We the Living (1936) a melodrama set in Russia. Her first real success was The Fountainhead (rejected by more than ten publishers before publication in 1943).She started a new philosophy known as Objectivism, opposed to state interference of all kinds, and her follow-up novel Atlas Shrugged (1957) describes a group who attempt to escape America's conspiracy of mediocrity. Objectivism has been an influence on various other movements such as Libertarianism, and Rand's vocal support for Laissez-faire Capitalism and the free market has earned her a distinct spot among American philosophers, and philosophers in general.---",,2026-10-06T07:03:53+00:00
Quotes to Scrape,https://quotes.toscrape.com/page/8/,′Classic′ - a book which people praise and don't read.,,,,,Mark Twain,books|classic|reading,"Samuel Langhorne Clemens, better known by his pen name Mark Twain, was an American author and humorist. He is noted for his novels Adventures of Huckleberry Finn (1885), called ""the Great American Novel"", and The Adventures of Tom Sawyer (1876).Twain grew up in Hannibal, Missouri, which would later provide the setting for Huckleberry Finn and Tom Sawyer. He apprenticed with a printer. He also worked as a typesetter and contributed articles to his older brother Orion's newspaper. After toiling as a printer in various cities, he became a master riverboat pilot on the Mississippi River, before heading west to join Orion. He was a failure at gold mining, so he next turned to journalism. While a reporter, he wrote a humorous story, ""The Celebrated Jumping Frog of Calaveras County,"" which proved to be very popular and brought him nationwide attention. His travelogues were also well-received. Twain had found his calling.He achieved great success as a writer and public speaker. His wit and satire earned praise from critics and peers, and he was a friend to presidents, artists, industrialists, and European royalty.However, he lacked financial acumen. Though he made a great deal of money from his writings and lectures, he squandered it on various ventures, in particular the Paige Compositor, and was forced to declare bankruptcy. With the help of Henry Huttleston Rogers, however, he eventually overcame his financial troubles. Twain worked hard to ensure that all of his creditors were paid in full, even though his bankruptcy had relieved him of the legal responsibility.Born during a visit by Halley's Comet, he died on its return. He was lauded as the ""greatest American humorist of his age"", and William Faulkner called Twain ""the father of American literature"".Excerpted from Wikipedia.",,2026-10-06T07:03:53+00:00
Quotes to Scrape,https://quotes.toscrape.com/page/9/,Anyone who has never made a mistake has never tried anything new.,,,,,Albert Einstein,mistakes,"In 1879, Albert Einstein was born in Ulm, Germany. He completed his Ph.D. at the University of Zurich by 1909. His 1905 paper explaining the photoelectric effect, the basis of electronics, earned him the Nobel Prize in 1921. His first paper on Special Relativity Theory, also published in 1905, changed the world. After the rise of the Nazi party, Einstein made Princeton his permanent home, becoming a U.S. citizen in 1940. Einstein, a pacifist during World War I, stayed a firm proponent of social justice and responsibility. He chaired the Emergency Committee of Atomic Scientists, which organized to alert the public to the dangers of atomic warfare.At a symposium, he advised: ""In their struggle for the ethical good, teachers of religion must have the stature to give up the doctrine of a personal God, that is, give up that source of fear and hope which in the past placed such vast power in the hands of priests. In their labors they will have to avail themselves of those forces which are capable of cultivating the Good, the True, and the Beautiful in humanity itself. This is, to be sure a more difficult but an incomparably more worthy task . . . "" (""Science, Philosophy and Religion, A Symposium,"" published by the Conference on Science, Philosophy and Religion in their Relation to the Democratic Way of Life, Inc., New York, 1941). In a letter to philosopher Eric Gutkind, dated Jan. 3, 1954, Einstein stated: ""The word god is for me nothing more than the expression and product of human weaknesses, the Bible a collection of honorable, but still primitive legends which are nevertheless pretty childish. No interpretation no matter how subtle can (for me) change this,"" (The Guardian, ""Childish superstition: Einstein's letter makes view of religion relatively clear,"" by James Randerson, May 13, 2008). D. 1955.While best known for his mass–energy equivalence formula E = mc2 (which has been dubbed ""the world's most famous equation""), he received the 1921 Nobel Prize in Physics ""for his services to theoretical physics, and especially for his discovery of the law of the photoelectric effect"". The latter was pivotal in establishing quantum theory.Einstein thought that Newtonion mechanics was no longer enough to reconcile the laws of classical mechanics with the laws of the electromagnetic field. This led to the development of his special theory of relativity. He realized, however, that the principle of relativity could also be extended to gravitational fields, and with his subsequent theory of gravitation in 1916, he published a paper on the general theory of relativity. He continued to deal with problems of statistical mechanics and quantum theory, which led to his explanations of particle theory and the motion of molecules. He also investigated the thermal properties of light which laid the foundation of the photon theory of light.He was visiting the United States when Adolf Hitler came to power in 1933 and did not go back to Germany. On the eve of World War II, he endorsed a letter to President Franklin D. Roosevelt alerting him to the potential development of ""extremely powerful bombs of a new type"" and recommending that the U.S. begin similar research. This eventually led to what would become the Manhattan Project. Einstein supported defending the Allied forces, but largely denounced the idea of using the newly discovered nuclear fission as a weapon. Later, with Bertrand Russell, Einstein signed the Russell–Einstein Manifesto, which highlighted the danger of nuclear weapons. Einstein was affiliated with the Institute for Advanced Study in Princeton, New Jersey, until his death in 1955.His great intellectual achievements and originality have made the word ""Einstein"" synonymous with genius.More: http://en.wikipedia.org/wiki/Albert_E...http://www.nobelprize.org/nobel_prize...",,2026-10-06T07:03:53+00:00
Quotes to Scrape,https://quotes.toscrape.com/page/9/,"A lady's imagination is very rapid; it jumps from admiration to love, from love to matrimony in a moment.",,,,,Jane Austen,humor|love|romantic|women,"Jane Austen was an English novelist whose works of romantic fiction, set among the landed gentry, earned her a place as one of the most widely read writers in English literature, her realism and biting social commentary cementing her historical importance among scholars and critics.Austen lived her entire life as part of a close-knit family located on the lower fringes of the English landed gentry. She was educated primarily by her father and older brothers as well as through her own reading. The steadfast support of her family was critical to her development as a professional writer. Her artistic apprenticeship lasted from her teenage years until she was about 35 years old. During this period, she experimented with various literary forms, including the epistolary novel which she tried then abandoned, and wrote and extensively revised three major novels and began a fourth. From 1811 until 1816, with the release of Sense and Sensibility (1811), Pride and Prejudice (1813), Mansfield Park (1814) and Emma (1815), she achieved success as a published writer. She wrote two additional novels, Northanger Abbey and Persuasion, both published posthumously in 1818, and began a third, which was eventually titled Sanditon, but died before completing it.Austen's works critique the novels of sensibility of the second half of the 18th century and are part of the transition to 19th-century realism. Her plots, though fundamentally comic, highlight the dependence of women on marriage to secure social standing and economic security. Her work brought her little personal fame and only a few positive reviews during her lifetime, but the publication in 1869 of her nephew's A Memoir of Jane Austen introduced her to a wider public, and by the 1940s she had become widely accepted in academia as a great English writer. The second half of the 20th century saw a proliferation of Austen scholarship and the emergence of a Janeite fan culture.",,2026-10-06T07:03:53+00:00
Quotes to Scrape,https://quotes.toscrape.com/page/9/,"Remember, if the time should come when you have to make a choice between what is right and what is easy, remember what happened to a boy who was good, and kind, and brave, because he strayed across the path of Lord Voldemort. Remember Cedric Diggory.",,,,,J.K. Rowling,integrity,"See also: Robert GalbraithAlthough she writes under the pen name J.K. Rowling, pronounced like rolling, her name when her first Harry Potter book was published was simply Joanne Rowling. Anticipating that the target audience of young boys might not want to read a book written by a woman, her publishers demanded that she use two initials, rather than her full name. As she had no middle name, she chose K as the second initial of her pen name, from her paternal grandmother Kathleen Ada Bulgen Rowling. She calls herself Jo and has said, ""No one ever called me 'Joanne' when I was young, unless they were angry."" Following her marriage, she has sometimes used the name Joanne Murray when conducting personal business. During the Leveson Inquiry she gave evidence under the name of Joanne Kathleen Rowling. In a 2012 interview, Rowling noted that she no longer cared that people pronounced her name incorrectly.Rowling was born to Peter James Rowling, a Rolls-Royce aircraft engineer, and Anne Rowling (née Volant), on 31 July 1965 in Yate, Gloucestershire, England, 10 miles (16 km) northeast of Bristol. Her mother Anne was half-French and half-Scottish. Her parents first met on a train departing from King's Cross Station bound for Arbroath in 1964. They married on 14 March 1965. Her mother's maternal grandfather, Dugald Campbell, was born in Lamlash on the Isle of Arran. Her mother's paternal grandfather, Louis Volant, was awarded the Croix de Guerre for exceptional bravery in defending the village of Courcelles-le-Comte during the First World War.Rowling's sister Dianne was born at their home when Rowling was 23 months old. The family moved to the nearby village Winterbourne when Rowling was four. She attended St Michael's Primary School, a school founded by abolitionist William Wilberforce and education reformer Hannah More. Her headmaster at St Michael's, Alfred Dunn, has been suggested as the inspiration for the Harry Potter headmaster Albus Dumbledore.As a child, Rowling often wrote fantasy stories, which she would usually then read to her sister. She recalls that: ""I can still remember me telling her a story in which she fell down a rabbit hole and was fed strawberries by the rabbit family inside it. Certainly the first story I ever wrote down (when I was five or six) was about a rabbit called Rabbit. He got the measles and was visited by his friends, including a giant bee called Miss Bee."" At the age of nine, Rowling moved to Church Cottage in the Gloucestershire village of Tutshill, close to Chepstow, Wales. When she was a young teenager, her great aunt, who Rowling said ""taught classics and approved of a thirst for knowledge, even of a questionable kind,"" gave her a very old copy of Jessica Mitford's autobiography, Hons and Rebels. Mitford became Rowling's heroine, and Rowling subsequently read all of her books.Rowling has said of her teenage years, in an interview with The New Yorker, ""I wasn’t particularly happy. I think it’s a dreadful time of life."" She had a difficult homelife; her mother was ill and she had a difficult relationship with her father (she is no longer on speaking terms with him). She attended secondary school at Wyedean School and College, where her mother had worked as a technician in the science department. Rowling said of her adolescence, ""Hermione [a bookish, know-it-all Harry Potter character] is loosely based on me. She's a caricature of me when I was eleven, which I'm not particularly proud of."" Steve Eddy, who taught Rowling English when she first arrived, remembers her as ""not exceptional"" but ""one of a group of girls who were bright, and quite good at English."" Sean Harris, her best friend in the Upper Sixth owned a turquoise Ford Anglia, which she says inspired the one in her books.",,2026-10-06T07:03:53+00:00
Quotes to Scrape,https://quotes.toscrape.com/page/9/,"I declare after all there is no enjoyment like reading! How much sooner one tires of any thing than of a book! -- When I have a house of my own, I shall be miserable if I have not an excellent library.",,,,,Jane Austen,books|library|reading,"Jane Austen was an English novelist whose works of romantic fiction, set among the landed gentry, earned her a place as one of the most widely read writers in English literature, her realism and biting social commentary cementing her historical importance among scholars and critics.Austen lived her entire life as part of a close-knit family located on the lower fringes of the English landed gentry. She was educated primarily by her father and older brothers as well as through her own reading. The steadfast support of her family was critical to her development as a professional writer. Her artistic apprenticeship lasted from her teenage years until she was about 35 years old. During this period, she experimented with various literary forms, including the epistolary novel which she tried then abandoned, and wrote and extensively revised three major novels and began a fourth. From 1811 until 1816, with the release of Sense and Sensibility (1811), Pride and Prejudice (1813), Mansfield Park (1814) and Emma (1815), she achieved success as a published writer. She wrote two additional novels, Northanger Abbey and Persuasion, both published posthumously in 1818, and began a third, which was eventually titled Sanditon, but died before completing it.Austen's works critique the novels of sensibility of the second half of the 18th century and are part of the transition to 19th-century realism. Her plots, though fundamentally comic, highlight the dependence of women on marriage to secure social standing and economic security. Her work brought her little personal fame and only a few positive reviews during her lifetime, but the publication in 1869 of her nephew's A Memoir of Jane Austen introduced her to a wider public, and by the 1940s she had become widely accepted in academia as a great English writer. The second half of the 20th century saw a proliferation of Austen scholarship and the emergence of a Janeite fan culture.",,2026-10-06T07:03:53+00:00
Quotes to Scrape,https://quotes.toscrape.com/page/9/,"There are few people whom I really love, and still fewer of whom I think well. The more I see of the world, the more am I dissatisfied with it; and every day confirms my belief of the inconsistency of all human characters, and of the little dependence that can be placed on the appearance of merit or sense.",,,,,Jane Austen,elizabeth-bennet|jane-austen,"Jane Austen was an English novelist whose works of romantic fiction, set among the landed gentry, earned her a place as one of the most widely read writers in English literature, her realism and biting social commentary cementing her historical importance among scholars and critics.Austen lived her entire life as part of a close-knit family located on the lower fringes of the English landed gentry. She was educated primarily by her father and older brothers as well as through her own reading. The steadfast support of her family was critical to her development as a professional writer. Her artistic apprenticeship lasted from her teenage years until she was about 35 years old. During this period, she experimented with various literary forms, including the epistolary novel which she tried then abandoned, and wrote and extensively revised three major novels and began a fourth. From 1811 until 1816, with the release of Sense and Sensibility (1811), Pride and Prejudice (1813), Mansfield Park (1814) and Emma (1815), she achieved success as a published writer. She wrote two additional novels, Northanger Abbey and Persuasion, both published posthumously in 1818, and began a third, which was eventually titled Sanditon, but died before completing it.Austen's works critique the novels of sensibility of the second half of the 18th century and are part of the transition to 19th-century realism. Her plots, though fundamentally comic, highlight the dependence of women on marriage to secure social standing and economic security. Her work brought her little personal fame and only a few positive reviews during her lifetime, but the publication in 1869 of her nephew's A Memoir of Jane Austen introduced her to a wider public, and by the 1940s she had become widely accepted in academia as a great English writer. The second half of the 20th century saw a proliferation of Austen scholarship and the emergence of a Janeite fan culture.",,2026-10-06T07:03:53+00:00
Quotes to Scrape,https://quotes.toscrape.com/page/9/,Some day you will be old enough to start reading fairy tales again.,,,,,C.S. Lewis,age|fairytales|growing-up,"CLIVE STAPLES LEWIS (1898–1963) was one of the intellectual giants of the twentieth century and arguably one of the most influential writers of his day. He was a Fellow and Tutor in English Literature at Oxford University until 1954. He was unanimously elected to the Chair of Medieval and Renaissance Literature at Cambridge University, a position he held until his retirement. He wrote more than thirty books, allowing him to reach a vast audience, and his works continue to attract thousands of new readers every year. His most distinguished and popular accomplishments include Mere Christianity, Out of the Silent Planet, The Great Divorce, The Screwtape Letters, and the universally acknowledged classics The Chronicles of Narnia. To date, the Narnia books have sold over 100 million copies and been transformed into three major motion pictures.",,2026-10-06T07:03:53+00:00
Quotes to Scrape,https://quotes.toscrape.com/page/9/,We are not necessarily doubting that God will do the best for us; we are wondering how painful the best will turn out to be.,,,,,C.S. Lewis,god,"CLIVE STAPLES LEWIS (1898–1963) was one of the intellectual giants of the twentieth century and arguably one of the most influential writers of his day. He was a Fellow and Tutor in English Literature at Oxford University until 1954. He was unanimously elected to the Chair of Medieval and Renaissance Literature at Cambridge University, a position he held until his retirement. He wrote more than thirty books, allowing him to reach a vast audience, and his works continue to attract thousands of new readers every year. His most distinguished and popular accomplishments include Mere Christianity, Out of the Silent Planet, The Great Divorce, The Screwtape Letters, and the universally acknowledged classics The Chronicles of Narnia. To date, the Narnia books have sold over 100 million copies and been transformed into three major motion pictures.",,2026-10-06T07:03:53+00:00
Quotes to Scrape,https://quotes.toscrape.com/page/9/,The fear of death follows from the fear of life. A man who lives fully is prepared to die at any time.,,,,,Mark Twain,death|life,"Samuel Langhorne Clemens, better known by his pen name Mark Twain, was an American author and humorist. He is noted for his novels Adventures of Huckleberry Finn (1885), called ""the Great American Novel"", and The Adventures of Tom Sawyer (1876).Twain grew up in Hannibal, Missouri, which would later provide the setting for Huckleberry Finn and Tom Sawyer. He apprenticed with a printer. He also worked as a typesetter and contributed articles to his older brother Orion's newspaper. After toiling as a printer in various cities, he became a master riverboat pilot on the Mississippi River, before heading west to join Orion. He was a failure at gold mining, so he next turned to journalism. While a reporter, he wrote a humorous story, ""The Celebrated Jumping Frog of Calaveras County,"" which proved to be very popular and brought him nationwide attention. His travelogues were also well-received. Twain had found his calling.He achieved great success as a writer and public speaker. His wit and satire earned praise from critics and peers, and he was a friend to presidents, artists, industrialists, and European royalty.However, he lacked financial acumen. Though he made a great deal of money from his writings and lectures, he squandered it on various ventures, in particular the Paige Compositor, and was forced to declare bankruptcy. With the help of Henry Huttleston Rogers, however, he eventually overcame his financial troubles. Twain worked hard to ensure that all of his creditors were paid in full, even though his bankruptcy had relieved him of the legal responsibility.Born during a visit by Halley's Comet, he died on its return. He was lauded as the ""greatest American humorist of his age"", and William Faulkner called Twain ""the father of American literature"".Excerpted from Wikipedia.",,2026-10-06T07:03:53+00:00
Quotes to Scrape,https://quotes.toscrape.com/page/9/,A lie can travel half way around the world while the truth is putting on its shoes.,,,,,Mark Twain,misattributed-mark-twain|truth,"Samuel Langhorne Clemens, better known by his pen name Mark Twain, was an American author and humorist. He is noted for his novels Adventures of Huckleberry Finn (1885), called ""the Great American Novel"", and The Adventures of Tom Sawyer (1876).Twain grew up in Hannibal, Missouri, which would later provide the setting for Huckleberry Finn and Tom Sawyer. He apprenticed with a printer. He also worked as a typesetter and contributed articles to his older brother Orion's newspaper. After toiling as a printer in various cities, he became a master riverboat pilot on the Mississippi River, before heading west to join Orion. He was a failure at gold mining, so he next turned to journalism. While a reporter, he wrote a humorous story, ""The Celebrated Jumping Frog of Calaveras County,"" which proved to be very popular and brought him nationwide attention. His travelogues were also well-received. Twain had found his calling.He achieved great success as a writer and public speaker. His wit and satire earned praise from critics and peers, and he was a friend to presidents, artists, industrialists, and European royalty.However, he lacked financial acumen. Though he made a great deal of money from his writings and lectures, he squandered it on various ventures, in particular the Paige Compositor, and was forced to declare bankruptcy. With the help of Henry Huttleston Rogers, however, he eventually overcame his financial troubles. Twain worked hard to ensure that all of his creditors were paid in full, even though his bankruptcy had relieved him of the legal responsibility.Born during a visit by Halley's Comet, he died on its return. He was lauded as the ""greatest American humorist of his age"", and William Faulkner called Twain ""the father of American literature"".Excerpted from Wikipedia.",,2026-10-06T07:03:53+00:00
Quotes to Scrape,https://quotes.toscrape.com/page/9/,"I believe in Christianity as I believe that the sun has risen: not only because I see it, but because by it I see everything else.",,,,,C.S. Lewis,christianity|faith|religion|sun,"CLIVE STAPLES LEWIS (1898–1963) was one of the intellectual giants of the twentieth century and arguably one of the most influential writers of his day. He was a Fellow and Tutor in English Literature at Oxford University until 1954. He was unanimously elected to the Chair of Medieval and Renaissance Literature at Cambridge University, a position he held until his retirement. He wrote more than thirty books, allowing him to reach a vast audience, and his works continue to attract thousands of new readers every year. His most distinguished and popular accomplishments include Mere Christianity, Out of the Silent Planet, The Great Divorce, The Screwtape Letters, and the universally acknowledged classics The Chronicles of Narnia. To date, the Narnia books have sold over 100 million copies and been transformed into three major motion pictures.",,2026-10-06T07:03:53+00:00
Quotes to Scrape,https://quotes.toscrape.com/page/10/,"The truth."" Dumbledore sighed. ""It is a beautiful and terrible thing, and should therefore be treated with great caution.",,,,,J.K. Rowling,truth,"See also: Robert GalbraithAlthough she writes under the pen name J.K. Rowling, pronounced like rolling, her name when her first Harry Potter book was published was simply Joanne Rowling. Anticipating that the target audience of young boys might not want to read a book written by a woman, her publishers demanded that she use two initials, rather than her full name. As she had no middle name, she chose K as the second initial of her pen name, from her paternal grandmother Kathleen Ada Bulgen Rowling. She calls herself Jo and has said, ""No one ever called me 'Joanne' when I was young, unless they were angry."" Following her marriage, she has sometimes used the name Joanne Murray when conducting personal business. During the Leveson Inquiry she gave evidence under the name of Joanne Kathleen Rowling. In a 2012 interview, Rowling noted that she no longer cared that people pronounced her name incorrectly.Rowling was born to Peter James Rowling, a Rolls-Royce aircraft engineer, and Anne Rowling (née Volant), on 31 July 1965 in Yate, Gloucestershire, England, 10 miles (16 km) northeast of Bristol. Her mother Anne was half-French and half-Scottish. Her parents first met on a train departing from King's Cross Station bound for Arbroath in 1964. They married on 14 March 1965. Her mother's maternal grandfather, Dugald Campbell, was born in Lamlash on the Isle of Arran. Her mother's paternal grandfather, Louis Volant, was awarded the Croix de Guerre for exceptional bravery in defending the village of Courcelles-le-Comte during the First World War.Rowling's sister Dianne was born at their home when Rowling was 23 months old. The family moved to the nearby village Winterbourne when Rowling was four. She attended St Michael's Primary School, a school founded by abolitionist William Wilberforce and education reformer Hannah More. Her headmaster at St Michael's, Alfred Dunn, has been suggested as the inspiration for the Harry Potter headmaster Albus Dumbledore.As a child, Rowling often wrote fantasy stories, which she would usually then read to her sister. She recalls that: ""I can still remember me telling her a story in which she fell down a rabbit hole and was fed strawberries by the rabbit family inside it. Certainly the first story I ever wrote down (when I was five or six) was about a rabbit called Rabbit. He got the measles and was visited by his friends, including a giant bee called Miss Bee."" At the age of nine, Rowling moved to Church Cottage in the Gloucestershire village of Tutshill, close to Chepstow, Wales. When she was a young teenager, her great aunt, who Rowling said ""taught classics and approved of a thirst for knowledge, even of a questionable kind,"" gave her a very old copy of Jessica Mitford's autobiography, Hons and Rebels. Mitford became Rowling's heroine, and Rowling subsequently read all of her books.Rowling has said of her teenage years, in an interview with The New Yorker, ""I wasn’t particularly happy. I think it’s a dreadful time of life."" She had a difficult homelife; her mother was ill and she had a difficult relationship with her father (she is no longer on speaking terms with him). She attended secondary school at Wyedean School and College, where her mother had worked as a technician in the science department. Rowling said of her adolescence, ""Hermione [a bookish, know-it-all Harry Potter character] is loosely based on me. She's a caricature of me when I was eleven, which I'm not particularly proud of."" Steve Eddy, who taught Rowling English when she first arrived, remembers her as ""not exceptional"" but ""one of a group of girls who were bright, and quite good at English."" Sean Harris, her best friend in the Upper Sixth owned a turquoise Ford Anglia, which she says inspired the one in her books.",,2026-10-06T07:03:53+00:00
Quotes to Scrape,https://quotes.toscrape.com/page/10/,"I'm the one that's got to die when it's time for me to die, so let me live my life the way I want to.",,,,,Jimi Hendrix,death|life,"Jimi Hendrix was an American guitarist, singer and songwriter. Hendrix is considered one of the greatest and most influential guitarists in rock music history. After initial success in Europe, he achieved fame in the USA following his 1967 performance at the Monterey Pop Festival. Later, Hendrix headlined the iconic 1969 Woodstock Festival.Hendrix helped develop the technique of guitar feedback with overdriven amplifiers. He was influenced by blues artists such as B.B. King, Muddy Waters, Albert King, and Elmore James, rhythm and blues and soul guitarists Curtis Mayfield, Steve Cropper, as well as by some modern jazz.Carlos Santana has suggested that Hendrix's music may have been influenced by his Native American heritage. As a record producer, Hendrix also broke new ground in using the recording studio as an extension of his musical ideas; he was one of the first to experiment with stereophonic and phasing effects during recording.Hendrix won many of the most prestigious rock music awards in his lifetime and has been posthumously awarded many more, including being inducted into the USA's Rock and Roll Hall of Fame in 1992 and the UK Music Hall of Fame in 2005. An English Heritage ""Blue plaque"" was erected in his name on his former residence at Brook Street, London in September 1997 and his star on the Hollywood Walk of Fame (at 6627 Hollywood Blvd.) was dedicated in 1994. In 2006, his debut USA album, Are You Experienced, was inducted into the United States National Recording Registry and Rolling Stone named Hendrix number 1 on their list of the 100 Greatest Guitarists of All Time in 2003.",,2026-10-06T07:03:53+00:00
Quotes to Scrape,https://quotes.toscrape.com/page/10/,To die will be an awfully big adventure.,,,,,J.M. Barrie,adventure|love,"Sir James Matthew Barrie, 1st Baronet, OM (9 May 1860 – 19 June 1937) was a Scottish author and dramatist, best remembered today as the creator of Peter Pan.The child of a family of small-town weavers, he was educated in Scotland. He moved to London, where he developed a career as a novelist and playwright. There he met the Llewelyn Davies boys who inspired him in writing about a baby boy who has magical adventures in Kensington Gardens (included in The Little White Bird), then to write Peter Pan, or The Boy Who Wouldn't Grow Up, a ""fairy play"" about this ageless boy and an ordinary girl named Wendy who have adventures in the fantasy setting of Neverland. This play quickly overshadowed his previous work and although he continued to write successfully, it became his best-known work, credited with popularising the name Wendy, which was very uncommon previously.Barrie unofficially adopted the Davies boys following the deaths of their parents. Before his death, he gave the rights to the Peter Pan works to Great Ormond Street Hospital, which continues to benefit from them.",,2026-10-06T07:03:53+00:00
Quotes to Scrape,https://quotes.toscrape.com/page/10/,It takes courage to grow up and become who you really are.,,,,,E.E. Cummings,courage,"Edward Estlin Cummings was born in Cambridge, Massachusetts, on October 14, 1894. He began writing poems as early as 1904 and studied Latin and Greek at the Cambridge Latin High School.He received his BA in 1915 and his MA in 1916, both from Harvard University. His studies there introduced him to the poetry of avant-garde writers, such as Gertrude Stein and Ezra Pound.In 1917, Cummings published an early selection of poems in the anthology Eight Harvard Poets. The same year, Cummings left the United States for France as a volunteer ambulance driver in World War I. Five months after his assignment, however, he and a friend were interned in a prison camp by the French authorities on suspicion of espionage (an experience recounted in his novel, The Enormous Room) for his outspoken anti-war convictions.After the war, he settled into a life divided between houses in rural Connecticut and Greenwich Village, with frequent visits to Paris. He also traveled throughout Europe, meeting poets and artists, including Pablo Picasso, whose work he particularly admired.In 1920, The Dial published seven poems by Cummings, including ""Buffalo Bill ’s.” Serving as Cummings’ debut to a wider American audience, these “experiments” foreshadowed the synthetic cubist strategy Cummings would explore in the next few years.In his work, Cummings experimented radically with form, punctuation, spelling, and syntax, abandoning traditional techniques and structures to create a new, highly idiosyncratic means of poetic expression. Later in his career, he was often criticized for settling into his signature style and not pressing his work toward further evolution. Nevertheless, he attained great popularity, especially among young readers, for the simplicity of his language, his playful mode and his attention to subjects such as war and sex.The poet and critic Randall Jarrell once noted that Cummings is “one of the most individual poets who ever lived—and, though it sometimes seems so, it is not just his vices and exaggerations, the defects of his qualities, that make a writer popular. But, primarily, Mr. Cummings’s poems are loved because they are full of sentimentally, of sex, of more or less improper jokes, of elementary lyric insistence.”During his lifetime, Cummings received a number of honors, including an Academy of American Poets Fellowship, two Guggenheim Fellowships, the Charles Eliot Norton Professorship at Harvard, the Bollingen Prize in Poetry in 1958, and a Ford Foundation grant.At the time of his death, September 3, 1962, he was the second most widely read poet in the United States, after Robert Frost. He is buried in Forest Hills Cemetery in Boston, Massachusetts.source: http://www.poets.org/poetsorg/poet/e-...",,2026-10-06T07:03:53+00:00
Quotes to Scrape,https://quotes.toscrape.com/page/10/,But better to get hurt by the truth than comforted with a lie.,,,,,Khaled Hosseini,life,"Hosseini was born in Kabul, Afghanistan, in 1965. In 1970 Hosseini and his family moved to Iran where his father worked for the Embassy of Afghanistan in Tehran. In 1973 Hosseini's family returned to Kabul, and Hosseini's youngest brother was born in July of that year.In 1976, when Hosseini was 11 years old, Hosseini's father obtained a job in Paris, France, and moved the family there. They were unable to return to Afghanistan because of the Saur Revolution in which the PDPA communist party seized power through a bloody coup in April 1978. Instead, a year after the Soviet invasion of Afghanistan, in 1980 they sought political asylum in the United States and made their residence in San Jose, California.Hosseini graduated from Independence High School in San Jose in 1984 and enrolled at Santa Clara University, where he earned a bachelor's degree in biology in 1988. The following year, he entered the University of California, San Diego, School of Medicine, where he earned his M.D. in 1993. He completed his residency in internal medicine at Cedars-Sinai Medical Center in Los Angeles in 1996. He practiced medicine for over ten years, until a year and a half after the release of The Kite Runner.Hosseini is currently a Goodwill Envoy for the United Nations High Commissioner for Refugees (UNHCR). He has been working to provide humanitarian assistance in Afghanistan through the Khaled Hosseini Foundation. The concept for the foundation was inspired by the trip to Afghanistan that Hosseini made in 2007 with UNHCR.He lives in Northern California with his wife, Roya, and their two children (Harris and Farah).",,2026-10-06T07:03:53+00:00
Quotes to Scrape,https://quotes.toscrape.com/page/10/,You never really understand a person until you consider things from his point of view... Until you climb inside of his skin and walk around in it.,,,,,Harper Lee,better-life-empathy,"Harper Lee, known as Nelle, was born in the Alabama town of Monroeville, the youngest of four children of Amasa Coleman Lee and Frances Cunningham Finch Lee. Her father, a former newspaper editor and proprietor, was a lawyer who served on the state legislature from 1926 to 1938. As a child, Lee was a tomboy and a precocious reader, and enjoyed the friendship of her schoolmate and neighbor, the young Truman Capote.After graduating from high school in Monroeville, Lee enrolled at the all-female Huntingdon College in Montgomery (1944-45), and then pursued a law degree at the University of Alabama (1945-50), pledging the Chi Omega sorority. While there, she wrote for several student publications and spent a year as editor of the campus humor magazine, ""Ramma-Jamma"". Though she did not complete the law degree, she studied for a summer in Oxford, England, before moving to New York in 1950, where she worked as a reservation clerk with Eastern Air Lines and BOAC.Lee continued as a reservation clerk until the late 50s, when she devoted herself to writing. She lived a frugal life, traveling between her cold-water-only apartment in New York to her family home in Alabama to care for her father.Having written several long stories, Harper Lee located an agent in November 1956. The following month at the East 50th townhouse of her friends Michael Brown and Joy Williams Brown, she received a gift of a year's wages with a note: ""You have one year off from your job to write whatever you please. Merry Christmas."" Within a year, she had a first draft. Working with J. B. Lippincott & Co. editor Tay Hohoff, she completed To Kill a Mockingbird in the summer of 1959. Published July 11, 1960, the novel was an immediate bestseller and won great critical acclaim, including the Pulitzer Prize for Fiction in 1961. It remains a bestseller with more than 30 million copies in print. In 1999, it was voted ""Best Novel of the Century"" in a poll by the Library Journal.",,2026-10-06T07:03:53+00:00
Quotes to Scrape,https://quotes.toscrape.com/page/10/,"You have to write the book that wants to be written. And if the book will be too difficult for grown-ups, then you write it for children.",,,,,Madeleine L'Engle,books|children|difficult|grown-ups|write|writers|writing,"Madeleine L'Engle was an American writer best known for her Young Adult fiction, particularly the Newbery Medal-winning A Wrinkle in Time and its sequels A Wind in the Door, A Swiftly Tilting Planet, and Many Waters. Her works reflect her strong interest in modern science: tesseracts, for example, are featured prominently in A Wrinkle in Time, mitochondrial DNA in A Wind in the Door, organ regeneration in The Arm of the Starfish, and so forth.""Madeleine was born on November 29th, 1918, and spent her formative years in New York City. Instead of her school work, she found that she would much rather be writing stories, poems and journals for herself, which was reflected in her grades (not the best). However, she was not discouraged.At age 12, she moved to the French Alps with her parents and went to an English boarding school where, thankfully, her passion for writing continued to grow. She flourished during her high school years back in the United States at Ashley Hall in Charleston, South Carolina, vacationing with her mother in a rambling old beach cottage on a beautiful stretch of Florida Beach.She went to Smith College and studied English with some wonderful teachers as she read the classics and continued her own creative writing. She graduated with honors and moved into a Greenwich Village apartment in New York. She worked in the theater, where Equity union pay and a flexible schedule afforded her the time to write! She published her first two novels during these years--A Small Rain and Ilsa--before meeting Hugh Franklin, her future husband, when she was an understudy in Anton Chekov's The Cherry Orchard. They married during The Joyous Season.She had a baby girl and kept on writing, eventually moving to Connecticut to raise the family away from the city in a small dairy farm village with more cows than people. They bought a dead general store, and brought it to life for 9 years. They moved back to the city with three children, and Hugh revitalized his professional acting career. The family has kept the country house, Crosswicks, and continues to spend summers there.As the years passed and the children grew, Madeleine continued to write and Hugh to act, and they to enjoy each other and life. Madeleine began her association with the Cathedral Church of St. John the Divine, where she has been the librarian and maintained an office for more than thirty years. After Hugh's death in 1986, it was her writing and lecturing that kept her going. She has now lived through the 20th century and into the 21st and has written over 60 books and keeps writing. She enjoys being with her friends, her children, her grandchildren, and her great grandchildren.""http://us.macmillan.com/author/madele...Copyright © 2007 Crosswicks, Ltd. (Madeleine L'Engle, President)",,2026-10-06T07:03:53+00:00
Quotes to Scrape,https://quotes.toscrape.com/page/10/,Never tell the truth to people who are not worthy of it.,,,,,Mark Twain,truth,"Samuel Langhorne Clemens, better known by his pen name Mark Twain, was an American author and humorist. He is noted for his novels Adventures of Huckleberry Finn (1885), called ""the Great American Novel"", and The Adventures of Tom Sawyer (1876).Twain grew up in Hannibal, Missouri, which would later provide the setting for Huckleberry Finn and Tom Sawyer. He apprenticed with a printer. He also worked as a typesetter and contributed articles to his older brother Orion's newspaper. After toiling as a printer in various cities, he became a master riverboat pilot on the Mississippi River, before heading west to join Orion. He was a failure at gold mining, so he next turned to journalism. While a reporter, he wrote a humorous story, ""The Celebrated Jumping Frog of Calaveras County,"" which proved to be very popular and brought him nationwide attention. His travelogues were also well-received. Twain had found his calling.He achieved great success as a writer and public speaker. His wit and satire earned praise from critics and peers, and he was a friend to presidents, artists, industrialists, and European royalty.However, he lacked financial acumen. Though he made a great deal of money from his writings and lectures, he squandered it on various ventures, in particular the Paige Compositor, and was forced to declare bankruptcy. With the help of Henry Huttleston Rogers, however, he eventually overcame his financial troubles. Twain worked hard to ensure that all of his creditors were paid in full, even though his bankruptcy had relieved him of the legal responsibility.Born during a visit by Halley's Comet, he died on its return. He was lauded as the ""greatest American humorist of his age"", and William Faulkner called Twain ""the father of American literature"".Excerpted from Wikipedia.",,2026-10-06T07:03:53+00:00
Quotes to Scrape,https://quotes.toscrape.com/page/10/,"A person's a person, no matter how small.",,,,,Dr. Seuss,inspirational,"Theodor Seuss Geisel was born 2 March 1904 in Springfield, MA. He graduated Dartmouth College in 1925, and proceeded on to Oxford University with the intent of acquiring a doctorate in literature. At Oxford he met Helen Palmer, who he wed in 1927. He returned from Europe in 1927, and began working for a magazine called Judge, the leading humor magazine in America at the time, submitting both cartoons and humorous articles for them. Additionally, he was submitting cartoons to Life, Vanity Fair and Liberty. In some of his works, he'd made reference to an insecticide called Flit. These references gained notice, and led to a contract to draw comic ads for Flit. This association lasted 17 years, gained him national exposure, and coined the catchphrase ""Quick, Henry, the Flit!"" In 1936 on the way to a vaction in Europe, listening to the rhythm of the ship's engines, he came up with And to Think That I Saw It on Mulberry Street, which was then promptly rejected by the first 43 publishers he showed it to. Eventually in 1937 a friend published the book for him, and it went on to at least moderate success. During WW II, Geisel joined the army and was sent to Hollywood. Captain Geisel would write for Frank Capra's Signal Corps Unit (for which he won the Legion of Merit) and do documentaries (he won Oscar's for Hitler Lives and Design for Death). He also created a cartoon called Gerald McBoing-Boing which also won him an Oscar. In May of 1954, Life published a report concerning illiteracy among school children. The report said, among other things, that children were having trouble to read because their books were boring. This inspired Geisel's publisher, and prompted him to send Geisel a list of 400 words he felt were important, asked him to cut the list to 250 words (the publishers idea of how many words at one time a first grader could absorb), and write a book. Nine months later, Geisel, using 220 of the words given to him published The Cat in the Hat, which went on to instant success. In 1960 Bennett Cerf bet Geisel $50 that he couldn't write an entire book using only fifty words. The result was Green Eggs and Ham. Cerf never paid the $50 from the bet. Helen Palmer Geisel died in 1967. Theodor Geisel married Audrey Stone Diamond in 1968. Theodor Seuss Geisel died 24 September 1991. Also worked under the pen name:Theo Le Sieg",,2026-10-06T07:03:53+00:00
Quotes to Scrape,https://quotes.toscrape.com/page/10/,"... a mind needs books as a sword needs a whetstone, if it is to keep its edge.",,,,,George R.R. Martin,books|mind,"George R. R. Martin was born September 20, 1948, in Bayonne, New Jersey. His father was Raymond Collins Martin, a longshoreman, and his mother was Margaret Brady Martin. He has two sisters, Darleen Martin Lapinski and Janet Martin Patten. Martin attended Mary Jane Donohoe School and Marist High School. He began writing very young, selling monster stories to other neighborhood children for pennies, dramatic readings included. Later he became a comic book fan and collector in high school, and began to write fiction for comic fanzines (amateur fan magazines). Martin's first professional sale was made in 1970 at age 21: ""The Hero,"" sold to Galaxy, published in February, 1971 issue. Other sales followed. In 1970 Martin received a B.S. in Journalism from Northwestern University, Evanston, Illinois, graduating summa cum laude. He went on to complete a M.S. in Journalism in 1971, also from Northwestern. As a conscientious objector, Martin did alternative service 1972-1974 with VISTA, attached to Cook County Legal Assistance Foundation. He also directed chess tournaments for the Continental Chess Association from 1973-1976, and was a Journalism instructor at Clarke College, Dubuque, Iowa, from 1976-1978. He wrote part-time throughout the 1970s while working as a VISTA Volunteer, chess director, and teacher. In 1975 he married Gale Burnick. They divorced in 1979, with no children. Martin became a full-time writer in 1979. He was writer-in-residence at Clarke College from 1978-79. Moving on to Hollywood, Martin signed on as a story editor for Twilight Zone at CBS Television in 1986. In 1987 Martin became an Executive Story Consultant for Beauty and the Beast at CBS. In 1988 he became a Producer for Beauty and the Beast, then in 1989 moved up to Co-Supervising Producer. He was Executive Producer for Doorways, a pilot which he wrote for Columbia Pictures Television, which was filmed during 1992-93. Martin's present home is Santa Fe, New Mexico. He is a member of Science Fiction & Fantasy Writers of America (he was South-Central Regional Director 1977-1979, and Vice President 1996-1998), and of Writers' Guild of America, West. http://us.macmillan.com/author/george...",,2026-10-06T07:03:53+00:00
